packet_count,byte_count,bytes_per_sec,packets_per_sec,fwd_packets,bwd_packets,fwd_byte_ratio,syn_count,fin_count,rst_count,duration
7.0,3477.9095114778547,4791.419648278866,9.643706205484358,4.0,3.0,0.5032506190721379,1.0,0.0,0.0,0.7258620130940024
46.0,11819.668128414847,864.2541597968877,3.363520102149309,25.0,21.0,0.6368083107337266,1.0,1.0,0.0,13.676148381157507
39.0,18175.42711845843,955.9774968725866,2.0512927776078085,26.0,13.0,0.3507035085466405,1.0,0.0,0.0,19.012400582563988
27.0,8440.15448558292,508.70191902039414,1.627334172260952,11.0,16.0,0.5802476113781994,0.0,1.0,0.0,16.591552282397718
27.0,12002.020642316722,2150.860094056429,4.838620451523723,17.0,10.0,0.46504830816943993,1.0,0.0,0.0,5.580102897200269
51.0,2040.0,1831.5093223326253,45.78773305831563,29.0,22.0,0.31408969558823446,1.0,1.0,0.0,1.113835444420146
6.0,1646.396149867769,87.5276563030534,0.31897908523443724,2.0,4.0,0.5143889240018885,1.0,1.0,0.0,18.810010680136703
42.0,33296.9817979204,1776.3694425887084,2.240669050471879,15.0,27.0,0.40080330645327056,1.0,0.0,0.0,18.744401361350043
13.0,8659.03414767961,811.4026639559022,1.2181768141257852,8.0,5.0,0.5421016372162009,1.0,1.0,0.0,10.671685628271744
7.0,5346.655070281324,415.62177357141553,0.5441443999578652,3.0,4.0,0.43972920433554846,0.0,0.0,0.0,12.864232362847126
32.0,24881.416125893913,2681.5132530251003,3.448695350081099,20.0,12.0,0.5665809273051836,0.0,1.0,0.0,9.278871211180626
58.0,36806.65412030794,4369.095448386285,6.8848294435594415,30.0,28.0,0.6674013451724116,1.0,1.0,0.0,8.424319073620236
44.0,18014.75556866361,7404.349769263355,18.084696659126294,22.0,22.0,0.39781782483258366,0.0,0.0,0.0,2.432996296777572
46.0,13457.29129435627,6795.85556353625,23.229738368951697,19.0,27.0,0.675936187595079,0.0,0.0,0.0,1.9802203223038655
43.0,31362.003606867394,6682.710703339053,9.162570218589487,30.0,13.0,0.38172354410013276,1.0,1.0,0.0,4.6930063261899395
47.0,24106.93895924147,1439.9954361385926,2.807481514469451,28.0,19.0,0.3282779528893452,0.0,1.0,0.0,16.74098289081056
31.0,30962.941461567818,10462.735204999175,10.475257712758378,19.0,12.0,0.3770803949552319,1.0,1.0,0.0,2.9593543996768155
9.0,3842.823643180642,840.3953154288915,1.9682292348445611,5.0,4.0,0.6259666798062193,1.0,1.0,0.0,4.572638105698479
50.0,44728.9585478048,4068.173424915509,4.547583441460617,27.0,23.0,0.5710224981058167,0.0,0.0,0.0,10.994850483478041
28.0,13121.965972103771,3022.1938056484278,6.448837524655545,19.0,9.0,0.6883336613045724,1.0,0.0,0.0,4.341867800661574
31.0,23783.50130300394,7194.099501800496,9.376966062084707,17.0,14.0,0.5839309241699723,0.0,1.0,0.0,3.3059733601198524
23.0,19304.78199126929,1710.1798401192102,2.0375333086139458,12.0,11.0,0.46505250601465353,1.0,0.0,0.0,11.288159021874346
12.0,3544.92017236629,479.46696265427556,1.6230558861952273,5.0,7.0,0.6569723896531504,0.0,1.0,0.0,7.393460756382479
55.0,22165.021138800446,1767.2809108948268,4.385308251705817,23.0,32.0,0.683251407283384,0.0,0.0,0.0,12.541877752517362
47.0,13789.99527843381,755.6784334169835,2.575554643310366,28.0,19.0,0.6166619683840424,1.0,1.0,0.0,18.24849654115309
39.0,9906.432991585856,3234.951189426176,12.735471636943283,17.0,22.0,0.5226558343340404,0.0,1.0,0.0,3.0623129721295994
25.0,15835.33425262475,866.5973261767895,1.368138670696434,15.0,10.0,0.630306312522225,1.0,0.0,0.0,18.273001513270625
49.0,22573.04197155959,1250.2602322661342,2.7139785350254186,33.0,16.0,0.3716178829337126,0.0,0.0,0.0,18.054674850087228
33.0,16845.6177330549,1015.3897450466557,1.9891144461143542,16.0,17.0,0.6601400091717545,0.0,1.0,0.0,16.590297287551262
27.0,16503.69132885571,1305.2428231464837,2.135374173130427,9.0,18.0,0.6998235929946144,1.0,0.0,0.0,12.6441540502564
28.0,3598.633731196477,289.700146690176,2.254078829141629,16.0,12.0,0.5660560665821381,0.0,0.0,0.0,12.421925816437671
15.0,11360.298011871164,887.3643492789952,1.171665146924482,5.0,10.0,0.3783556158320034,1.0,0.0,0.0,12.802292565733206
7.0,3011.2681713241154,217.8071641233247,0.5063149683519729,4.0,3.0,0.3577746648781287,0.0,1.0,0.0,13.825386246795372
34.0,20620.32888241743,54433.06642380071,89.75241224146052,17.0,17.0,0.6837657622401387,0.0,1.0,0.0,0.3788199018933324
53.0,33079.5560958226,1726.1348184058693,2.7656098259149293,26.0,27.0,0.6485411285473301,1.0,1.0,0.0,19.16394695425496
5.0,3870.7965607638403,329.91256961012283,0.42615591446249995,3.0,2.0,0.5994715406259068,0.0,1.0,0.0,11.732795041238317
51.0,24430.45464461306,1562.0252108439893,3.2608187981720307,26.0,25.0,0.6796477014461645,1.0,1.0,0.0,15.640243496078313
50.0,3763.625409570693,496.73199446758434,6.599115751589173,21.0,29.0,0.5013615011473564,0.0,1.0,0.0,7.576772689274194
18.0,9205.659408432819,30961.66632433885,60.53993191705278,7.0,11.0,0.6550985612009457,1.0,1.0,0.0,0.29732441762012934
38.0,20525.37212202817,2008.509388009709,3.7184883319341844,18.0,20.0,0.3651281255953516,0.0,1.0,0.0,10.219206464535057
11.0,3224.6261098917425,317.1209346243451,1.0817782161370972,7.0,4.0,0.373123887242945,1.0,1.0,0.0,10.168442880352783
45.0,23827.41588989645,2717.562613333339,5.1323365557175284,16.0,29.0,0.5049372182641559,0.0,0.0,0.0,8.767936301813464
42.0,17967.44514829915,2631.6845310677245,6.151723263521837,18.0,24.0,0.4330038643378097,0.0,0.0,0.0,6.827355230533431
22.0,5091.882623156954,1011.492217201878,4.370255645179154,8.0,14.0,0.47300770720586305,0.0,0.0,0.0,5.034030451803955
5.0,3171.484895009284,299.9176152831457,0.47283468976173026,2.0,3.0,0.6192787945202133,0.0,0.0,0.0,10.574520246218796
58.0,22460.788249585567,2980.1496081671507,7.695574854853281,20.0,38.0,0.32136298837690364,0.0,0.0,0.0,7.536798886885207
27.0,11305.552240419827,582.7561872599924,1.3917424572826975,16.0,11.0,0.5883375337120919,0.0,1.0,0.0,19.400141066843684
53.0,21596.6642187569,6170.652165747779,15.14329071711876,18.0,35.0,0.33529170738134617,0.0,1.0,0.0,3.4998997899502817
41.0,30630.924499206005,4765.732221193234,6.379011546778078,23.0,18.0,0.6390004201121681,0.0,0.0,0.0,6.427328074160385
47.0,23115.38807933011,3908.2498174042857,7.946556674177401,19.0,28.0,0.38075992261427,0.0,1.0,0.0,5.914511394945191
46.0,23727.718349021558,2179.0503244099827,4.224439680564254,22.0,24.0,0.5939755681391983,1.0,1.0,0.0,10.889018065907342
13.0,5354.345998595368,534.8654427686581,1.2986181240092884,5.0,8.0,0.5367517595950756,1.0,0.0,0.0,10.010641126634251
23.0,13629.187382372565,1057.1307435263218,1.783966014918259,14.0,9.0,0.454248842829139,1.0,0.0,0.0,12.892622285214248
29.0,22326.044681013896,1174.898207085219,1.5261121480441304,20.0,9.0,0.4070145001675661,1.0,1.0,0.0,19.002535322955445
30.0,18887.16490491904,3290.354754528398,5.226334557503832,12.0,18.0,0.32298372650656365,0.0,1.0,0.0,5.740160655602653
4.0,2549.493569067885,183.80301721816156,0.2883757299068009,3.0,1.0,0.4413520827652028,0.0,0.0,0.0,13.87079280663718
33.0,20501.11935883668,37305.145819353434,60.04890711043202,14.0,19.0,0.3802115026404704,1.0,1.0,0.0,0.5495520499534131
10.0,2239.5147133776736,423.77729844462783,1.892272892485175,5.0,5.0,0.35436500158079287,0.0,1.0,0.0,5.284650031035809
45.0,14614.930514707756,1571.2937086796135,4.838080948754788,26.0,19.0,0.5953992490356537,0.0,1.0,0.0,9.301208573532026
41.0,18819.103372487163,28157.724475290328,61.34546798731609,16.0,25.0,0.38500599640528016,1.0,1.0,0.0,0.6683460301986325
55.0,19515.495532574518,1577.3276606827453,4.445340431799242,26.0,29.0,0.3892632190864673,1.0,0.0,0.0,12.372505738045097
45.0,12919.166777196016,951.1768975372231,3.313136297979197,15.0,30.0,0.4361925807016174,0.0,1.0,0.0,13.582296637614078
23.0,2887.99159199536,193.21161910532868,1.5387396735293886,13.0,10.0,0.4850612638487076,1.0,0.0,0.0,14.947297711019031
58.0,13380.261127643964,1292.0720992591969,5.600801138492362,27.0,31.0,0.50548509771588,0.0,1.0,0.0,10.355661371618094
25.0,11217.372213286999,927.1554679772687,2.0663383775369675,16.0,9.0,0.5658185075361652,0.0,1.0,0.0,12.098696066323601
20.0,9722.294532724462,1222.6991607996888,2.515248137534163,8.0,12.0,0.5354088191351709,0.0,1.0,0.0,7.95150176300582
54.0,18435.019217789784,21116.908915415705,61.85581191757297,36.0,18.0,0.49267355189065665,0.0,1.0,0.0,0.8729979985059226
23.0,11863.055978342838,5803.731212918943,11.252228611314575,8.0,15.0,0.4575760858549881,0.0,1.0,0.0,2.044039522701535
6.0,2479.3996309099484,189.01942102889586,0.4574157840610593,3.0,3.0,0.40631448477169374,0.0,1.0,0.0,13.117168687819209
29.0,20825.326806768317,1045.9034459993882,1.456457332718759,12.0,17.0,0.5839770454732158,1.0,1.0,0.0,19.911328226736238
48.0,22448.392665361564,61456.206798577114,131.40797964049642,18.0,30.0,0.42700052815749906,0.0,1.0,0.0,0.36527462130775873
12.0,7671.194115364116,686.5346129146943,1.0739417137778025,4.0,8.0,0.639832557410358,1.0,0.0,0.0,11.173790761686336
28.0,15137.997068850278,1007.0095842547022,1.8626155250849938,16.0,12.0,0.5344649823551946,0.0,0.0,0.0,15.032624620007029
9.0,1976.2721293607012,119.45438087551216,0.5439986790824132,4.0,5.0,0.5535777114112722,0.0,0.0,0.0,16.54415781887688
41.0,19756.60295895516,1808.0805588801438,3.7522292201799843,22.0,19.0,0.5035160923510933,0.0,1.0,0.0,10.92683777939167
29.0,7333.380223893636,590.5765476723682,2.335446868920878,20.0,9.0,0.6714224258608191,0.0,1.0,0.0,12.417323804672897
21.0,10045.892479488932,720.1530765021035,1.5054127482871034,9.0,12.0,0.46863822744709777,1.0,0.0,0.0,13.949662658227341
15.0,5264.607548307932,306.3244595360514,0.8727843150469177,5.0,10.0,0.470787381367525,1.0,1.0,0.0,17.18637668138394
34.0,19597.348627696698,7871.444527109704,13.656393985025757,12.0,22.0,0.6572057983087319,1.0,0.0,0.0,2.489676267196232
40.0,9261.16530027039,499.86495048552507,2.1589721564344866,14.0,26.0,0.5419627683840685,1.0,1.0,0.0,18.527334815683524
56.0,28164.6604431297,49494.41874218921,98.41011416271851,27.0,29.0,0.47965948628965616,1.0,1.0,0.0,0.5690472008538217
27.0,16591.04414584125,991.5647068509135,1.6136565516695016,16.0,11.0,0.40486044580669234,1.0,0.0,0.0,16.732185031607617
11.0,7496.710252479789,4741.837664813696,6.957747139246433,5.0,6.0,0.39801777802076704,1.0,0.0,0.0,1.5809715098659602
50.0,17358.322421157773,4413.694456113928,12.71348218170596,18.0,32.0,0.6205737255020944,1.0,0.0,0.0,3.932832821518199
38.0,19134.90738877453,149856.48122652786,297.5998875201642,21.0,17.0,0.41178643104948803,0.0,0.0,0.0,0.1276882203035956
42.0,22546.83457245722,2524.0299425826574,4.7017357247110185,18.0,24.0,0.30229507612134626,0.0,0.0,0.0,8.932871275444013
7.0,5665.976791359875,843.0927718788579,1.0415943482422148,4.0,3.0,0.30778425571932944,0.0,0.0,0.0,6.720466573011976
20.0,4074.6797569994524,1212.1400400969483,5.949621135328457,13.0,7.0,0.6913610446386258,0.0,1.0,0.0,3.361558584166195
46.0,14617.856585346348,1615.3668726512224,5.083294921393953,19.0,27.0,0.5239351746491777,1.0,1.0,0.0,9.049248708037931
50.0,53044.62492736079,6567.1240032096075,6.190187990020304,25.0,25.0,0.49560985274375813,0.0,0.0,0.0,8.077299119285067
27.0,12025.274666637735,782.6489923203887,1.757259054653998,17.0,10.0,0.667150427643332,1.0,1.0,0.0,15.364837602339893
48.0,5846.459424928564,327.2037113275468,2.6863742655520353,28.0,20.0,0.4406749595961171,1.0,0.0,0.0,17.867949606097145
50.0,19174.49856651834,1467.205927456893,3.8259303688359885,30.0,20.0,0.6179990238620932,1.0,0.0,0.0,13.068716672753283
24.0,960.0,379.14882788946056,9.478720697236515,15.0,9.0,0.5887239251120555,0.0,0.0,0.0,2.531987255094151
54.0,29601.943694526457,4980.937709211019,9.086249169074968,28.0,26.0,0.49083859292873516,0.0,1.0,0.0,5.9430463544615195
18.0,11915.225137001587,652.1493496572181,0.985183927190478,9.0,9.0,0.6098527589834764,1.0,0.0,0.0,18.270700021803982
15.0,4765.01287149374,2617.7748460054213,8.240612092569645,9.0,6.0,0.6863113550370549,1.0,0.0,0.0,1.8202531355073888
41.0,16640.063837537644,2037.5320592928786,5.020342184178176,24.0,17.0,0.38024295031482824,1.0,0.0,0.0,8.166773995846988
38.0,26019.771580803736,1380.141988720658,2.015597846757308,22.0,16.0,0.3070037658004086,1.0,1.0,0.0,18.85296715370795
10.0,1499.5690703078594,78.85926133979135,0.5258794869888964,5.0,5.0,0.6285817625057197,1.0,1.0,0.0,19.01576358731624
50.0,11784.287878004545,1427.792215306503,6.058033502268249,32.0,18.0,0.46143482913792544,1.0,0.0,0.0,8.253503382125404
13.0,5906.900527539337,441.98215490178814,0.9727213090748938,5.0,8.0,0.5177609974060032,1.0,0.0,0.0,13.364567917571009
48.0,16777.585560318545,1831.1993880411137,5.238988071910903,17.0,31.0,0.3889849282930128,0.0,0.0,0.0,9.16207468716228
2.0,882.4532410105649,58.512152736066554,0.13261247172498297,1.0,1.0,0.6367155047411508,0.0,0.0,0.0,15.081537761755017
48.0,11867.996933697392,17451.716398912315,70.58329993070002,19.0,29.0,0.5884824996290845,0.0,1.0,0.0,0.6800475473253204
47.0,25514.54676766217,8720.13414949093,16.063240658678836,27.0,20.0,0.6813466512779192,0.0,0.0,0.0,2.9259351209811006
47.0,22097.208999308106,1796.0441369449761,3.820123819214318,18.0,29.0,0.49010074863987363,0.0,0.0,0.0,12.303266130694805
40.0,24393.52395386426,5201.823733496387,8.529843811553679,23.0,17.0,0.690626005104331,1.0,0.0,0.0,4.689417635739118
29.0,15662.317102785697,1174.2853845517548,2.174280850560994,15.0,14.0,0.5043421571895594,1.0,1.0,0.0,13.337743370419513
42.0,22736.1966089666,3221.8403231673747,5.951624007318089,15.0,27.0,0.5485688363451089,1.0,1.0,0.0,7.0568974028529015
18.0,3793.293523691591,213.84427401758165,1.0147374328603167,7.0,11.0,0.5696509759286761,1.0,1.0,0.0,17.73857888465004
47.0,28130.360585461796,1715.8701328236373,2.866863224085012,24.0,23.0,0.4959085822880699,1.0,1.0,0.0,16.39422474192173
34.0,14750.108467729793,1492.6065719839812,3.440559339511497,20.0,14.0,0.5251120763875697,0.0,1.0,0.0,9.882114111372205
28.0,13067.04947716214,844.7108667006567,1.8100416860712025,13.0,15.0,0.38932282588059597,1.0,1.0,0.0,15.469256987542412
31.0,21999.239133623018,4029.754503838468,5.678486826758687,12.0,19.0,0.44494522325316327,0.0,0.0,0.0,5.459200830390053
34.0,12107.838215685113,1221.7203509293972,3.43071084958737,14.0,20.0,0.5807972980368992,1.0,1.0,0.0,9.91048254739666
4.0,3080.9474627672007,772.2123906518812,1.0025648278446222,1.0,3.0,0.3155955840071737,1.0,1.0,0.0,3.989766934672399
10.0,7888.950598746187,458.00276280056323,0.5805623410461651,3.0,7.0,0.5801652479869099,0.0,0.0,0.0,17.22467906199383
16.0,10408.910199565991,631.9844848762314,0.9714515318271572,11.0,5.0,0.42151025781699536,1.0,0.0,0.0,16.470198950539878
8.0,2431.006702772125,134.69758831005097,0.44326521405787206,3.0,5.0,0.4087343345496888,0.0,1.0,0.0,18.047885884759573
27.0,1694.016473614569,96.49400343369534,1.5379650276662857,9.0,18.0,0.5773953857410443,0.0,0.0,0.0,17.555665775423975
40.0,28630.679314079527,1491.6515951005897,2.0839905036651363,26.0,14.0,0.38597806508830246,1.0,0.0,0.0,19.19394542808692
39.0,20368.803478382422,4422.8972893516075,8.46848929873475,22.0,17.0,0.6846733743557256,1.0,1.0,0.0,4.605307821056923
29.0,10177.854669235518,546.0253336673562,1.5558027885991335,14.0,15.0,0.6962716134852286,1.0,1.0,0.0,18.639894601366542
51.0,37470.33590630714,3273.74695621973,4.455820603922121,29.0,22.0,0.48324016314058343,0.0,0.0,0.0,11.445703167472354
34.0,11141.399610030896,1314.0338175750871,4.010012328911436,23.0,11.0,0.4605673343369172,1.0,1.0,0.0,8.478776924167136
6.0,2491.013690122869,221.82846389209632,0.5343088994773562,2.0,4.0,0.3316149825594931,1.0,1.0,0.0,11.229459224559067
46.0,27828.991351716344,4042.022770991511,6.6812715242064336,18.0,28.0,0.6112874735176723,0.0,0.0,0.0,6.884917015173042
35.0,9704.780178695857,1671.3267452858543,6.027590013158416,23.0,12.0,0.3650895986184952,1.0,1.0,0.0,5.806632488870994
38.0,18167.94508698629,3735.0163423252143,7.812144980007846,23.0,15.0,0.6732191441904323,1.0,0.0,0.0,4.864221042651699
34.0,24406.13285061086,14403.670856022496,20.065645471257344,24.0,10.0,0.696237095582084,0.0,1.0,0.0,1.69443838966968
34.0,18435.553056623685,1851.615443591111,3.414865010490086,14.0,20.0,0.3489639120326846,0.0,0.0,0.0,9.956469698086389
7.0,5246.396871553153,295.3911677282022,0.39412538256666024,5.0,2.0,0.5732023528370829,1.0,1.0,0.0,17.760845430492054
34.0,24708.49603444079,1957.646381704894,2.693809323124705,15.0,19.0,0.48639679662709084,0.0,0.0,0.0,12.621531787023974
48.0,24074.288010447544,2305.2014448565124,4.596176190344398,28.0,20.0,0.5164583416842079,1.0,1.0,0.0,10.443463873477683
19.0,760.0,88.36768780045419,2.209192195011355,12.0,7.0,0.37182987186191274,0.0,0.0,0.0,8.600428719105784
36.0,10038.439474449791,1077.6856253083297,3.8648121164496363,13.0,23.0,0.5894083597779656,0.0,1.0,0.0,9.31481244502798
3.0,1958.0004674306938,463.4229501468174,0.7100452086534871,1.0,2.0,0.366645088386048,1.0,1.0,0.0,4.2250830840604205
22.0,4178.893750744737,253.7650400405388,1.335959039374216,12.0,10.0,0.654119991097495,1.0,0.0,0.0,16.46757075000229
27.0,11735.86002163047,2928.298661503371,6.7369637772491595,17.0,10.0,0.48158984573726427,0.0,0.0,0.0,4.007740117466485
58.0,32926.37511879278,2295.060853783006,4.042762953382002,19.0,39.0,0.5539472397470179,1.0,0.0,0.0,14.346623996709894
14.0,11114.797948132229,730.6742331591934,0.9203441494811608,9.0,5.0,0.6687164428193315,0.0,1.0,0.0,15.211700979348244
18.0,6929.929092764109,601.6275067145461,1.5626848378822877,8.0,10.0,0.5951758019210147,1.0,1.0,0.0,11.518637388453298
25.0,9282.561454584353,537.640111018783,1.4479842488768557,12.0,13.0,0.5163391533799877,0.0,1.0,0.0,17.26538118034883
59.0,28881.139955353094,4931.505879632603,10.074354660103872,26.0,33.0,0.4610710591373439,1.0,1.0,0.0,5.856454531390468
51.0,29079.312292063045,1648.6493801891131,2.891441088604905,34.0,17.0,0.4848540487974816,0.0,0.0,0.0,17.63826356379512
4.0,1876.6025380831247,128.5191154712576,0.27393998007172005,1.0,3.0,0.4366692238442157,0.0,1.0,0.0,14.601738669006119
15.0,10647.805046657433,666.1098344477949,0.9383762637402447,8.0,7.0,0.678473530100962,1.0,0.0,0.0,15.985059063847126
49.0,16668.390436320973,1252.4746788562002,3.6818947515306464,18.0,31.0,0.4011431376590595,1.0,0.0,0.0,13.308365205069917
5.0,2620.1609333790434,154.72285872398072,0.29525449515890073,3.0,2.0,0.46373851303878894,1.0,0.0,0.0,16.93454318894989
51.0,30041.169644519592,1512.4701519698158,2.5676755819836234,32.0,19.0,0.6112895698604304,1.0,0.0,0.0,19.862322311216836
18.0,7559.161884338917,896.4585760173885,2.1346618335749774,7.0,11.0,0.44573666905042564,1.0,0.0,0.0,8.432248947766542
55.0,36736.809302159636,2255.505350767181,3.3767982753173476,23.0,32.0,0.6546443585752477,1.0,0.0,0.0,16.28761789000593
19.0,10066.042456720928,675.3754114757536,1.2747942275438662,9.0,10.0,0.39722905605881953,0.0,0.0,0.0,14.90436620238477
27.0,17759.76685102228,1954.896687459072,2.9720103312255315,12.0,15.0,0.31253793668376156,1.0,0.0,0.0,9.084759805954759
40.0,21552.832864390657,1162.3394257787495,2.157190997753531,25.0,15.0,0.5515004449007475,0.0,0.0,0.0,18.542632544663615
9.0,5177.528228677011,653.827599800241,1.1365362269991515,5.0,4.0,0.5033013830940521,1.0,1.0,0.0,7.918797294973264
34.0,12699.736053424383,1120.7912438900935,3.0006058497560626,16.0,18.0,0.6732232319563289,0.0,0.0,0.0,11.331045029710939
31.0,11589.215427814415,5356.573830108935,14.328302875002533,18.0,13.0,0.46925293035838467,1.0,1.0,0.0,2.163550021969683
47.0,35009.3269113305,7687.236104662029,10.320109776294595,23.0,24.0,0.35423610318327753,1.0,1.0,0.0,4.554215121622011
59.0,36999.02324533992,2199.457154924586,3.5073350796333536,21.0,38.0,0.43189821489853997,1.0,0.0,0.0,16.821888602148526
40.0,11816.278670220785,1484.2283653933625,5.0243512591959885,14.0,26.0,0.45728472398416925,1.0,1.0,0.0,7.961226820435504
25.0,13404.317123274157,1694.1803716256222,3.159766282841791,11.0,14.0,0.5332527255303219,0.0,0.0,0.0,7.911977583834401
25.0,1000.0,201.72184469810512,5.0430461174526275,14.0,11.0,0.40980019643567034,0.0,0.0,0.0,4.957321312902874
26.0,10015.511148763035,1016.0165314466459,2.637551835871637,9.0,17.0,0.5201253280695219,1.0,1.0,0.0,9.857626169234216
49.0,33918.07123087508,2103.3095296402826,3.038562135530808,25.0,24.0,0.6632183462263854,1.0,1.0,0.0,16.12604837894492
20.0,9499.417645155361,530.4411221052466,1.116786611389316,8.0,12.0,0.4694921399194294,0.0,1.0,0.0,17.908524149586107
11.0,5759.407873265269,3975.3421969674223,7.592579850027158,6.0,5.0,0.5606277975750524,0.0,1.0,0.0,1.4487829192814685
21.0,840.0,72.93139483112728,1.823284870778182,7.0,14.0,0.3915594348503184,0.0,0.0,0.0,11.517673588240303
3.0,1264.647829118309,134.93745598884263,0.3200988912848221,1.0,2.0,0.6205308180184089,1.0,0.0,0.0,9.372103689452075
8.0,4541.23555812354,369.0584320429593,0.6501462913682566,3.0,5.0,0.40786825214402356,0.0,1.0,0.0,12.304922916907989
7.0,4151.405825557676,462.6475481768112,0.7801050953149425,3.0,4.0,0.5319211174022227,1.0,0.0,0.0,8.97314995381997
46.0,31853.672544276153,3980.2343036471107,5.747870287586887,14.0,32.0,0.420098987893074,1.0,0.0,0.0,8.002964176025632
43.0,19691.783334748518,2080.699627814124,4.543523685745955,21.0,22.0,0.3269609400247388,1.0,0.0,0.0,9.464020212968313
42.0,19608.491173957147,1681.5614919687114,3.601785677242044,25.0,17.0,0.42786509622441227,0.0,0.0,0.0,11.660882618690461
28.0,6540.1423953047715,651.1093114254309,2.787563269723349,10.0,18.0,0.3848122642845397,1.0,0.0,0.0,10.044615060083947
43.0,19741.114763110498,2084.7531190346376,4.540999087143985,26.0,17.0,0.6570695073610515,0.0,0.0,0.0,9.46928179786189
11.0,2724.534862724843,166.47719389513563,0.6721327584757112,6.0,5.0,0.4064648458552573,0.0,1.0,0.0,16.36581443366371
54.0,7043.002706101499,471.8715610329734,3.617926239571907,27.0,27.0,0.6897692727075687,0.0,0.0,0.0,14.925677425195262
31.0,8771.887905314416,1278.607489139097,4.5186204601746205,17.0,14.0,0.49693832468994603,1.0,1.0,0.0,6.8605009589147965
56.0,44897.270967404475,2802.3114659555445,3.4953002423564152,24.0,32.0,0.3884259866270596,1.0,1.0,0.0,16.021513494430643
10.0,4458.877596973447,261.05335060594825,0.5854687529057615,6.0,4.0,0.4565376532662782,0.0,1.0,0.0,17.08033084663978
30.0,16319.264178140196,5243.693890304933,9.639577801544954,18.0,12.0,0.37337244699903493,1.0,1.0,0.0,3.1121694972151004
42.0,16686.631489936328,1429.321160709981,3.5975798222681474,26.0,16.0,0.6334733015381815,1.0,0.0,0.0,11.674515111528638
30.0,4256.693883288616,741.3293200946998,5.224683806874789,12.0,18.0,0.34798770772259013,1.0,1.0,0.0,5.741974272304314
27.0,18555.01087462042,1254.0145402939945,1.8247573562055641,15.0,12.0,0.6494111005981653,0.0,1.0,0.0,14.796487822438115
11.0,721.1640923177044,149.812827307984,2.2851125256272935,4.0,7.0,0.3183668193808353,0.0,1.0,0.0,4.81376732070573
24.0,9336.995151400039,694.4843570246823,1.785116549631403,12.0,12.0,0.41984317261173315,0.0,0.0,0.0,13.444500307251985
15.0,7336.155357449817,1427.340643463409,2.9184373297396586,5.0,10.0,0.3559546880971107,0.0,1.0,0.0,5.139736888349796
19.0,10375.86064503345,1012.5440201618806,1.854143674557197,7.0,12.0,0.5741062183682949,1.0,0.0,0.0,10.247318080427366
41.0,14542.949242863268,766.4067621572277,2.1606812155977604,23.0,18.0,0.5049286923972164,0.0,0.0,0.0,18.975497034928033
38.0,5031.492728782195,657.1028623898776,4.962723811161898,25.0,13.0,0.6757358291391483,0.0,0.0,0.0,7.657085392205868
37.0,12571.909636717759,717.5345004236768,2.111753686022144,12.0,25.0,0.4464723044322596,0.0,1.0,0.0,17.52098279496599
22.0,7705.464854473486,390.3567731998091,1.1145140718421467,12.0,10.0,0.3162996374001974,0.0,1.0,0.0,19.7395443950177
57.0,19686.734155232087,1124.745785701089,3.256533525542814,32.0,25.0,0.6046636252780533,0.0,1.0,0.0,17.50327443366301
7.0,4858.0820262906445,1446.2764373610503,2.0839366249353786,5.0,2.0,0.5318002598702869,0.0,1.0,0.0,3.3590272929806897
21.0,5402.868331815603,329.399375229062,1.2803175008127128,12.0,9.0,0.6309741220977656,0.0,1.0,0.0,16.402181479726504
8.0,4481.566839101054,6482.056231294048,11.57105354268333,3.0,5.0,0.47045542882944325,1.0,1.0,0.0,0.6913804322561969
21.0,11164.847556315246,1413.9210686277352,2.659448979613462,8.0,13.0,0.5952724645425802,1.0,0.0,0.0,7.8963725798011914
57.0,39449.18788317704,2264.4447333123044,3.2718886427024323,32.0,25.0,0.36842628245978726,1.0,1.0,0.0,17.421130797691383
23.0,10887.593390010117,789.4934335107474,1.667801902614065,9.0,14.0,0.6998106219327364,0.0,1.0,0.0,13.7906066445604
54.0,35544.21444573363,3328.679855087196,5.05704556923423,36.0,18.0,0.3694587899476436,1.0,0.0,0.0,10.678171525390669
30.0,13966.679171435411,1793.3848594240885,3.852135867254496,20.0,10.0,0.6319202510635464,1.0,1.0,0.0,7.787887300398279
42.0,24648.897223312324,1516.3584004136908,2.5837688493885786,29.0,13.0,0.38497526758509043,1.0,0.0,0.0,16.255324082082208
28.0,5583.529911415453,393.04883106785144,1.9710411593568278,12.0,16.0,0.6130031938376672,1.0,1.0,0.0,14.205690158767007
17.0,680.0,72.38134311842575,1.8095335779606436,10.0,7.0,0.6445009668109891,0.0,1.0,0.0,9.394686126332683
46.0,26473.431052805852,1482.6848694749767,2.576300135022363,26.0,20.0,0.6506563624839071,1.0,0.0,0.0,17.855062527332713
58.0,34001.72426205506,7331.966764686131,12.506838449553772,18.0,40.0,0.4902873787652705,0.0,1.0,0.0,4.637462955481716
17.0,10116.707932716401,2932.9651873304324,4.928521067942851,7.0,10.0,0.4715251892466504,0.0,0.0,0.0,3.4493106077145663
47.0,18565.634361306016,1442.1102964496183,3.650787396437989,18.0,29.0,0.6335164520522945,0.0,1.0,0.0,12.873935098454952
17.0,13565.055657515268,697.744730685463,0.8744277001975522,8.0,9.0,0.5317956891803256,0.0,0.0,0.0,19.441287136900318
43.0,17545.050784661613,3521.1449820736357,8.629740437202532,29.0,14.0,0.5485107325954113,1.0,0.0,0.0,4.982768637470067
47.0,27456.262784920276,5457.498952268957,9.342220125366774,30.0,17.0,0.39442684848344856,0.0,0.0,0.0,5.030924059729838
28.0,17329.96286002284,6117.172793021273,9.88350867154541,12.0,16.0,0.4784628056810426,1.0,1.0,0.0,2.8330020168456884
44.0,37124.91340579218,2156.138321526863,2.5554291564322,23.0,21.0,0.44777955522671475,0.0,0.0,0.0,17.21824292770896
17.0,7422.099292714566,1625.2899357369963,3.7226568680710197,6.0,11.0,0.5661286236352137,0.0,0.0,0.0,4.566630931206115
6.0,2216.168512525017,219.67467214879886,0.5947417921713273,2.0,4.0,0.3785933120076784,0.0,1.0,0.0,10.088411608161513
7.0,1402.5964618185476,70.77420118643748,0.35321592617075503,2.0,5.0,0.46230077068891545,0.0,0.0,0.0,19.81790593614398
27.0,21882.781835977356,74886.92700946008,92.39899407721329,15.0,12.0,0.639492823599263,1.0,1.0,0.0,0.2922109733947691
54.0,31551.237796124235,2829.2259483217963,4.842225278025204,30.0,24.0,0.5185782708354129,1.0,0.0,0.0,11.151897505690343
9.0,5315.509990609744,517.5680492960087,0.8763246521769296,6.0,3.0,0.6584175909299247,1.0,0.0,0.0,10.27016640196367
28.0,31453.543751413952,1946.5542871922244,1.7328260520384813,18.0,10.0,0.3930109775826722,1.0,0.0,0.0,16.158575159382586
42.0,23730.375825964915,3324.575363555315,5.884110993157672,15.0,27.0,0.4759613346393078,1.0,0.0,0.0,7.1378667140779
13.0,3113.964346739916,378.0775984801222,1.5783767034414602,8.0,5.0,0.500166489278042,1.0,1.0,0.0,8.236310110035879
43.0,19815.229255060403,5827.386937167409,12.645709775687113,15.0,28.0,0.4602269629224745,0.0,0.0,0.0,3.40036271294733
19.0,5795.826846375117,390.83712426596196,1.2812503820223096,9.0,10.0,0.5737974249390121,0.0,1.0,0.0,14.829263871133945
48.0,20199.663412005386,1286.1978390242348,3.0563626241648394,24.0,24.0,0.3594879246373881,1.0,1.0,0.0,15.704942738303558
35.0,14681.872780717751,5288.033768923709,12.60610173352025,11.0,24.0,0.507760156068743,0.0,0.0,0.0,2.7764332495376634
33.0,12625.639018957472,1598.2896592936424,4.177496178806905,12.0,21.0,0.3555089401904037,1.0,0.0,0.0,7.899468626067018
12.0,2656.1219871470475,148.6902750937945,0.6717625582558581,5.0,7.0,0.5516789955150219,0.0,0.0,0.0,17.863454657485526
28.0,22918.00914856486,220344.05295401416,269.2045998724432,10.0,18.0,0.6320992533097868,0.0,0.0,0.0,0.10401010983195381
51.0,28548.250053271615,4749.932385999277,8.485513165743123,34.0,17.0,0.3079988186774256,0.0,1.0,0.0,6.010243458921514
3.0,1364.716779179857,122.69219606311675,0.26970913951138664,1.0,2.0,0.48277448868157374,1.0,1.0,0.0,11.123093586798328
45.0,29318.740465641684,4366.044277298657,6.701242596307403,23.0,22.0,0.4970814367241181,1.0,0.0,0.0,6.7151725002160685
30.0,17826.403649096344,3254.5960032834537,5.477149627061938,21.0,9.0,0.5881016842612549,0.0,1.0,0.0,5.477301524094504
43.0,23870.94030158161,2586.8652630455317,4.659858593990442,23.0,20.0,0.3298879727900143,0.0,0.0,0.0,9.227747823819092
40.0,25479.98458213461,6940.154082142858,10.895067946012768,19.0,21.0,0.4624083125080384,0.0,0.0,0.0,3.67138600678839
27.0,14223.247616296745,1339.7905100472728,2.543325177706141,18.0,9.0,0.6141924924690223,0.0,0.0,0.0,10.616023557141702
19.0,12046.841536568047,851.4521206811943,1.3428906028053746,7.0,12.0,0.5128578246043497,1.0,0.0,0.0,14.148583630198857
38.0,24723.65348667109,2144.822193672076,3.296569554474567,14.0,24.0,0.5999384752453045,1.0,1.0,0.0,11.527134304938619
10.0,5325.437470065606,2791.7958080596586,5.242378346853944,5.0,5.0,0.44560391210866324,1.0,0.0,0.0,1.9075311506276915
35.0,15957.23854552719,944.4415256822973,2.07150211514171,16.0,19.0,0.668035072754342,1.0,1.0,0.0,16.895951852603186
7.0,5642.556922035472,1593.5789651746895,1.9769499732753784,4.0,3.0,0.33093810328780593,1.0,1.0,0.0,3.540807857875389
39.0,15772.36798976722,1030.3350271365543,2.547687581496675,12.0,27.0,0.33646576232111897,0.0,0.0,0.0,15.307999412192016
38.0,21973.983363247826,3033.708718552172,5.246246408732314,21.0,17.0,0.5113943619636185,0.0,1.0,0.0,7.243273959978215
6.0,3496.69009288688,223.201216117748,0.38299284784509846,4.0,2.0,0.48832953961426095,1.0,1.0,0.0,15.666088893719241
45.0,17013.97932962728,4084.8473911095552,10.80394709777497,31.0,14.0,0.5553870109859607,1.0,1.0,0.0,4.165144422936648
26.0,8799.323596380234,2331.6205211372103,6.8894083602636815,9.0,17.0,0.3916224538956872,0.0,1.0,0.0,3.773908968723824
47.0,20173.7910038234,2024.3295078019044,4.716192749724512,19.0,28.0,0.3904113163907502,0.0,1.0,0.0,9.965665632038771
4.0,1606.2265174595136,2271.6542662586094,5.657120565663599,3.0,1.0,0.5996438271078814,1.0,0.0,0.0,0.7070734932322918
12.0,2500.4866520667233,550.2005865967922,2.640448823713747,7.0,5.0,0.41670608028186923,1.0,0.0,0.0,4.544681908707551
30.0,11091.029504884347,765.2128815821244,2.069815650328406,9.0,21.0,0.5909166940640009,0.0,1.0,0.0,14.494044431077748
12.0,6638.935163122949,396.21713124585335,0.7161699064874854,4.0,8.0,0.5562827940318319,0.0,0.0,0.0,16.755800392193237
21.0,15816.963053424115,9518.726335773967,12.637903520169104,13.0,8.0,0.33333086133166945,1.0,0.0,0.0,1.6616680105593182
40.0,24435.130681389062,1384.6266889236338,2.266616384381738,21.0,19.0,0.5844518558944296,0.0,1.0,0.0,17.64745030329018
10.0,400.0,25.061921396340065,0.6265480349085016,5.0,5.0,0.6518061498423702,0.0,1.0,0.0,15.960468220860923
41.0,25758.690461010086,1480.367348958171,2.356294525110146,27.0,14.0,0.6266585029390489,0.0,1.0,0.0,17.40020169935396
7.0,2718.587499745995,194.4118713710628,0.5005846233474518,3.0,4.0,0.30354474635591006,0.0,1.0,0.0,13.983649663847856
12.0,7087.392179250631,525.0171482787799,0.8889314461516784,4.0,8.0,0.5158855624554495,0.0,0.0,0.0,13.499353692514596
36.0,17898.226133683478,1700.445496725614,3.4202293246768676,20.0,16.0,0.6653348847093686,1.0,0.0,0.0,10.525610005230034
48.0,22150.198789566453,1694.3334098266814,3.671660215979152,31.0,17.0,0.5394902696796665,1.0,1.0,0.0,13.073105128601734
11.0,5275.081398483289,286.9037947588324,0.5982735628031379,4.0,7.0,0.4161304282612406,1.0,1.0,0.0,18.386237808103772
19.0,9414.787628574837,4580.482548607429,9.243880144401642,11.0,8.0,0.3778178567999189,0.0,1.0,0.0,2.0554139282633326
55.0,42288.45469299268,6660.122185188316,8.66209755936188,20.0,35.0,0.5739790117419847,0.0,1.0,0.0,6.349501333029519
59.0,29268.009792395966,19571.023298197502,39.45230245527829,22.0,37.0,0.6085015738851491,0.0,0.0,0.0,1.495476723237643
35.0,25098.752932268402,1328.0562271307904,1.8519632459434974,23.0,12.0,0.6650339059669601,0.0,0.0,0.0,18.898863180283566
27.0,18575.49167556655,2079.412954828997,3.022485259662476,9.0,18.0,0.662286633413242,0.0,1.0,0.0,8.93304604668779
22.0,13935.000409368073,1030.457331790065,1.6268432460282558,7.0,15.0,0.43571206644628635,0.0,1.0,0.0,13.523122189989959
37.0,5279.020731040386,313.6608691659766,2.1984100367141273,23.0,14.0,0.5415507726023135,1.0,1.0,0.0,16.830345286861213
36.0,26039.755124363568,1313.7819081953962,1.816305432564632,16.0,20.0,0.3406076743435975,0.0,1.0,0.0,19.820454949125946
19.0,7759.975082284765,2367.607306733853,5.796995267502641,9.0,10.0,0.33778502006551897,1.0,0.0,0.0,3.277560032955701
3.0,1929.4363686448635,120.58768925429388,0.18749676000819107,2.0,1.0,0.3285874267202186,1.0,1.0,0.0,16.00027648407866
10.0,3054.934333519173,172.06935872655188,0.5632505970376596,4.0,6.0,0.6708576984351649,1.0,0.0,0.0,17.75408681782789
57.0,14990.155906342883,14623.632569739024,55.60629667116538,32.0,25.0,0.3609729704909974,0.0,1.0,0.0,1.0250637681749686
26.0,23277.221431522237,1542.1397192715522,1.7225265832958252,11.0,15.0,0.4929304793954514,0.0,0.0,0.0,15.09410667570219
29.0,8949.498212338936,1255.757940005213,4.069164482310529,10.0,19.0,0.4732289459177629,1.0,0.0,0.0,7.126770157871178
29.0,21147.418506500137,1628.0387047089362,2.2325714328700275,17.0,12.0,0.42990844385066174,0.0,1.0,0.0,12.98950598983512
47.0,24613.151021503298,2388.4062520189027,4.5607770312227265,20.0,27.0,0.5150922609405745,1.0,0.0,0.0,10.305261510975352
5.0,2079.8799416398283,397.54136481040166,0.9556834431918467,3.0,2.0,0.30111635618943544,1.0,0.0,0.0,5.231857929128406
6.0,2946.205338803752,1072.2573829560945,2.183671386716304,4.0,2.0,0.45205973532783894,1.0,0.0,0.0,2.7476661719795215
17.0,4076.278711793542,1710.4961310525093,7.133573605691525,11.0,6.0,0.4917376241878616,1.0,1.0,0.0,2.3830973001297053
30.0,14917.473722344617,7065.569664538824,14.20931545658854,13.0,17.0,0.6213217544821201,1.0,1.0,0.0,2.111291011284409
40.0,11338.077488832323,887.5963846895096,3.131382319670213,16.0,24.0,0.5803853717206582,0.0,1.0,0.0,12.773911300684826
30.0,12627.337234116087,1788.4109139566349,4.248902711946514,20.0,10.0,0.6399047216071829,0.0,1.0,0.0,7.060646485420785
27.0,18496.61764543571,4230.857018530292,6.175893435765889,13.0,14.0,0.45051929410604846,1.0,1.0,0.0,4.371837092207155
56.0,30846.93557744576,2226.715944846736,4.042414281261403,33.0,23.0,0.3563622111189554,1.0,1.0,0.0,13.853107599482765
11.0,2239.2249024628527,162.8213538348907,0.7998459155281342,7.0,4.0,0.4604225855732212,0.0,0.0,0.0,13.752648837041013
35.0,23460.41688839709,2170.9728265281283,3.238819211523228,14.0,21.0,0.6852238535700029,0.0,0.0,0.0,10.806407432522105
33.0,16453.141571399658,879.7338384779978,1.764478628217642,11.0,22.0,0.3857310376229074,1.0,1.0,0.0,18.702408446473726
29.0,11355.325443225836,1467.283243657939,3.747247428427047,16.0,13.0,0.3699021451896253,0.0,1.0,0.0,7.739013917256354
48.0,31168.09251752574,1863.511127382886,2.869875147607504,26.0,22.0,0.6777349104636302,0.0,1.0,0.0,16.725466276822395
17.0,7931.496754278192,5120.295068592162,10.974601498653493,7.0,10.0,0.679969233924085,1.0,1.0,0.0,1.5490311882473164
57.0,15211.460725074874,1027.1330472239677,3.848846915487663,30.0,27.0,0.35969474177196625,0.0,0.0,0.0,14.809630326068163
21.0,18260.800788088338,923.6843045687395,1.06224095104288,13.0,8.0,0.6077811446204796,1.0,1.0,0.0,19.769525905947003
33.0,16385.90287691948,967.3114823815775,1.9480939902039258,15.0,18.0,0.47189700167430815,1.0,1.0,0.0,16.939634414941946
32.0,15479.13469131381,1332.7639057611866,2.7552215181828186,13.0,19.0,0.49688628640196864,0.0,1.0,0.0,11.614311150235684
51.0,21367.927248347984,1702.0834962678432,4.062455721641005,30.0,21.0,0.4994752585832585,1.0,1.0,0.0,12.553982983326856
27.0,19871.814993070984,2799.5859134840443,3.8038206218418367,17.0,10.0,0.6873486244473375,0.0,0.0,0.0,7.098126511267088
18.0,7110.437370688655,522.6060870094734,1.3229720023902622,12.0,6.0,0.3738644457000354,0.0,0.0,0.0,13.605730104249174
3.0,573.0120847130373,37.16179193589363,0.19456025236101684,1.0,2.0,0.6092254941011273,0.0,0.0,0.0,15.419387894467475
23.0,8378.082755278498,419.6456895010303,1.1520357509530064,15.0,8.0,0.3022696433438433,0.0,0.0,0.0,19.964658198301183
49.0,37502.39108445697,3797.8507911504,4.962208632171652,30.0,19.0,0.5514440427635223,1.0,0.0,0.0,9.874635194158639
2.0,1332.852864582847,1047.003923854661,1.5710720240412281,1.0,1.0,0.5610711906796237,0.0,1.0,0.0,1.2730161121801733
53.0,23796.83408180547,1993.4744271393868,4.439840370159504,23.0,30.0,0.601482483780275,0.0,0.0,0.0,11.937366117083156
33.0,25563.483934827127,10543.678584729429,13.61087534794283,10.0,23.0,0.6703849451224502,1.0,0.0,0.0,2.424531792144263
10.0,6495.884457643765,1316.8055951079314,2.0271382653034022,5.0,5.0,0.6015340422622557,1.0,0.0,0.0,4.933062618944396
19.0,8486.960418188495,1284.121039021014,2.874798342302977,8.0,11.0,0.5928575943358034,1.0,0.0,0.0,6.609159230549458
34.0,15871.812985312657,1084.581326216796,2.323349268637105,14.0,20.0,0.40151500652838995,1.0,1.0,0.0,14.634045969310792
20.0,11317.270927781738,3044.75543815208,5.380723776220267,13.0,7.0,0.6971358836685917,1.0,0.0,0.0,3.7169720713760857
8.0,2668.980880537895,795.1035832803267,2.383242500021461,3.0,5.0,0.4873635243695703,0.0,0.0,0.0,3.3567712895049326
40.0,20036.040524074808,21156.563245037065,42.23701428356738,27.0,13.0,0.4669800409116892,0.0,0.0,0.0,0.947036637851608
40.0,22468.106916906323,1286.012883065111,2.2894904102444684,20.0,20.0,0.5007510293108374,1.0,0.0,0.0,17.471136730259925
8.0,1300.8540182263364,93.68479888235886,0.5761433493365807,5.0,3.0,0.45762258230147335,0.0,0.0,0.0,13.88543321590341
18.0,8318.446838755568,9821.859306405117,21.253182347888906,7.0,11.0,0.5374550284903817,1.0,0.0,0.0,0.8469319890716486
16.0,7030.2202068297975,11441.82913092638,26.04033169785662,9.0,7.0,0.43984983591401056,0.0,0.0,0.0,0.6144314974803858
40.0,28224.544159682584,2521.049754265824,3.57284743378357,21.0,19.0,0.39597793957783833,1.0,1.0,0.0,11.195552214677368
44.0,5768.4264544628995,1014.396248346323,7.7375407798961096,29.0,15.0,0.6711979607182957,0.0,0.0,0.0,5.686561305669885
44.0,18642.747026607343,1559.450387157233,3.6805636496052987,16.0,28.0,0.6711313919883247,0.0,1.0,0.0,11.95469069111698
56.0,22604.347949516625,2592.136712738803,6.421758160755842,21.0,35.0,0.4984981651122754,0.0,0.0,0.0,8.720353304835259
46.0,31832.652868078727,1723.4707800651374,2.490513631130527,31.0,15.0,0.6848589375777213,0.0,0.0,0.0,18.47008561808958
20.0,9825.813722540428,1696.5072938757137,3.453163965410669,7.0,13.0,0.46628686393774293,1.0,1.0,0.0,5.791789848479289
8.0,6873.751433043792,505.4619203922136,0.5882807085078293,4.0,4.0,0.4549515473866474,1.0,1.0,0.0,13.598950100355925
37.0,23400.37902610726,20737.96601766594,32.79026984125239,12.0,25.0,0.6667624542856697,1.0,0.0,0.0,1.1283835167910539
55.0,22987.54706391529,1202.3141853076293,2.8766566527545225,18.0,37.0,0.5531668012092694,1.0,1.0,0.0,19.11941765706906
58.0,31780.04088008392,1620.0989123025424,2.9567531793967703,31.0,27.0,0.6050069479987529,0.0,1.0,0.0,19.616111484771626
15.0,6437.793571891626,435.146619820469,1.0138876347023253,8.0,7.0,0.4650975326256085,1.0,1.0,0.0,14.794538848877428
15.0,10078.188271471261,1080.077200731601,1.607546671541679,8.0,7.0,0.462800665790406,0.0,1.0,0.0,9.330988807693284
4.0,934.2418293671903,210.4684335698928,0.9011304223552217,2.0,2.0,0.3333214819512402,0.0,1.0,0.0,4.438869114578863
10.0,3352.608046857333,206.19124849482643,0.6150174598790512,6.0,4.0,0.6866975538455092,0.0,1.0,0.0,16.259700987946896
34.0,20098.691446173463,1363.5231446018643,2.3066072256803416,24.0,10.0,0.3911835867368424,1.0,1.0,0.0,14.740264238083094
33.0,24589.9925615759,5491.309831128498,7.36938915184556,14.0,19.0,0.49770682545357237,1.0,1.0,0.0,4.477983089240933
23.0,1370.9444577596853,151.4563699951312,2.5409464914286444,10.0,13.0,0.3458441087384282,0.0,1.0,0.0,9.05174511843745
19.0,14722.99062076358,1586.0439810485143,2.046787668085799,8.0,11.0,0.5587814453417466,1.0,1.0,0.0,9.282838809444861
50.0,23598.648715719937,1427.030598995635,3.023543034574342,30.0,20.0,0.4563501800991068,0.0,0.0,0.0,16.536890471955548
28.0,3450.300213151886,251.9809714050836,2.044885013903499,12.0,16.0,0.607064749636971,1.0,0.0,0.0,13.692701452464826
48.0,1920.0,149.05452278198285,3.7263630695495715,27.0,21.0,0.511351461795186,0.0,1.0,0.0,12.8811924936241
57.0,11064.998849785614,850.2343874512027,4.379879360372237,27.0,30.0,0.3517917260739751,0.0,0.0,0.0,13.014057080137405
20.0,9921.180576618393,1821.777943643098,3.6725023389586284,11.0,9.0,0.3042962034379784,0.0,0.0,0.0,5.445878083680454
13.0,6328.6651016969,847.7056772489614,1.7413109442750678,8.0,5.0,0.38497947292012175,1.0,1.0,0.0,7.465639633599203
57.0,35718.48495568613,37169.48522400357,59.31552417177559,29.0,28.0,0.5897385979281822,1.0,0.0,0.0,0.9609625944622875
38.0,14823.897450536677,941.2311730924376,2.4127787376333845,19.0,19.0,0.6314056510403454,1.0,0.0,0.0,15.74947565945187
18.0,5011.054032793785,576.7579079596843,2.071748234070886,7.0,11.0,0.43653401426384575,0.0,1.0,0.0,8.688314392637787
38.0,15860.543453777213,1803.7989992911132,4.32169062635356,19.0,19.0,0.5143700284931417,0.0,1.0,0.0,8.792855223897092
31.0,15708.38377885178,3176.71112365718,6.269139220163039,13.0,18.0,0.3960053161834224,1.0,1.0,0.0,4.944857485425853
54.0,29492.346185517,6975.36143791235,12.771771878638821,34.0,20.0,0.6521772963679843,0.0,1.0,0.0,4.228074265115606
16.0,5474.672962328301,464.85954690240425,1.3585748046720396,7.0,9.0,0.6860828583636727,1.0,1.0,0.0,11.777047494902133
59.0,40137.07106395724,8559.046270895538,12.581479330620814,21.0,38.0,0.6011760094907759,0.0,1.0,0.0,4.6894326533133315
56.0,21040.356156690825,15808.327823428954,42.07468502525833,22.0,34.0,0.3355546882367324,0.0,1.0,0.0,1.330966588731015
12.0,3912.6783304202304,254.70226278282897,0.7811598335674276,6.0,6.0,0.47484743224756754,1.0,0.0,0.0,15.361772948818922
11.0,4306.738679169762,569.6318404639659,1.4549176794519496,7.0,4.0,0.6962022726999907,1.0,1.0,0.0,7.560565216407
32.0,22878.977124496687,2996.3169621319016,4.190840450011166,13.0,19.0,0.39175393172530587,0.0,0.0,0.0,7.635699898791123
4.0,1893.7628376474725,218.8107061673511,0.46217129582956396,2.0,2.0,0.5681886680701915,0.0,1.0,0.0,8.654799716240037
19.0,6860.848688334867,420.6491734745623,1.1649191898963784,9.0,10.0,0.6754253925710626,1.0,0.0,0.0,16.310144226991472
27.0,18500.981852422134,2868.0597628825744,4.185594808725864,19.0,8.0,0.6092813553053549,0.0,1.0,0.0,6.450696073999351
58.0,53855.88306340546,3549.4966982283213,3.8226243223023078,37.0,21.0,0.5435440622657115,0.0,0.0,0.0,15.17282241459383
59.0,31974.25508484558,1701.3084981933187,3.1393132108019075,21.0,38.0,0.502682063558225,1.0,0.0,0.0,18.79391957355189
10.0,7467.684921730866,564.2665913087029,0.7556111394934386,5.0,5.0,0.6715257449348132,1.0,1.0,0.0,13.234320508699748
53.0,37482.42627609277,4327.206615698829,6.118652750564283,33.0,20.0,0.45789334684307814,0.0,0.0,0.0,8.662037569481642
7.0,2652.1043476783334,177.1801572574481,0.4676516977500783,4.0,3.0,0.6605075999538212,1.0,0.0,0.0,14.968404976775961
45.0,22739.707624286093,2475.7297313847553,4.899264306869539,22.0,23.0,0.47242117160302827,0.0,0.0,0.0,9.185052526540142
51.0,12418.044777019331,1492.9439105133451,6.131411248982169,30.0,21.0,0.6026180095035312,1.0,1.0,0.0,8.31782405860741
53.0,24327.611976566666,2310.4463716163464,5.033525601017422,28.0,25.0,0.6662855597069907,1.0,1.0,0.0,10.52939911327503
14.0,5246.666966447973,821.2596407598651,2.191416959407676,5.0,9.0,0.5202571634512878,0.0,0.0,0.0,6.388560579445411
53.0,22229.40885393827,10437.36232790979,24.88506136235894,17.0,36.0,0.4239519393337032,0.0,1.0,0.0,2.1297918147860235
8.0,2800.167949791461,336.30409510894305,0.9608112117246077,4.0,4.0,0.3203946878634697,1.0,0.0,0.0,8.326297510246995
32.0,14162.58042754837,5617.96535496076,12.693653693860398,10.0,22.0,0.62370398540191,0.0,1.0,0.0,2.5209447785295733
29.0,17586.949580336506,2134.7770521187886,3.520140558125164,13.0,16.0,0.5488039682773668,0.0,0.0,0.0,8.238307397431162
20.0,9522.032358240016,853.1654265787103,1.7919817838896805,13.0,7.0,0.40521825913019827,1.0,0.0,0.0,11.160827738208335
3.0,381.3760813467687,20.48461011991341,0.1611370858464061,2.0,1.0,0.6509646612646358,1.0,1.0,0.0,18.617688065052654
46.0,16135.690802933928,20883.96237554344,59.536482262062336,14.0,32.0,0.6681211055103204,1.0,1.0,0.0,0.7726355043538067
21.0,4118.522719255341,330.85565701983705,1.6870050916394657,7.0,14.0,0.6548664318051503,1.0,1.0,0.0,12.448095209713786
40.0,21952.481807854143,2390.864669902254,4.356436216786845,23.0,17.0,0.5406071593424734,1.0,1.0,0.0,9.181816973669042
25.0,15016.586820270935,33060.92577678023,55.04067963725149,12.0,13.0,0.6906326428677173,1.0,0.0,0.0,0.45420950767257634
23.0,12680.121820529159,2521.657919143774,4.573941241353662,8.0,15.0,0.6499222524807071,1.0,1.0,0.0,5.028486109977471
53.0,18153.513431026495,7520.779661418241,21.957254917602345,33.0,20.0,0.3417041619782637,1.0,0.0,0.0,2.413780784478291
7.0,3845.595500783703,878.9845765019909,1.599984198613719,3.0,4.0,0.6924423903837377,0.0,0.0,0.0,4.375043207342322
44.0,17862.9945492339,3231.555792239277,7.959945039821237,15.0,29.0,0.5195225490679403,0.0,1.0,0.0,5.527676357045317
45.0,12255.970952247728,1521.3353470878699,5.585856141932081,27.0,18.0,0.6680143614231887,0.0,1.0,0.0,8.056061390874817
24.0,15561.263614602867,1467.4434836085484,2.263225177520647,13.0,11.0,0.6041365739330726,1.0,1.0,0.0,10.604335900103361
17.0,11281.294362660825,161738.1088342105,243.72627482198462,8.0,9.0,0.5590266701421674,0.0,1.0,0.0,0.06975037883140273
2.0,1379.5581924334024,420.68759309193797,0.6098874196091536,1.0,1.0,0.4306689526625454,0.0,1.0,0.0,3.2792937445433785
56.0,21186.495679636493,11053.923455259095,29.217654625605842,37.0,19.0,0.31081200943373366,0.0,1.0,0.0,1.9166493928955741
56.0,41208.85790216248,3740.8239447979954,5.0835221254140786,18.0,38.0,0.4106945009768334,1.0,1.0,0.0,11.015984315291737
15.0,6019.253246015797,909.9340157516424,2.267558728370342,8.0,7.0,0.5743281291494382,1.0,0.0,0.0,6.6150436645053325
3.0,1892.1007929231077,172.1572991232642,0.27296214837048655,1.0,2.0,0.645245962748632,0.0,0.0,0.0,10.990534833892626
9.0,3580.357208819985,800.0128047624354,2.01100471906124,4.0,5.0,0.3009386388461918,1.0,0.0,0.0,4.475374878384822
5.0,2276.017836254229,4267.195155368153,9.374256843239234,2.0,3.0,0.38318950951472885,0.0,0.0,0.0,0.533375614047318
50.0,2000.0,106.21196796177466,2.6552991990443666,23.0,27.0,0.5692270861608347,0.0,0.0,0.0,18.830269680341424
53.0,23299.719927180693,10539.297233206607,23.973796899950106,20.0,33.0,0.41345404172816247,1.0,1.0,0.0,2.2107470177204305
10.0,5182.179933570055,2007.949331736421,3.8747194375266027,6.0,4.0,0.35668114162144615,0.0,0.0,0.0,2.58083202183625
45.0,18809.55344372545,6325.496139197453,15.133125149169288,20.0,25.0,0.33277443928940925,0.0,0.0,0.0,2.973609188877303
12.0,10214.851363404334,520.4630840414887,0.6114192743785936,8.0,4.0,0.5551515987298223,0.0,1.0,0.0,19.62646665366579
23.0,6152.656007503728,497.2919482085168,1.8589881824770549,10.0,13.0,0.5379439268113378,1.0,0.0,0.0,12.372321791391423
36.0,13942.215092851733,1140.4409485304793,2.9447167378838444,23.0,13.0,0.6434454288598677,1.0,1.0,0.0,12.22528453649182
43.0,13718.095554121663,695.1281156844376,2.178910976126718,22.0,21.0,0.4259350668981059,1.0,0.0,0.0,19.734629120294667
52.0,20136.7194184471,11098.564864203781,28.66034734584901,24.0,28.0,0.3546874473342211,0.0,1.0,0.0,1.8143534470293627
4.0,2825.130450352564,144.94320507314993,0.205219840457366,2.0,2.0,0.6196620354760738,1.0,1.0,0.0,19.491292806218667
13.0,10342.882665250105,2510.3704696745745,3.155292113620851,8.0,5.0,0.6952743699409332,1.0,0.0,0.0,4.120062273753116
18.0,6477.146600691809,518.9906331590713,1.4422757384965634,9.0,9.0,0.44415581624728745,0.0,0.0,0.0,12.480276496062608
19.0,6752.571337651828,800.9533807108546,2.2536769287650738,9.0,10.0,0.646139845695972,0.0,0.0,0.0,8.430667127790695
59.0,15845.8819465918,2055.2806104776855,7.652559600462308,31.0,28.0,0.6050181883043448,1.0,1.0,0.0,7.709838678869705
47.0,35779.082633281454,1920.6838077652392,2.5230423007267304,25.0,22.0,0.6646341179034992,0.0,1.0,0.0,18.628304403165277
20.0,14484.01762766521,4784.794109397878,6.606998461889025,9.0,11.0,0.46974899063237174,0.0,1.0,0.0,3.027093182383116
58.0,27770.61112013007,1392.6020529459074,2.908503479504427,35.0,23.0,0.3405206019295297,1.0,1.0,0.0,19.94152677097106
30.0,6623.404822158719,869.9501808056172,3.9403458077717817,14.0,16.0,0.34734248254597144,0.0,1.0,0.0,7.6135449687763925
31.0,7398.692094171238,569.4341805721593,2.385889204883079,15.0,16.0,0.6052793681832168,1.0,1.0,0.0,12.99305933257666
27.0,14421.399032076803,744.9170060477993,1.3946468798592127,15.0,12.0,0.6453327357993471,0.0,0.0,0.0,19.359739293093035
10.0,6098.675836892998,5085.870690310185,8.33930319684151,7.0,3.0,0.4828066963748204,0.0,1.0,0.0,1.199140955060547
56.0,4859.178183763137,263.2111083224626,3.033398140309153,23.0,33.0,0.32382835569485835,0.0,0.0,0.0,18.461144040357553
2.0,871.4760357848469,76.59417385120766,0.17578033292040518,1.0,1.0,0.32668241614391585,0.0,1.0,0.0,11.37783713781915
12.0,9883.91013493772,700.8514472346906,0.8508998212243744,4.0,8.0,0.5394401400249694,0.0,0.0,0.0,14.102717735600173
15.0,6847.472380109143,2262.7113260469187,4.956671309737038,9.0,6.0,0.667449740085988,1.0,1.0,0.0,3.0262244685326496
18.0,14362.697126846246,1343.428179475625,1.6836466728356791,9.0,9.0,0.45983340548236656,1.0,0.0,0.0,10.691079245079093
9.0,5668.28303212023,420.290037284484,0.6673291213804236,4.0,5.0,0.5602479260796622,1.0,1.0,0.0,13.486598608768611
3.0,849.4322394987854,92.81248064071644,0.32779241118331426,1.0,2.0,0.5168031075827085,1.0,0.0,0.0,9.152133782384253
41.0,18100.09539451478,5760.776143685189,13.049203152966282,27.0,14.0,0.6559031377808245,1.0,0.0,0.0,3.1419543032158312
58.0,27507.146832881448,5590.684024333603,11.788197277652076,28.0,30.0,0.6329550446568941,1.0,1.0,0.0,4.920175547957253
9.0,2785.4791774316877,162.93986476915558,0.5264655341184521,5.0,4.0,0.37973942406776146,1.0,0.0,0.0,17.095136180320296
19.0,5814.501513318423,7881.971833174827,25.75585619632127,7.0,12.0,0.5710172394238874,1.0,0.0,0.0,0.7376963070136175
31.0,24841.965271135075,1750.4451837154988,2.1843602188041,11.0,20.0,0.6390012743238153,1.0,1.0,0.0,14.191798464894207
55.0,16749.03318337753,837.9615072757426,2.7516742247490122,18.0,37.0,0.6720997527250155,0.0,1.0,0.0,19.98783122846481
42.0,30058.863041832912,150832.96057913732,210.75262678789184,19.0,23.0,0.5359708562100888,1.0,0.0,0.0,0.19928577232999395
46.0,18984.34279904185,5818.31117940057,14.098055280898862,23.0,23.0,0.37036449406420663,0.0,0.0,0.0,3.262861372257801
35.0,17320.524690817794,1283.0798779553934,2.592750308092337,14.0,21.0,0.5232928336337782,0.0,0.0,0.0,13.499178802818033
26.0,15921.590974840576,12769.788236491107,20.85309782630522,11.0,15.0,0.5663276046633403,1.0,1.0,0.0,1.2468171499776979
13.0,4943.747450447835,418.3833511483055,1.100174234109648,4.0,9.0,0.40899562460802696,0.0,0.0,0.0,11.816310177924386
52.0,31906.204860343147,2329.6339058119393,3.7967838429066614,23.0,29.0,0.6892005928502758,1.0,1.0,0.0,13.69580206604307
48.0,4354.274884335532,369.5224360430439,4.073485804461977,17.0,31.0,0.39173050052322955,1.0,1.0,0.0,11.7835196448757
3.0,1763.824433048782,240.4526077953109,0.4089737106878948,1.0,2.0,0.6645410086924153,0.0,0.0,0.0,7.335434825270291
43.0,1720.0,123.2022693308041,3.0800567332701028,13.0,30.0,0.47007230300985703,0.0,0.0,0.0,13.960781804933447
6.0,2727.783927961851,229.10667733198758,0.5039402314460555,3.0,3.0,0.3002216659331616,0.0,1.0,0.0,11.906173838875718
44.0,29517.338270802727,7040.742475212135,10.495277930116329,30.0,14.0,0.5173156293399914,0.0,1.0,0.0,4.192361583273699
49.0,30598.49399937208,2711.537712794813,4.342218539568399,27.0,22.0,0.5513143463669385,0.0,1.0,0.0,11.28455409452294
9.0,2162.861137868506,122.58303862591919,0.5100869992608588,3.0,6.0,0.647745341283319,1.0,1.0,0.0,17.644048981921603
27.0,7183.812261095008,537.9793251816449,2.0219684551848713,19.0,8.0,0.5162252953881054,0.0,1.0,0.0,13.353324049524478
9.0,3260.390327419257,344.56853030057107,0.9511489304287718,6.0,3.0,0.3376517528610926,0.0,1.0,0.0,9.46224057250725
34.0,18266.267864035315,2825.1453548049753,5.258597036808649,17.0,17.0,0.6707254237225111,0.0,0.0,0.0,6.46560285224555
55.0,5148.734909519261,2919.7276131798467,31.189218623004507,19.0,36.0,0.5261419163701893,1.0,0.0,0.0,1.7634298782795785
6.0,2984.1317089817303,605.2623309736701,1.2169616960644194,4.0,2.0,0.4086124767888716,1.0,1.0,0.0,4.930311298542622
25.0,14057.146869000322,51458.25792602021,91.51618462402762,17.0,8.0,0.6595434465953975,0.0,1.0,0.0,0.2731757240831939
58.0,25716.76870189659,1303.224290668837,2.9392109768914345,35.0,23.0,0.3483653889468137,0.0,1.0,0.0,19.73318705462304
19.0,11496.219678601596,2561.24898557232,4.233020252427323,10.0,9.0,0.3389931356053446,1.0,1.0,0.0,4.488520929968362
9.0,4902.703484987167,300.65438861934325,0.5519178359164366,5.0,4.0,0.5140036375202326,1.0,1.0,0.0,16.306775056573183
30.0,11750.074443606629,3441.263300282572,8.786148505182473,21.0,9.0,0.5499536911224838,1.0,0.0,0.0,3.414465392009323
31.0,3495.6259663911615,612.4250450519841,5.431123518118145,10.0,21.0,0.5043836669565892,0.0,0.0,0.0,5.707842934631199
40.0,21067.30465256658,2509.6160678710917,4.7649494973536655,14.0,26.0,0.6715968188449729,0.0,1.0,0.0,8.394632518605917
20.0,6187.698539080088,948.7580583483741,3.0665943156610984,13.0,7.0,0.405128333890439,1.0,1.0,0.0,6.521892999625021
57.0,21906.894076578385,1371.1434389909348,3.5676064233150417,20.0,37.0,0.6960940303504246,0.0,0.0,0.0,15.97709871455923
32.0,19066.39499496375,995.3232108917226,1.6704963238697281,15.0,17.0,0.307739733778395,1.0,0.0,0.0,19.15598348990769
18.0,14102.400180363664,805.2934878872192,1.0278592719382147,7.0,11.0,0.34741359786406106,0.0,1.0,0.0,17.512124948834426
57.0,28066.1145927611,9013.233844227138,18.305146137095015,23.0,34.0,0.3742705224109648,0.0,0.0,0.0,3.113878445607743
55.0,33594.713200904574,2161.1350806558457,3.5381290123015847,17.0,38.0,0.33183029082181065,1.0,1.0,0.0,15.544939093168342
30.0,6333.123953082657,2109.957558792002,9.994866235477566,16.0,14.0,0.47528714657160576,1.0,0.0,0.0,3.001540920428993
3.0,1647.314148597021,90.15534035978393,0.16418606087351428,1.0,2.0,0.6461488702848478,1.0,1.0,0.0,18.271953075913924
36.0,17568.67724872443,1692.2772938745056,3.467647661630612,19.0,17.0,0.6283037307520521,0.0,0.0,0.0,10.38167758458814
34.0,25358.747548258038,3750.8486267481157,5.028988638604758,14.0,20.0,0.5979027424190468,0.0,1.0,0.0,6.760802706731299
10.0,3919.0830479424867,1231.386539388114,3.1420271638147357,7.0,3.0,0.3029637607741831,1.0,0.0,0.0,3.182658671817146
38.0,17163.554109565983,60098.306770534946,133.057270230966,20.0,18.0,0.6462824107024912,0.0,0.0,0.0,0.285591309171142
50.0,35588.14467132795,7122.554203810143,10.006919817807361,34.0,16.0,0.45859963678208593,0.0,1.0,0.0,4.99654248363465
8.0,3852.745932168561,210.70872789083168,0.43752426264398275,4.0,4.0,0.5926551018095516,1.0,1.0,0.0,18.284700262462174
43.0,11963.96412092949,749.8388361276807,2.6950156008145303,13.0,30.0,0.5907674737854913,0.0,1.0,0.0,15.95538073583094
10.0,10103.266546580246,520.8571579534507,0.515533422336314,6.0,4.0,0.37100841088741443,0.0,1.0,0.0,19.397384469626854
45.0,12792.6651299694,6209.4518273990625,21.842620704449423,28.0,17.0,0.5061579390337303,1.0,0.0,0.0,2.060192346371392
26.0,12663.559575942476,1067.3968256082435,2.19151000154306,8.0,18.0,0.6704723835784296,1.0,0.0,0.0,11.863965932938106
2.0,1138.6752624102453,219.81503088735568,0.38608906005751104,1.0,1.0,0.40521945203275195,0.0,1.0,0.0,5.180151956913993
58.0,32104.36310476093,2950.3111986019208,5.3300558855670115,33.0,25.0,0.586011139200614,0.0,1.0,0.0,10.881687030159528
11.0,5082.563851185922,788.8413338700608,1.707259353081416,4.0,7.0,0.6832204157175482,0.0,1.0,0.0,6.443074966990929
36.0,16669.725332210583,2921.87956344728,6.310101827583807,19.0,17.0,0.44425247025175696,0.0,1.0,0.0,5.705137727354982
12.0,5436.163520908907,472.7833059204173,1.0436403631391198,5.0,7.0,0.45505346907666083,0.0,0.0,0.0,11.49821377539072
56.0,15501.540783776636,4181.471717534614,15.105751063597786,17.0,39.0,0.4810250036834294,1.0,0.0,0.0,3.707197329297329
44.0,40921.92908692001,4349.134528262917,4.676268287282036,28.0,16.0,0.6236156966677775,0.0,0.0,0.0,9.409212067593732
48.0,21888.08718995158,1679.345030022631,3.6827595185244055,24.0,24.0,0.47571388869446435,0.0,1.0,0.0,13.033704687628495
27.0,16723.427361244718,6414.245089096831,10.355808870073892,17.0,10.0,0.4944983824029501,1.0,1.0,0.0,2.6072323599969405
29.0,12559.01342544669,674.6587938017184,1.5578536591582595,17.0,12.0,0.38892699590811086,1.0,0.0,0.0,18.615355703994236
38.0,16303.796090098323,1607.9950707677137,3.7478273373575184,27.0,11.0,0.6953380261408763,0.0,1.0,0.0,10.13920775410979
47.0,19218.829570905287,1171.9096470375043,2.865926523129484,22.0,25.0,0.6569416615879593,1.0,0.0,0.0,16.39958303909263
51.0,9691.572962509643,740.0738495399657,3.8944933368963115,24.0,27.0,0.540101725211383,1.0,1.0,0.0,13.095413340890213
3.0,1403.6273159275383,98.74603128740507,0.21105181589206715,1.0,2.0,0.6842240285839675,1.0,0.0,0.0,14.214518777389783
40.0,16743.93876544456,1167.898305901869,2.7900204898315293,22.0,18.0,0.574799106698952,0.0,1.0,0.0,14.33681227280712
8.0,5874.439214695643,335.5242003830805,0.45692763257296093,4.0,4.0,0.6836422530076651,1.0,0.0,0.0,17.508242946376377
18.0,4691.879576695745,381.7196352504338,1.464435163390676,11.0,7.0,0.36461434669585185,1.0,0.0,0.0,12.291428429186137
50.0,19228.52822445145,3433.4007835972193,8.927882424280465,22.0,28.0,0.3901829627612323,1.0,0.0,0.0,5.600432176841722
16.0,5124.990506386937,2518.1538684383777,7.861568103356036,6.0,10.0,0.6540729854553575,1.0,1.0,0.0,2.03521737516587
48.0,37848.29178251336,3116.4452168397806,3.952341396750239,31.0,17.0,0.4679497566506482,1.0,0.0,0.0,12.144699858030323
28.0,9131.31270881384,6647.053379802201,20.38233719176159,18.0,10.0,0.4484630816410272,1.0,0.0,0.0,1.3737384352230921
15.0,9186.89953417841,1888.8299881988348,3.0840056231785393,7.0,8.0,0.6017341425536042,1.0,1.0,0.0,4.863804361206127
21.0,14574.678188305115,11557.039002233334,16.65201906424551,12.0,9.0,0.5521302640677439,0.0,1.0,0.0,1.2611083328081387
32.0,15064.813366941387,1369.490216792373,2.9090096153148344,16.0,16.0,0.43762863990689704,1.0,0.0,0.0,11.000307400681013
46.0,10333.338791347693,3180.7165248188403,14.15931124451057,28.0,18.0,0.45914423502109075,1.0,1.0,0.0,3.248745592610217
37.0,8405.261445148692,687.399289898648,3.0259348733202964,17.0,20.0,0.46335350332006164,1.0,1.0,0.0,12.227626022697791
56.0,37629.35752571609,2377.4279522530687,3.5380876549695555,29.0,27.0,0.3505325312276177,1.0,1.0,0.0,15.827759360722188
52.0,12889.822204481483,783.7416004802825,3.1617630234500287,17.0,35.0,0.3918215717880713,0.0,0.0,0.0,16.446520379398653
45.0,26028.239499539213,4180.979345793385,7.228459326418642,17.0,28.0,0.5150121126410014,1.0,1.0,0.0,6.225392987345667
36.0,18823.313590708294,1710.9547833147617,3.2722385409196018,22.0,14.0,0.6127308609113997,0.0,0.0,0.0,11.001642927255196
18.0,10357.676943519698,918.0657310735415,1.5954526530838329,8.0,10.0,0.4676193137716883,0.0,1.0,0.0,11.282064663722862
25.0,14857.924039229436,1566.6141395560303,2.6359909624986857,8.0,17.0,0.45334111983438363,0.0,1.0,0.0,9.484099283975624
8.0,2506.1267449313573,191.02271556454724,0.60977830734504,3.0,5.0,0.5602064614122069,1.0,1.0,0.0,13.11952213392406
23.0,7012.5703765321905,1653.4252917801437,5.422944750502318,11.0,12.0,0.36290154555208515,0.0,0.0,0.0,4.241238120279494
55.0,35364.19847510443,1805.5945208966868,2.808142215331929,32.0,23.0,0.4523001297668412,1.0,0.0,0.0,19.585902629756546
26.0,9727.408025065139,4847.483000231107,12.956643504749541,12.0,14.0,0.3832544944787975,0.0,0.0,0.0,2.006692550464102
8.0,320.0,19.285285200642807,0.48213213001607014,5.0,3.0,0.5606584937311658,0.0,1.0,0.0,16.59296176700223
39.0,24560.291323494144,2063.505948092239,3.2767010340229166,25.0,14.0,0.3449456059664309,0.0,1.0,0.0,11.902214939676197
57.0,16686.621316016044,3381.3821808052494,11.550497890241324,25.0,32.0,0.4791291278409771,1.0,1.0,0.0,4.934852206514632
52.0,30858.213130214634,2067.383493990383,3.4838032012371474,32.0,20.0,0.5384728228369633,0.0,0.0,0.0,14.92621626317298
17.0,13235.594287677695,7626.853203736054,9.796047056551348,6.0,11.0,0.633470177151296,1.0,0.0,0.0,1.7353938687575854
28.0,14093.869760666907,909.3032858981474,1.806494060006367,13.0,15.0,0.5898205105704419,1.0,0.0,0.0,15.499635797253223
32.0,22372.901322646598,1892.7675936969038,2.707228808853298,11.0,21.0,0.6771452484055451,0.0,1.0,0.0,11.82020518374812
16.0,8492.152577715848,3758.472957114695,7.081310275987753,5.0,11.0,0.5719513629011781,1.0,1.0,0.0,2.2594688520082116
17.0,13897.259715679902,8493.951513928296,10.390334403397643,6.0,11.0,0.4396758539600719,1.0,0.0,0.0,1.636135983692786
15.0,4313.678673728681,287.0201355689732,0.9980581214254324,5.0,10.0,0.3926895530057688,0.0,0.0,0.0,15.029184852057426
59.0,29403.063231085423,4988.582859139222,10.010058692729919,37.0,22.0,0.3226329614635361,0.0,0.0,0.0,5.894071334751551
45.0,28558.45444537321,1605.1675798677409,2.529287473599638,23.0,22.0,0.4110350466839866,1.0,1.0,0.0,17.791571922805907
50.0,23095.882429899546,1514.1508048905268,3.2779669914892113,34.0,16.0,0.3547394755386803,0.0,1.0,0.0,15.253356769552012
49.0,35791.746167196165,2560.413050446057,3.505284120137272,25.0,24.0,0.4476899110966727,1.0,0.0,0.0,13.978895382118436
57.0,23574.7492495771,4203.6282823333195,10.163705647783186,31.0,26.0,0.5810312557010422,1.0,0.0,0.0,5.6081907500373465
8.0,7310.993842606222,515.0965669875482,0.5636405425327801,3.0,5.0,0.5768136096852583,1.0,0.0,0.0,14.193443154481278
53.0,48995.2935452858,2583.384246073747,2.794541171905737,27.0,26.0,0.4272665717455768,0.0,1.0,0.0,18.965546306070937
5.0,2782.0719962272997,1482.4918895951612,2.6643665074188094,2.0,3.0,0.5034209482464351,0.0,0.0,0.0,1.87661869569285
29.0,17705.086846056776,2700.203773951772,4.42279160364816,20.0,9.0,0.38670862792071964,1.0,1.0,0.0,6.556944707971142
36.0,26580.034336497392,5617.4247385356375,7.608240381751577,24.0,12.0,0.5011906874136073,0.0,0.0,0.0,4.731711695958802
22.0,5776.331444543587,731.6127376284111,2.7864537176150246,8.0,14.0,0.5040327504920457,1.0,1.0,0.0,7.8953401812933
10.0,2375.999970844419,159.89731419596836,0.6729685023486832,5.0,5.0,0.42051873556736075,0.0,1.0,0.0,14.85953646433623
13.0,9766.68917602985,1026.8684605675828,1.3668183502902311,7.0,6.0,0.40378711849623583,0.0,0.0,0.0,9.511139499436462
49.0,27185.087034155393,2377.134255123089,4.284686613461498,26.0,23.0,0.6918297855926727,1.0,1.0,0.0,11.436075592098915
20.0,9093.97901608084,1439.515209821547,3.165864375266446,7.0,13.0,0.5148494044395014,1.0,0.0,0.0,6.317390017162929
19.0,9542.268550948413,3326.314742866018,6.62316091577331,11.0,8.0,0.5248306526309263,1.0,1.0,0.0,2.8687208783876557
55.0,2200.0,409.27747986409344,10.231936996602336,34.0,21.0,0.30311763614722476,1.0,1.0,0.0,5.3753262963076835
10.0,4618.875371085997,268.529554830076,0.581374324388707,4.0,6.0,0.37273631265418006,1.0,0.0,0.0,17.200622009777643
55.0,19216.48586887454,1592.3216865961742,4.557424981881913,28.0,27.0,0.4426487847280091,0.0,0.0,0.0,12.068218394960539
55.0,37598.78796976591,4953.156621985886,7.245542447492885,19.0,36.0,0.6863922970075074,1.0,1.0,0.0,7.590874030284812
36.0,25164.221604364844,1591.8033770754419,2.277237995900343,24.0,12.0,0.370096693714823,0.0,1.0,0.0,15.808624335624971
11.0,6768.696515085803,5066.671089974004,8.233990379905153,4.0,7.0,0.42131588453074703,1.0,1.0,0.0,1.3359257774754296
11.0,6370.009027358112,1245.3275887865605,2.1504841543895745,4.0,7.0,0.6960627975139917,1.0,1.0,0.0,5.115127204051594
18.0,3609.5517046070363,777.8270984123959,3.8788439444026115,8.0,10.0,0.4924434569343584,1.0,0.0,0.0,4.640557923443918
35.0,21634.501559978118,1097.750979041926,1.7759264829813934,22.0,13.0,0.4273631101880906,0.0,1.0,0.0,19.708023015256032
10.0,6258.795891046768,442.7349116713545,0.7073803322212321,6.0,4.0,0.553743568194728,1.0,0.0,0.0,14.136666718735567
28.0,20973.07886110489,1694.8176116793559,2.2626574496426595,8.0,20.0,0.4985209138065775,1.0,0.0,0.0,12.374829430951657
8.0,7389.135699888315,49442.17364199528,53.529587924869304,3.0,5.0,0.6829796366565831,1.0,0.0,0.0,0.14945005762473432
33.0,5329.099554427385,1429.8689717685577,8.854343137418182,20.0,13.0,0.3332780191968181,0.0,0.0,0.0,3.726984541692654
3.0,1266.913904629072,99.5293462261956,0.23568139680810246,1.0,2.0,0.6162191682070646,0.0,0.0,0.0,12.729048794812911
43.0,15116.506920444257,1982.3885702712612,5.63904802678839,13.0,30.0,0.411634551385194,0.0,0.0,0.0,7.625400563309231
5.0,2672.507188385074,144.54271666986125,0.27042530942115933,3.0,2.0,0.6226677323960926,1.0,0.0,0.0,18.489393654397265
13.0,6534.8448313669005,426.9396888110875,0.8493263570549375,5.0,8.0,0.6390881362331465,0.0,0.0,0.0,15.306248171878071
12.0,5438.20302460765,605.906833283478,1.3370008376850382,6.0,6.0,0.6396891432093593,0.0,0.0,0.0,8.975312252442194
50.0,35276.04361401174,2351.2936017799084,3.332705939911538,20.0,30.0,0.6466782795553687,1.0,0.0,0.0,15.002823801888496
5.0,1398.5857888192163,71.68809865791451,0.2562878131288557,3.0,2.0,0.5872510027132363,0.0,1.0,0.0,19.50931626033312
26.0,7586.168369558449,820.4307607431,2.8118542510759195,16.0,10.0,0.3569616586859441,0.0,0.0,0.0,9.24656745279434
36.0,10625.578048094098,825.7114401854151,2.7975524448768043,17.0,19.0,0.32076103739951073,1.0,0.0,0.0,12.868391463376241
31.0,13265.968957958881,721.8648178493448,1.686858262992104,17.0,14.0,0.4363060975123431,0.0,0.0,0.0,18.37735907047284
41.0,10425.56022952286,2080.5101623051823,8.181902437526505,27.0,14.0,0.4980279434444309,0.0,0.0,0.0,5.011059507621656
48.0,23533.713707527004,1326.8274661515552,2.7062332433705447,30.0,18.0,0.42104836029582104,0.0,0.0,0.0,17.736830377642253
24.0,11205.647065771838,5614.004102416428,12.023946289505393,11.0,13.0,0.5968827735702384,0.0,1.0,0.0,1.996016900121004
50.0,17134.8488600092,1319.4313139854523,3.8501399246796275,24.0,26.0,0.5889773911071698,1.0,0.0,0.0,12.986541003223547
20.0,13495.065016224782,861.3346499557666,1.2765179699693263,13.0,7.0,0.6887698004454977,1.0,1.0,0.0,15.667621193362898
59.0,28797.893766216504,2339.125333241735,4.792308624430142,19.0,40.0,0.46022923619976375,1.0,1.0,0.0,12.3113940740859
31.0,22088.41365699718,2223.087053631056,3.1199931209515164,10.0,21.0,0.6142910643239053,0.0,0.0,0.0,9.935919342843233
44.0,20283.561309401,1640.2586830602775,3.558121818637554,17.0,27.0,0.5964799882961227,0.0,0.0,0.0,12.366074643517436
52.0,25748.37316239391,8371.573491893232,16.906769947479464,33.0,19.0,0.6954998068969174,0.0,0.0,0.0,3.0756909901499188
47.0,18209.845395991917,4185.559714182786,10.803019042099628,17.0,30.0,0.6094461004837459,0.0,0.0,0.0,4.350635671087856
51.0,25428.125286538056,4679.025325389088,9.384501960165231,21.0,30.0,0.41342981228082487,0.0,1.0,0.0,5.434491911929022
33.0,21200.72662047151,1770.3124188554323,2.7555805453299125,18.0,15.0,0.3061089596510936,1.0,1.0,0.0,11.975697845569261
4.0,1670.9326141837616,188.46678111219126,0.45116548569914866,1.0,3.0,0.6872664617915111,1.0,0.0,0.0,8.865926421214157
30.0,18110.471775207985,3675.5418367700777,6.088535763825292,13.0,17.0,0.5864276175378988,1.0,0.0,0.0,4.9272930575924985
12.0,4049.4072934902215,229.27169666941214,0.6794229773961831,6.0,6.0,0.6250426511743392,0.0,1.0,0.0,17.662046176284374
53.0,34545.93599453542,4600.15029957349,7.057500654084499,21.0,32.0,0.6172976617715009,1.0,1.0,0.0,7.509740713849807
15.0,5760.2825180642185,643.7268983717336,1.6762899120477401,10.0,5.0,0.5943044359972676,0.0,1.0,0.0,8.94833279863633
15.0,10055.039619687152,1222.7147830648285,1.8240327676146018,5.0,10.0,0.6005897874336701,1.0,0.0,0.0,8.223536477152441
16.0,8195.124935787728,2227.0801834017034,4.348107345968378,10.0,6.0,0.6717832739095474,1.0,1.0,0.0,3.679761957771215
39.0,31363.439120450294,2141.4397794468805,2.6628505591394873,19.0,20.0,0.6656445127713895,0.0,0.0,0.0,14.645958957833155
35.0,9421.525916220537,1047.2152661784564,3.890297032792031,12.0,23.0,0.4516906983359932,0.0,1.0,0.0,8.996742332263718
57.0,11671.584784244702,31179.989018943194,152.2723269318883,20.0,37.0,0.3123846094531391,0.0,0.0,0.0,0.374329342359733
26.0,9795.670320927053,508.0195545875371,1.3484027112527326,13.0,13.0,0.3154726373984267,1.0,1.0,0.0,19.28207336207795
18.0,4015.400587076473,245.9741192708443,1.1026382177472336,8.0,10.0,0.47865534580938746,1.0,1.0,0.0,16.324484051328504
4.0,893.812084457378,61.70600773632797,0.2761475652851076,2.0,2.0,0.6339918119601629,0.0,1.0,0.0,14.485009114131476
2.0,1248.6203041839503,71.80773032983689,0.11501932186945754,1.0,1.0,0.6390444906462087,0.0,1.0,0.0,17.388382816844654
23.0,11480.777550301771,632.8703568664373,1.267859963678632,11.0,12.0,0.4617558324919697,1.0,0.0,0.0,18.14080470943073
55.0,22223.509256253154,3276.392826097166,8.108602622452159,37.0,18.0,0.4206446501391869,1.0,1.0,0.0,6.782919642369551
32.0,13523.439377245235,1104.980230722917,2.6146726728874614,12.0,20.0,0.5026405777726183,1.0,0.0,0.0,12.238625634413138
53.0,20169.2807581408,1653.8004902213104,4.34578838148957,20.0,33.0,0.633017282747975,1.0,0.0,0.0,12.195715793651605
7.0,5810.516834946661,1079.4943308272746,1.3004798936892312,4.0,3.0,0.5545984478708672,0.0,0.0,0.0,5.38262839277141
7.0,2470.2920092997488,551.6572169359732,1.563216212502123,3.0,4.0,0.3559223254638139,1.0,0.0,0.0,4.47794741636899
50.0,11778.661019167006,5071.65380096678,21.528991252544976,19.0,31.0,0.44489357746342306,0.0,1.0,0.0,2.3224497336394903
8.0,5273.680987978125,399.42088077296916,0.605908293176608,3.0,5.0,0.5221703660766152,0.0,0.0,0.0,13.203318208533233
5.0,2284.244376652179,146.15110250355576,0.31991126693229927,2.0,3.0,0.5153049725148687,0.0,0.0,0.0,15.629333871064059
25.0,22693.868444089425,1489.9777198951338,1.6413879850034951,15.0,10.0,0.632253608035483,0.0,0.0,0.0,15.231011941364226
55.0,21711.73797326451,3413.959656227305,8.648215141676639,23.0,32.0,0.6728687055362628,0.0,1.0,0.0,6.359693774840237
41.0,27437.07027400569,6619.422688739215,9.891592926210963,28.0,13.0,0.3401852376701023,0.0,1.0,0.0,4.144934016780784
7.0,5015.076262839027,551.1313339608203,0.7692643412648285,3.0,4.0,0.3897630361383553,0.0,0.0,0.0,9.099602860169709
50.0,19786.641677979962,1805.5270294506875,4.562489832370117,22.0,28.0,0.4568627642557686,0.0,0.0,0.0,10.958928531798186
50.0,17570.79232090964,955.672507859561,2.719491786156647,22.0,28.0,0.4185592325804111,0.0,1.0,0.0,18.385788202972687
48.0,31117.118696936683,1777.8445447145339,2.74243058868746,24.0,24.0,0.4633161979833771,0.0,1.0,0.0,17.50272192776738
54.0,33208.83271347045,1812.178641578965,2.946735511289749,35.0,19.0,0.3162884914460928,0.0,0.0,0.0,18.32536370947146
15.0,3268.1696978672203,192.10137452235574,0.8816924713902684,10.0,5.0,0.32640530806512597,1.0,0.0,0.0,17.012734583462795
58.0,15910.146618865238,824.6421428348561,3.006210151935922,18.0,40.0,0.6353445911748297,0.0,1.0,0.0,19.29339502850441
20.0,800.0,85.68314958822856,2.1420787397057137,9.0,11.0,0.3410327136447548,1.0,0.0,0.0,9.336724943522697
48.0,29715.7137981965,29802.25137662889,48.13978475472485,30.0,18.0,0.6296300447978997,0.0,0.0,0.0,0.9970962737902327
35.0,15667.209648049782,9124.425739100354,20.38364891021069,11.0,24.0,0.422604800721214,0.0,0.0,0.0,1.7170625413621408
47.0,21975.78604283235,2804.4615522139834,5.997951231284781,24.0,23.0,0.4236893479555423,1.0,1.0,0.0,7.836009028358245
38.0,6145.024857465915,1183.816911159548,7.320563165730422,15.0,23.0,0.3402988112507228,0.0,0.0,0.0,5.190857470896296
39.0,10934.801645903253,3178.430547507484,11.336171918512422,18.0,21.0,0.30530535259339947,0.0,1.0,0.0,3.4403147976532926
37.0,14963.10404700001,784.7885305353649,1.9405850242436988,17.0,20.0,0.44211544337815406,0.0,0.0,0.0,19.066415301447538
47.0,17180.139358610482,4350.921569216262,11.902890278400138,21.0,26.0,0.6341427625175933,1.0,0.0,0.0,3.9486207887919176
44.0,23036.957464555155,1200.4907698565535,2.2929066893907355,29.0,15.0,0.6679821858152247,1.0,0.0,0.0,19.18961648268886
9.0,5550.242627937265,364.4585500604547,0.5909880288896747,5.0,4.0,0.3246342224521318,1.0,1.0,0.0,15.228734864408082
49.0,46742.20317899493,3641.2472172263288,3.8171310188534116,32.0,17.0,0.3123632255222435,0.0,0.0,0.0,12.836866158898209
33.0,16367.887601795894,1209.1598995648344,2.4378391186692556,19.0,14.0,0.36352024805213334,0.0,1.0,0.0,13.536578253783098
20.0,14461.610652387782,2170.4637565898747,3.0016902110851746,9.0,11.0,0.6065159234742783,1.0,1.0,0.0,6.662912756999523
31.0,10354.168782725397,799.7831996665545,2.3945214444473417,15.0,16.0,0.3819531064093899,0.0,1.0,0.0,12.94621940926273
58.0,9570.622746285873,2535.5949319913557,15.366242088329185,26.0,32.0,0.39232414975778634,1.0,0.0,0.0,3.7745077597112426
51.0,21906.523203556728,1167.897975132834,2.7189525320067203,32.0,19.0,0.6555770791565156,0.0,1.0,0.0,18.757223379092792
50.0,9022.782821257584,1486.264875938088,8.236177825517771,19.0,31.0,0.6499796155034139,0.0,1.0,0.0,6.07077713221384
28.0,14082.169736146978,2739.2043165739765,5.446442011503307,19.0,9.0,0.5681156877680675,1.0,0.0,0.0,5.140970920256166
47.0,16163.731229618548,1135.2770250821063,3.3010954847532568,25.0,22.0,0.3656055121925916,0.0,0.0,0.0,14.237697823973443
24.0,2619.497343577989,199.25962809791844,1.825629289555973,13.0,11.0,0.45245967586062874,0.0,1.0,0.0,13.146151925420329
41.0,34735.40619605345,3836.7193213200944,4.528678642370289,21.0,20.0,0.39447096246364205,0.0,0.0,0.0,9.05341342094894
39.0,15307.018637778036,1208.3881931665985,3.0787928497837322,20.0,19.0,0.5687382327372514,0.0,1.0,0.0,12.667302382081187
16.0,2759.618230578567,853.8721858281003,4.9506684735827795,9.0,7.0,0.6119724216722511,0.0,0.0,0.0,3.23188678162908
17.0,11553.784087724784,856.921308977031,1.2608563689611278,10.0,7.0,0.3568534888070222,1.0,1.0,0.0,13.482899732669003
5.0,1771.3856374607146,325.1034272778756,0.9176528825871935,2.0,3.0,0.6591823331628075,0.0,0.0,0.0,5.448683369144117
10.0,7180.332067381324,1307.160104804085,1.820473054083706,5.0,5.0,0.4851303628735346,1.0,1.0,0.0,5.493077734695323
27.0,9539.670592738532,2903.5764703685613,8.217953013977816,12.0,15.0,0.6180023417979793,0.0,1.0,0.0,3.285489702128502
29.0,11362.793396475776,1700.7817574105363,4.340717044120789,16.0,13.0,0.3206550434167849,0.0,1.0,0.0,6.680923843971484
11.0,6258.629760849502,939.9517346002174,1.6520339875798924,6.0,5.0,0.44423247480777506,1.0,1.0,0.0,6.658458653210995
26.0,16084.740779661373,1765.4448492606136,2.853733654123726,10.0,16.0,0.30591237907893004,1.0,1.0,0.0,9.110871283460272
37.0,24186.77965632043,6284.126301571936,9.613213352998072,22.0,15.0,0.5873938925742598,0.0,1.0,0.0,3.8488691180936723
15.0,7230.776583812013,1853.8074456386541,3.845660471218723,7.0,8.0,0.33178038809247407,0.0,1.0,0.0,3.9005003463673877
21.0,12720.19023052925,1171.5380222223996,1.9341140360954148,11.0,10.0,0.4353143164105778,1.0,0.0,0.0,10.857684504681407
23.0,14929.891591847734,5696.031260350746,8.774927679957349,13.0,10.0,0.6126994722555226,0.0,0.0,0.0,2.621104223175979
31.0,16743.52865911447,1213.8713417861302,2.2474361504966187,17.0,14.0,0.5995865913731655,1.0,0.0,0.0,13.793495309377262
23.0,10843.772678984236,574.2992814777296,1.2181077439577135,14.0,9.0,0.5561158481491371,0.0,1.0,0.0,18.8817451609588
44.0,9281.404455566053,1083.6973229688476,5.137442553969731,17.0,27.0,0.5776082555365556,1.0,0.0,0.0,8.564572652204346
20.0,12396.696627119954,687.6719120025875,1.1094438021467496,7.0,13.0,0.5604925300414291,1.0,0.0,0.0,18.027050997356003
27.0,13727.737975362215,6824.912411655671,13.423379397641874,15.0,12.0,0.5565103836027321,0.0,1.0,0.0,2.0114159929609956
24.0,10014.643908716604,11041.446954502691,26.460723848345417,9.0,15.0,0.43986185601655986,0.0,1.0,0.0,0.9070046661441091
12.0,9066.639272619985,627.8266884129777,0.8309495982383621,4.0,8.0,0.3112662816307422,0.0,0.0,0.0,14.441309106401107
41.0,8791.764210110812,577.1759889273908,2.691634463855208,14.0,27.0,0.476730339926312,1.0,1.0,0.0,15.232380380980857
15.0,12432.10894609466,736.97908415959,0.8892044230248236,6.0,9.0,0.31818386063613785,0.0,1.0,0.0,16.86901190726674
19.0,9415.361541189031,7955.43779787285,16.0539048339609,13.0,6.0,0.4875469580494567,1.0,0.0,0.0,1.1835126840796293
47.0,26484.670877927245,1703.2714091940888,3.0226449330295537,17.0,30.0,0.48563159069190265,1.0,1.0,0.0,15.549295746388767
57.0,23996.497094354912,3173.3222689619756,7.537740555198942,24.0,33.0,0.37148861490552765,1.0,0.0,0.0,7.5619477192918065
40.0,6663.416699813359,1092.0794935606436,6.555672819268425,27.0,13.0,0.6137046521476743,0.0,0.0,0.0,6.101585772009861
55.0,25964.291116876422,7414.4980336319795,15.70608610164197,38.0,17.0,0.5816837367641725,0.0,0.0,0.0,3.501827230798773
51.0,28914.398050306485,1451.4885305725695,2.560174862724365,20.0,31.0,0.5238158162803777,1.0,1.0,0.0,19.920514314295414
29.0,18422.10758913505,13955.205349615191,21.9682223209642,19.0,10.0,0.6703634320486749,0.0,1.0,0.0,1.3200886069113293
46.0,21178.09457436211,1279.7352023078085,2.7796560780979664,16.0,30.0,0.4148748452840843,0.0,1.0,0.0,16.54880989142959
21.0,1291.3326669414432,100.82302771143587,1.639611260632783,13.0,8.0,0.4048128885859974,1.0,0.0,0.0,12.807913988036024
28.0,5366.696470337298,364.7128374893339,1.9028390195243379,9.0,19.0,0.37337432622095557,0.0,0.0,0.0,14.71485486302425
33.0,30043.32951683774,2108.4878127683533,2.3159915675244847,15.0,18.0,0.51777591511268,0.0,0.0,0.0,14.248756542439839
57.0,16045.089784997881,934.1701521752987,3.318628900648377,23.0,34.0,0.3821428730794322,1.0,1.0,0.0,17.175767977209993
51.0,40055.904474039926,10777.416529226377,13.722028005802992,30.0,21.0,0.6475582313606472,1.0,0.0,0.0,3.71665179362936
30.0,9395.479575494426,141389.36372893225,451.45975549042197,9.0,21.0,0.42172390819352157,1.0,1.0,0.0,0.06645110585197327
39.0,18076.843904122634,1507.579148741363,3.252536068395443,19.0,20.0,0.4963724040944242,0.0,0.0,0.0,11.99064335641316
13.0,8125.541474959751,1142.916449761939,1.8285444597990688,8.0,5.0,0.5118043059720649,1.0,0.0,0.0,7.109479854500512
48.0,16126.133312823613,6400.383748289606,19.050966152784987,15.0,33.0,0.4230586189741994,1.0,0.0,0.0,2.519557255786897
34.0,27827.062923161568,7393.994543229769,9.034220218065682,22.0,12.0,0.5953678484278753,1.0,1.0,0.0,3.763468144379565
32.0,16484.66149163783,2472.0569400070594,4.798753199776282,14.0,18.0,0.5768291744935026,1.0,0.0,0.0,6.668398783561496
46.0,27239.827785956964,18771.126256548723,31.698871761824783,17.0,29.0,0.6043244112884978,1.0,0.0,0.0,1.4511557491897293
38.0,16966.186739054643,14312.40394957348,32.05619261703922,15.0,23.0,0.5423681879163975,1.0,1.0,0.0,1.1854183824625946
6.0,3790.4643444205085,206.8497396806214,0.32742649061205437,3.0,3.0,0.48407291690395104,1.0,1.0,0.0,18.32472378390726
18.0,14683.653863459505,2339.4839782525632,2.8678632716438024,7.0,11.0,0.47956683861700644,0.0,1.0,0.0,6.276449849606239
12.0,5684.913749704286,289.37482125577947,0.6108268318494688,6.0,6.0,0.5866138246473862,1.0,0.0,0.0,19.64550241459802
44.0,37221.472558593276,1929.661335196152,2.2810784451091997,24.0,20.0,0.4508140964222064,0.0,1.0,0.0,19.28912181619148
4.0,1510.7233532967057,521.9655447499739,1.3820281353589694,2.0,2.0,0.4749039124448744,1.0,0.0,0.0,2.89429708242592
13.0,8486.649702314446,592.9437546925083,0.9082817226331893,6.0,7.0,0.3654684476888137,0.0,0.0,0.0,14.312739842779008
36.0,21521.62322094996,1788.09574088943,2.991012620709663,22.0,14.0,0.5718521825285521,0.0,0.0,0.0,12.03605753808503
42.0,12023.910589468098,869.5078728993241,3.037225733677642,18.0,24.0,0.3307698996939173,0.0,0.0,0.0,13.828409108447815
31.0,16825.62016875146,8545.216286832729,15.743948944229114,17.0,14.0,0.6962048643521926,1.0,0.0,0.0,1.9690104502887718
51.0,25575.132566073804,6709.509918344233,13.379598520223302,34.0,17.0,0.35749503086784623,1.0,0.0,0.0,3.8117735687594325
55.0,18114.886060954705,11472.805295216449,34.833467299415574,21.0,34.0,0.4531913584473705,0.0,1.0,0.0,1.578941295945086
9.0,5144.404381549428,425.07035659208105,0.7436493956519994,5.0,4.0,0.39511225315931253,0.0,1.0,0.0,12.10247739408057
57.0,30167.700825637097,1528.833807808686,2.888636676317038,39.0,18.0,0.4162632503935366,1.0,1.0,0.0,19.732491963189368
37.0,17962.856589926596,1334.9237819057807,2.749684031782148,19.0,18.0,0.4289812997216258,0.0,0.0,0.0,13.456091526275932
38.0,18478.811235153997,1298.6093040683952,2.6704723007679867,26.0,12.0,0.5873346556217516,0.0,0.0,0.0,14.229692623687496
7.0,3373.9856375069326,171.33378225317264,0.355465791685589,3.0,4.0,0.37069970926177953,0.0,0.0,0.0,19.692471578788457
38.0,16205.482878527911,1193.6570689474183,2.798989018716748,20.0,18.0,0.405542616871736,1.0,0.0,0.0,13.576330505727334
44.0,23230.54003613184,27277.98229244683,51.666092092601794,19.0,25.0,0.34048243610817763,0.0,1.0,0.0,0.8516223739379831
35.0,12992.600513453537,748.9928500991658,2.017667650623602,11.0,24.0,0.43258399948563064,0.0,0.0,0.0,17.34676173708912
6.0,6188.171389763998,844.7632790029899,0.8190755159758499,4.0,2.0,0.6764966973442088,1.0,0.0,0.0,7.325331893056986
32.0,6980.267229021978,50930.68816779244,233.4841873378694,13.0,19.0,0.45204359307333486,0.0,1.0,0.0,0.13705424921857154
56.0,21450.95593497406,2109.379196326188,5.506758549705136,39.0,17.0,0.6109353216186131,1.0,1.0,0.0,10.16932184233837
43.0,17150.61790063831,915.0193038585168,2.2941348407308317,24.0,19.0,0.48468157520003763,1.0,1.0,0.0,18.74344926748146
9.0,8172.888145784167,1576.6370957949462,1.7361957742531966,6.0,3.0,0.4798398737248126,0.0,1.0,0.0,5.183747209539915
57.0,13450.464990256507,1364.7413818217187,5.783462417112649,39.0,18.0,0.6295883776013658,0.0,1.0,0.0,9.855687802404157
57.0,33355.51419704165,9484.488824714274,16.207690872793126,30.0,27.0,0.3107277814295098,0.0,1.0,0.0,3.516848911258695
11.0,6046.466943102388,5034.657806583992,9.159272082947716,8.0,3.0,0.6459545996837919,0.0,1.0,0.0,1.2009687997454799
48.0,27202.582124875662,16418.03788399253,28.970257853242067,29.0,19.0,0.4940833806400744,1.0,0.0,0.0,1.656871686926608
25.0,18681.7158130547,1283.6255186573255,1.7177564570385095,13.0,12.0,0.44045087407362365,1.0,0.0,0.0,14.553867573929042
36.0,26753.97139017904,1547.5202034423446,2.082334862045002,20.0,16.0,0.6627339803835604,1.0,0.0,0.0,17.288285691305873
27.0,11064.833136791365,3803.9012949864687,9.282140425880625,10.0,17.0,0.43594374070941416,0.0,0.0,0.0,2.908811843087197
47.0,25323.764025243512,4364.694686178168,8.100717177978886,14.0,33.0,0.6910789420344784,1.0,1.0,0.0,5.80195542781885
59.0,7503.596020604699,1904.0610778765385,14.971435467239154,24.0,35.0,0.6745425997131819,1.0,1.0,0.0,3.9408378795143046
48.0,24951.29288181052,42595.51659811043,81.94304024220732,23.0,25.0,0.4071692848866968,1.0,0.0,0.0,0.5857727496822372
56.0,19107.318408282506,1722.7837440213348,5.049159050145679,22.0,34.0,0.4362410879294726,0.0,1.0,0.0,11.090955829245324
56.0,25912.516829242217,1849.1179425837577,3.9961616027908877,28.0,28.0,0.6248670184068206,1.0,0.0,0.0,14.013447294246069
7.0,1140.4793892566272,87.89716376345966,0.5394925608828948,4.0,3.0,0.37824403290589054,0.0,0.0,0.0,12.975155743657156
16.0,9295.591317501041,1193.0168221953852,2.053475513622055,9.0,7.0,0.592780625628609,1.0,0.0,0.0,7.79166826867984
43.0,6909.509218049773,621.2216265873063,3.866053159531619,28.0,15.0,0.3516604588034093,1.0,0.0,0.0,11.122454406501111
36.0,19067.64916889942,9893.548223010472,18.679163481217696,25.0,11.0,0.3822422106983864,1.0,0.0,0.0,1.9272811673926824
4.0,1018.7955255819604,325.66449828439943,1.2786255538308222,3.0,1.0,0.500202323835467,0.0,1.0,0.0,3.1283591885175546
7.0,2310.5025508097615,123.95863691606553,0.37555053038498154,4.0,3.0,0.5983526907265692,1.0,0.0,0.0,18.63930266008202
32.0,23390.285456289042,1534.5862321733684,2.0994510529303634,12.0,20.0,0.5957714574204729,1.0,1.0,0.0,15.242079569006941
37.0,22850.5927997608,1237.9344663250595,2.0044808314341265,25.0,12.0,0.543568908898698,1.0,1.0,0.0,18.45864496171209
11.0,8028.246902875194,437.7983892931979,0.5998547803133057,4.0,7.0,0.4088450695583623,1.0,1.0,0.0,18.337771675762376
11.0,8931.399691502838,686.7463949171598,0.845803637169624,4.0,7.0,0.46615114565736776,1.0,1.0,0.0,13.005382711299426
9.0,3108.8903271484232,167.4294420575254,0.4846954443387763,4.0,5.0,0.3984857066336641,0.0,1.0,0.0,18.568361029837696
34.0,27193.00730459793,3251.4892566490544,4.065406723418024,18.0,16.0,0.4108069700163187,0.0,0.0,0.0,8.363246856495142
2.0,413.79773752843937,3387.783720735043,16.374104609512074,1.0,1.0,0.4292896082794264,1.0,1.0,0.0,0.12214408345957167
35.0,22722.702341814325,17501.972991090784,26.958459670570416,11.0,24.0,0.5395390844134089,0.0,1.0,0.0,1.2982937611308796
29.0,11638.641255320166,5209.142166113622,12.979618454021969,18.0,11.0,0.3830379554204663,0.0,0.0,0.0,2.234272147731263
29.0,9104.259172691965,4663.347173070268,14.854263861982151,11.0,18.0,0.31702780767363903,1.0,1.0,0.0,1.9523013909980622
41.0,25538.652911896424,3614.0646325163775,5.8020542604323415,17.0,24.0,0.5769818607196651,0.0,1.0,0.0,7.066462697462756
32.0,22047.689761082962,1570.3088367030505,2.2791450405472955,14.0,18.0,0.3087225602423281,1.0,0.0,0.0,14.040352601831685
44.0,30054.36180248959,1899.3565742135181,2.780684208655265,19.0,25.0,0.6883139271436274,0.0,1.0,0.0,15.823443691679875
46.0,24976.710977832085,2112.239226210457,3.890144082298002,28.0,18.0,0.44011420409866825,0.0,1.0,0.0,11.824754823175262
55.0,28951.530314621632,9743.391641053084,18.509782883127126,17.0,38.0,0.30263254892767305,0.0,0.0,0.0,2.9714016824117415
48.0,29057.919222719065,1940.9941804624057,3.2062764008701583,18.0,30.0,0.6538341245658081,0.0,0.0,0.0,14.970636962856096
32.0,17944.090083310024,2517.303479927428,4.489149964344054,10.0,22.0,0.5399218133347311,0.0,1.0,0.0,7.128298286795099
30.0,18248.135037515884,59013.95129992524,97.01914937378521,18.0,12.0,0.6269569179364027,0.0,1.0,0.0,0.3092173060023351
15.0,8111.998383332142,1436.325699061106,2.6559282272769216,10.0,5.0,0.4740098862543861,1.0,0.0,0.0,5.647742979628349
36.0,24068.04353644582,3621.715769986248,5.417215052069773,20.0,16.0,0.4416727532055733,0.0,0.0,0.0,6.6454810551125085
10.0,1745.5843868991446,316.16041513247427,1.8112009794845925,5.0,5.0,0.562075777219172,1.0,0.0,0.0,5.521198427601153
56.0,26529.737079032475,1632.919804189136,3.4468305796691485,37.0,19.0,0.46240034995645135,1.0,0.0,0.0,16.246809556092334
51.0,11384.765762775023,748.4791484093901,3.352940004588589,21.0,30.0,0.5224834392083685,1.0,0.0,0.0,15.210531632002102
8.0,4442.723228167815,319.01761628515317,0.5744541802874655,3.0,5.0,0.41112915124589755,1.0,1.0,0.0,13.926263006732198
47.0,38934.14365302476,13791.022616449749,16.648062655483162,24.0,23.0,0.43305816269231,0.0,1.0,0.0,2.8231513163196924
8.0,3241.4643488848506,200.50766446317004,0.4948569976582343,3.0,5.0,0.3328763052886885,0.0,1.0,0.0,16.166286498640325
43.0,22594.36746055605,1666.293014383336,3.1711708567883985,21.0,22.0,0.6125487946873461,1.0,0.0,0.0,13.559660435183309
7.0,4559.081400890294,1158.0055077376912,1.7779982065204838,3.0,4.0,0.43954033078955884,0.0,0.0,0.0,3.937011845303768
30.0,2593.662409400853,199.8280074802701,2.3113417546861608,13.0,17.0,0.6899996581724498,1.0,0.0,0.0,12.979473909116253
40.0,15823.116142846498,1631.9124108297938,4.125388188008891,20.0,20.0,0.4039035296475167,0.0,1.0,0.0,9.696057238023437
44.0,25207.73780160108,2859.6303272536584,4.991472673568083,20.0,24.0,0.49002107210781026,0.0,0.0,0.0,8.81503373403169
26.0,1040.0,454.7726199738594,11.369315499346484,9.0,17.0,0.4222128802153564,0.0,1.0,0.0,2.286857111274157
55.0,16755.106576175316,1612.5921026682752,5.293464726322318,36.0,19.0,0.5775701499662695,0.0,1.0,0.0,10.390170303111049
46.0,33127.893355107866,16210.242517047694,22.50886127261762,27.0,19.0,0.6233463678481682,0.0,0.0,0.0,2.0436395889986545
14.0,9808.391321262028,2948.24724793026,4.208178499317134,4.0,10.0,0.494804292207151,1.0,1.0,0.0,3.326855075722619
40.0,22994.5458189608,8534.519025862024,14.846162377905541,14.0,26.0,0.4467710229624848,1.0,0.0,0.0,2.694298969781516
44.0,29763.339231499962,1559.558875145383,2.305540718152095,15.0,29.0,0.5979005276255385,0.0,0.0,0.0,19.08446016744665
21.0,11403.437784570147,1989.0698044037213,3.6629713496571408,7.0,14.0,0.37658201762561005,0.0,0.0,0.0,5.733050574355606
44.0,26887.475185492367,3767.6914173962386,6.165637391452929,14.0,30.0,0.5397865352848528,0.0,0.0,0.0,7.136326255740354
54.0,23590.93994452137,3643.1025328389997,8.339113966461218,20.0,34.0,0.5934497841091678,1.0,1.0,0.0,6.475508095605919
49.0,25634.964292636512,1426.5346021909515,2.7267522087961336,31.0,18.0,0.40770784455162906,0.0,1.0,0.0,17.970096381303968
46.0,17182.192444974437,1523.086040709236,4.07759126764507,29.0,17.0,0.5622797360456078,1.0,0.0,0.0,11.281169931131025
38.0,28602.473415785582,1555.5609999712183,2.0666505703763023,23.0,15.0,0.5940904580347703,1.0,0.0,0.0,18.38723998371957
17.0,13673.301992307486,2266.229841980188,2.817600849841365,9.0,8.0,0.34696665179362896,0.0,0.0,0.0,6.033501871266516
48.0,37247.162886691905,15911.119401948745,20.504480666537297,28.0,20.0,0.4295629937356679,1.0,1.0,0.0,2.340951754917381
23.0,9622.699696281834,863.2888809675184,2.063417220629368,14.0,9.0,0.4625224191736753,0.0,0.0,0.0,11.146558131847284
32.0,9895.84614806344,1425.2032692787134,4.60865134062778,21.0,11.0,0.6103829588239591,1.0,1.0,0.0,6.943462986210849
20.0,15107.894643000653,941.4167332999563,1.2462580068839781,12.0,8.0,0.5270020531650159,0.0,0.0,0.0,16.048041328140428
20.0,12175.628810365652,692.0134633559877,1.1367190543240708,12.0,8.0,0.4798245892547642,1.0,0.0,0.0,17.594497007787588
11.0,6222.885551352013,656.5720183635291,1.1606018048057578,7.0,4.0,0.4275089794683584,0.0,1.0,0.0,9.477841542596082
57.0,21276.59423162534,1095.116503981838,2.9338173228016817,30.0,27.0,0.3016245468899535,0.0,0.0,0.0,19.42861253050589
10.0,5851.3276252735295,527.9738167841682,0.9023145696092982,4.0,6.0,0.3080880363854348,1.0,0.0,0.0,11.082609476570898
7.0,1980.6107164732907,363.0909034256845,1.2832588972887475,2.0,5.0,0.3961784902945034,1.0,0.0,0.0,5.454861848056933
56.0,35101.49838808516,3579.936574256439,5.711335907711856,26.0,30.0,0.34667624233403704,1.0,0.0,0.0,9.805061531118277
34.0,26376.42955732223,33205.45167730362,42.802812055163514,11.0,23.0,0.34783463881111015,0.0,0.0,0.0,0.7943403334384057
27.0,22307.64593710294,1386.4444458432822,1.6780793519547008,10.0,17.0,0.5410958496265785,1.0,0.0,0.0,16.089823147248197
44.0,28235.01167616638,13616.229361207566,21.218836342782694,14.0,30.0,0.5421821292880777,1.0,1.0,0.0,2.0736292645456977
24.0,5366.296561818616,864.2030129033641,3.8650253616717265,10.0,14.0,0.31790884377493717,1.0,0.0,0.0,6.2095323456349485
9.0,4855.194235702838,428.59872249840754,0.7944869587544466,6.0,3.0,0.5375741007201653,0.0,1.0,0.0,11.328065112748622
44.0,40829.19934770788,44998.10470636952,48.49266306250529,20.0,24.0,0.3583274376134806,1.0,0.0,0.0,0.9073537566556324
12.0,3915.3321829385177,2398.5536693421222,7.351264895869868,5.0,7.0,0.45089029392289576,0.0,0.0,0.0,1.6323721386698924
34.0,16597.565304210522,1190.8548805783278,2.439458149286013,16.0,18.0,0.6958735438670329,1.0,0.0,0.0,13.937521334379607
57.0,44614.17761053114,30104.98808867223,38.462758095293474,24.0,33.0,0.5088021452881795,0.0,0.0,0.0,1.4819530065623363
56.0,34911.899927224156,3648.8940318332952,5.852963207634614,32.0,24.0,0.31367520534493804,0.0,1.0,0.0,9.567803181635162
22.0,21912.687827734462,3219.15072919623,3.2319775921181106,12.0,10.0,0.43906328067168326,0.0,0.0,0.0,6.80697788674397
47.0,16611.02779765127,3610.948413401538,10.216982205873451,15.0,32.0,0.5683592635347063,0.0,0.0,0.0,4.600184188730508
37.0,11175.807185517919,2928.5639619683484,9.695663569897867,19.0,18.0,0.389839153854036,1.0,0.0,0.0,3.8161390123801247
29.0,21599.927527844007,1413.6027055973752,1.8978988892198259,9.0,20.0,0.6857796947834305,0.0,0.0,0.0,15.28005530996496
10.0,2608.2427434569286,137.036000033894,0.5253958834071877,6.0,4.0,0.47011747915636615,0.0,0.0,0.0,19.033266753348137
23.0,10594.867251439333,3721.955979493001,8.079854659501224,16.0,7.0,0.3084349226970842,0.0,1.0,0.0,2.8465858569564677
39.0,18987.956950095304,989.1807009852733,2.0317113336530936,26.0,13.0,0.5162264658451835,1.0,0.0,0.0,19.195640322523833
59.0,41724.67578595388,3501.7107096111354,4.951528753079174,23.0,36.0,0.5704758497410147,1.0,1.0,0.0,11.915511944328319
2.0,1245.7071872100987,96.9337064869542,0.1556283972384363,1.0,1.0,0.48239647082069426,1.0,0.0,0.0,12.851125086996978
43.0,25430.75826192102,1789.2564805805127,3.0253926317315485,27.0,16.0,0.6712683359095464,0.0,1.0,0.0,14.213031243944508
51.0,21395.205045403,1517.6948436164287,3.6177469138613674,33.0,18.0,0.6607728669862425,1.0,0.0,0.0,14.09717186257389
57.0,42351.04581753415,2581.5573244388493,3.4745013883952773,23.0,34.0,0.3555840292611031,1.0,1.0,0.0,16.40523160830448
26.0,33934.28502218177,3500.1120597691893,2.6817395296383344,12.0,14.0,0.33197926693778274,1.0,1.0,0.0,9.695199594386565
8.0,5106.051358276665,477.62495049911206,0.7483276872644923,3.0,5.0,0.4249235989723161,0.0,0.0,0.0,10.690503820918288
17.0,8838.885505659244,1357.6669874564245,2.6112272607198777,5.0,12.0,0.5432530649070746,1.0,0.0,0.0,6.510348699145147
51.0,12261.797695879963,5703.45618720163,23.722155002199987,29.0,22.0,0.5406381257261358,1.0,0.0,0.0,2.149888995973185
52.0,19370.192927101605,1455.3580840245588,3.9069626541195723,25.0,27.0,0.40865723989000924,0.0,1.0,0.0,13.30957180897807
38.0,17375.80222200049,24115.67909922696,52.739769598109476,15.0,23.0,0.6804402187108002,0.0,0.0,0.0,0.7205188852657058
9.0,3537.7195675191615,637.5510970597603,1.6219374554783061,6.0,3.0,0.4229326866862136,1.0,0.0,0.0,5.548919269113196
9.0,4471.059897851673,2316.748435484828,4.663488388823006,4.0,5.0,0.6216797744404625,0.0,0.0,0.0,1.9298857956997002
29.0,24812.49324548227,6436.433087208406,7.522684547754153,20.0,9.0,0.6327920722338807,1.0,0.0,0.0,3.855006788588225
36.0,26979.601805058483,2108.987185940235,2.814108942097631,22.0,14.0,0.339374007570937,1.0,1.0,0.0,12.792681712302748
3.0,1404.7003701190474,111.58946871971148,0.23832015231174392,2.0,1.0,0.39302116487234073,1.0,0.0,0.0,12.588108772588118
41.0,10592.104453739943,1253.4967339358698,4.852044871330955,25.0,16.0,0.38607660318009746,0.0,1.0,0.0,8.450045514264456
33.0,25326.626443155925,13697.984072305284,17.848151841329365,11.0,22.0,0.6678605267099198,0.0,1.0,0.0,1.8489309309653486
2.0,980.3782906154543,112.74146191676196,0.22999583527290474,1.0,1.0,0.4404419695755741,1.0,1.0,0.0,8.695809633365197
7.0,1082.899404156703,152.79520923173175,0.9876877395228012,5.0,2.0,0.6345885333566028,1.0,1.0,0.0,7.087260193572953
28.0,17989.608663561005,1247.2723411157538,1.9413221379284884,10.0,18.0,0.49120720087090997,1.0,1.0,0.0,14.423160099476197
43.0,30320.905484407802,2613.514995876189,3.7063914493077035,20.0,23.0,0.4828876176776081,1.0,1.0,0.0,11.601580833571083
49.0,1960.0,198.84876591437666,4.971219147859417,27.0,22.0,0.6613685430372976,0.0,1.0,0.0,9.85673705837313
27.0,9047.404932482323,926.4858060917413,2.764894127228332,10.0,17.0,0.4763605628777708,0.0,0.0,0.0,9.765292541984655
19.0,9080.274757030686,469.8081499010171,0.9830489811123629,7.0,12.0,0.5979407668923704,0.0,0.0,0.0,19.327622900845356
58.0,37520.32657117996,2478.5410067317616,3.8313999777620076,28.0,30.0,0.46975100071614684,0.0,1.0,0.0,15.138069722983838
28.0,11111.819126104641,1115.11355420072,2.809907105513313,12.0,16.0,0.340747894630525,0.0,1.0,0.0,9.96474223117955
20.0,6671.432392104254,694.1822539399205,2.081059098377423,11.0,9.0,0.32123791779897926,1.0,0.0,0.0,9.610491127135104
27.0,17426.713948273526,30136.56846520393,46.69195529207149,9.0,18.0,0.38329607079147915,0.0,0.0,0.0,0.5782580710340208
2.0,812.6710506743364,43.1055255304022,0.10608357586906583,1.0,1.0,0.5889072144908416,0.0,1.0,0.0,18.853059803230142
19.0,11559.80767208505,1801.2887135483447,2.960644893778363,7.0,12.0,0.4494598880401979,1.0,0.0,0.0,6.417520736758226
31.0,8608.60293915754,1669.6331481882976,6.012430583643861,17.0,14.0,0.4816430325550101,1.0,0.0,0.0,5.155984683520837
55.0,12624.336788399616,631.5892224839243,2.7516223480773827,19.0,36.0,0.34075055940701926,1.0,1.0,0.0,19.988208061484045
44.0,28646.368586619494,1991.0098294060383,3.0581339561058734,17.0,27.0,0.5492150399152238,0.0,0.0,0.0,14.387858946515262
47.0,25873.68715698181,26006.129160757126,47.24058318938746,29.0,18.0,0.6213792841607808,0.0,1.0,0.0,0.9949072773207952
33.0,22588.207839358965,17583.636459563426,25.68862511325557,13.0,20.0,0.5498732976017447,1.0,0.0,0.0,1.2846152666602502
8.0,3147.8511985256932,5633.675640392914,14.317514482340117,5.0,3.0,0.6938456327301225,1.0,1.0,0.0,0.5587562010059476
24.0,8183.494548097224,681.2540841972551,1.9979359581214298,10.0,14.0,0.30653655660498846,0.0,0.0,0.0,12.012397045281737
59.0,45556.48287298275,30829.07208672673,39.92659525952087,23.0,36.0,0.3062679309002085,1.0,0.0,0.0,1.4777117762359386
4.0,781.6329888044238,41.86325842034784,0.21423485968462702,2.0,2.0,0.5000022412460161,1.0,1.0,0.0,18.671097719056366
52.0,39015.1913754785,2081.7777644305484,2.7746229079995346,34.0,18.0,0.4065632235508227,0.0,1.0,0.0,18.741285473452425
41.0,31328.138601355546,2862.643667775475,3.746420809492845,19.0,22.0,0.5746041621404014,0.0,1.0,0.0,10.943778631624191
18.0,12096.32225135787,979.3049276696338,1.4572601764205346,7.0,11.0,0.6172840614212529,0.0,0.0,0.0,12.351946681349219
47.0,17034.60934010179,2900.3505256335156,8.002324678140267,24.0,23.0,0.3409743635131999,1.0,1.0,0.0,5.873293310428734
50.0,16834.761632746406,12693.48421485096,37.70021961629687,23.0,27.0,0.6669352810984942,1.0,1.0,0.0,1.326252221045053
4.0,1831.9553816014404,124.09657904395107,0.27095982858593326,2.0,2.0,0.31196917512244043,0.0,1.0,0.0,14.76233588157672
8.0,1927.936517069761,926.6116880109166,3.8449883792616095,6.0,2.0,0.5753615711177986,1.0,0.0,0.0,2.080630475542898
40.0,12306.448009971227,7004.737640438198,22.767699127360387,20.0,20.0,0.45380030650291564,1.0,0.0,0.0,1.756874938316943
59.0,37107.86463980674,5928.814734423629,9.426575005767182,28.0,31.0,0.5669756851239529,0.0,0.0,0.0,6.258901028624265
3.0,1889.6094685344942,6326.324999432202,10.043861080467565,1.0,2.0,0.3390545286443586,1.0,1.0,0.0,0.29868991376574705
40.0,11603.40138772035,1332.3443968714512,4.592944266433616,28.0,12.0,0.6748321277755155,0.0,0.0,0.0,8.709010534338505
9.0,5717.019483540134,403.5096696280758,0.6352238324722141,4.0,5.0,0.6749633359360073,0.0,1.0,0.0,14.168234156097531
39.0,23043.565784770486,1436.9079882929677,2.4318897546864138,14.0,25.0,0.5077603256704446,0.0,1.0,0.0,16.03691118186768
38.0,30475.135534785986,2517.3723741560298,3.138957334865251,26.0,12.0,0.5038338136260578,1.0,0.0,0.0,12.10593071078848
7.0,4296.79101861453,253.57069515663892,0.4130977881881737,5.0,2.0,0.5539232751254817,1.0,1.0,0.0,16.945140352122557
41.0,29180.3646406219,3576.148243001615,5.024682856736959,19.0,22.0,0.5320275802190151,0.0,1.0,0.0,8.159718965153852
54.0,32152.437982046282,1893.212749152019,3.179649658644721,24.0,30.0,0.5174186267310045,1.0,0.0,0.0,16.98300309695651
52.0,36191.262740850754,3564.1869889504483,5.121062637480843,30.0,22.0,0.5356764595543733,0.0,0.0,0.0,10.154142544442667
3.0,727.7297060593351,161.7331398739749,0.6667302647974689,2.0,1.0,0.6434520688714678,0.0,0.0,0.0,4.499570753565991
16.0,7610.417737245077,402.97237910683805,0.8472015976409968,8.0,8.0,0.5444267118323136,1.0,0.0,0.0,18.885705650876297
15.0,7383.05169531741,1333.7234911642236,2.709699619217317,6.0,9.0,0.37833374191869784,1.0,0.0,0.0,5.535668933050474
28.0,12635.000297162418,22061.40681505191,48.889543038648085,12.0,16.0,0.6655648161516833,0.0,0.0,0.0,0.5727196095464726
10.0,5887.77326063345,1203.7119982915744,2.0444265514431006,4.0,6.0,0.38638424743313826,0.0,1.0,0.0,4.891347156952786
51.0,31970.672475856656,4340.64671960918,6.924251683077443,18.0,33.0,0.3660646779164099,0.0,0.0,0.0,7.365416847085683
47.0,27187.216524468797,3851.193542507829,6.657764921795524,29.0,18.0,0.6988231316255444,1.0,1.0,0.0,7.059426181620818
48.0,22301.338740275158,2120.480273820131,4.563988481980722,16.0,32.0,0.38536667778121125,1.0,0.0,0.0,10.517116813399255
13.0,4587.101792402675,259.622073770904,0.735777646053483,6.0,7.0,0.3400373434637629,1.0,1.0,0.0,17.668381296616673
2.0,1438.8744296624936,244.6171908571058,0.3400118673517381,1.0,1.0,0.5248028843477202,1.0,0.0,0.0,5.882147630838498
54.0,30777.114419429417,2948.1763479146803,5.172724142289627,25.0,29.0,0.6308774974699972,0.0,0.0,0.0,10.439373628785418
18.0,5332.99010976213,780.159140971296,2.6332065592579337,8.0,10.0,0.32430028794532084,1.0,1.0,0.0,6.835772126085162
40.0,18450.49966680301,1121.994750976324,2.4324430692683485,27.0,13.0,0.49604167008730926,0.0,0.0,0.0,16.44437253449535
54.0,8172.363480760499,2558.540768081881,16.9059051034236,19.0,35.0,0.32740093618279564,1.0,1.0,0.0,3.1941501901051432
4.0,2028.2964914779543,958.991897351483,1.8912262608169212,3.0,1.0,0.47147644715571313,0.0,1.0,0.0,2.115029852785667
2.0,920.6480229605615,91.29106214106643,0.19831914013674504,1.0,1.0,0.43758405150812996,1.0,1.0,0.0,10.084755302090155
2.0,770.2132198578649,57.247228542194186,0.1486529367874485,1.0,1.0,0.35485176725322254,1.0,1.0,0.0,13.454157336021563
11.0,8986.120417567765,564.4289979727612,0.6909231892288464,6.0,5.0,0.6724084093720863,1.0,1.0,0.0,15.920727761760793
4.0,1075.07670436631,91.00781046608205,0.33860955258899567,2.0,2.0,0.5539547917809455,1.0,0.0,0.0,11.813015815461062
49.0,31422.650926486887,2028.798859203298,3.163677830159314,25.0,24.0,0.6372225202312828,0.0,1.0,0.0,15.488302738314063
37.0,34681.64039089586,4398.674809745825,4.692712516658197,14.0,23.0,0.6623778116726039,0.0,0.0,0.0,7.884565668290429
58.0,41496.307683113584,58800.79126030838,82.18673138684397,31.0,27.0,0.6720741323953949,0.0,0.0,0.0,0.705710021816056
48.0,23697.227691861437,10014.967478235028,20.285851374942858,17.0,31.0,0.5992458465477515,1.0,0.0,0.0,2.3661811926360525
57.0,15571.617510574068,18931.6919154373,69.29957266463472,35.0,22.0,0.4227793260936789,0.0,1.0,0.0,0.8225158945184737
15.0,3413.813470246633,516.2724784456809,2.2684564473658066,8.0,7.0,0.6315730475421414,1.0,0.0,0.0,6.612425827006028
18.0,7518.41389815292,756.7563514186968,1.8117670176262868,9.0,9.0,0.5080731645928279,1.0,0.0,0.0,9.935052258310213
51.0,18492.592514078133,2583.293315842868,7.124363931541158,16.0,35.0,0.4086615687307082,0.0,0.0,0.0,7.15853379895594
16.0,5697.449891333977,507.1631135352762,1.4242529502377947,8.0,8.0,0.45430952399756785,1.0,0.0,0.0,11.233959527574525
5.0,2173.686544528756,225.5293783456087,0.5187716207593821,3.0,2.0,0.4204894123092434,0.0,1.0,0.0,9.638152512431114
40.0,19182.023256914505,1413.044665711022,2.9466019236561287,16.0,24.0,0.4864816160012109,0.0,0.0,0.0,13.57495889718561
48.0,28658.034697394847,2145.721746648142,3.593918596534937,27.0,21.0,0.6125340552483649,1.0,0.0,0.0,13.355895163089954
58.0,14641.563854235821,2289.397105620365,9.069047094143999,19.0,39.0,0.49394693673701334,0.0,0.0,0.0,6.395379734818155
55.0,19995.318242536447,2874.1383309769144,7.905731045952977,21.0,34.0,0.4071434312363926,0.0,0.0,0.0,6.956978384453776
8.0,3744.52466748403,319.3978840766113,0.6823784857931606,5.0,3.0,0.33496122987161225,1.0,1.0,0.0,11.723699041744002
46.0,21201.536220505925,1774.3611918873296,3.84975003593723,17.0,29.0,0.6423024348518395,1.0,1.0,0.0,11.948827734422295
51.0,44231.521815616914,6989.519853883272,8.059083158703096,20.0,31.0,0.46694744271053784,0.0,0.0,0.0,6.328263277060805
42.0,22950.8713788804,3456.5388749975295,6.325451890401305,24.0,18.0,0.47676901814984707,1.0,0.0,0.0,6.639841821219733
49.0,8686.81984279764,625.1220538618746,3.526144342066495,29.0,20.0,0.6054886280930287,1.0,1.0,0.0,13.896198013063634
50.0,29181.813615867646,2250.667932048085,3.8562852221499373,16.0,34.0,0.6398905983459238,0.0,0.0,0.0,12.965845916377587
27.0,16446.584102817484,5993.077480722186,9.838705166246566,9.0,18.0,0.5044579631898681,0.0,0.0,0.0,2.744263553361505
4.0,1899.8975774042094,214.70715698853687,0.4520394352665827,2.0,2.0,0.5529471335234348,0.0,1.0,0.0,8.8487854995241
28.0,7204.978623308473,403.42586087147384,1.5677942565795235,15.0,13.0,0.39566268021559337,1.0,1.0,0.0,17.859486270276275
13.0,11070.942207815002,14298.033574693927,16.789396329773258,6.0,7.0,0.6740271782264105,0.0,0.0,0.0,0.7742982382842806
8.0,2288.185738269988,133.72975457973556,0.4675485992001458,4.0,4.0,0.5271685072246968,0.0,1.0,0.0,17.11052073236006
9.0,5689.38997154868,1721.2387864722393,2.7228137209292735,5.0,4.0,0.5878419561980772,0.0,1.0,0.0,3.305404233429665
42.0,22680.424444137057,2230.2157072706887,4.12995179768704,29.0,13.0,0.3456852217410283,1.0,1.0,0.0,10.169610217611233
31.0,19225.025403984575,2257.6476849027017,3.640415383663329,14.0,17.0,0.5547683809430866,0.0,0.0,0.0,8.51551175701408
33.0,27765.262299504375,110144.5234180098,130.9106765708173,12.0,21.0,0.44757991296141325,1.0,1.0,0.0,0.25208027996210347
45.0,27554.749849269316,1504.7234441402509,2.457382315452479,18.0,27.0,0.480025190071396,1.0,0.0,0.0,18.312168894938157
33.0,12812.81610151268,1404.027555948381,3.6161378559727013,12.0,21.0,0.5728648129369611,1.0,0.0,0.0,9.125758285319398
38.0,27405.541290972506,1435.7733008075886,1.990815829959923,17.0,21.0,0.6185310172833779,1.0,0.0,0.0,19.08765212137427
6.0,2242.6806599470565,388.64306278044944,1.039763894311081,4.0,2.0,0.43974609533401265,0.0,1.0,0.0,5.770540824535396
51.0,27168.291716231728,1567.5037839037236,2.942499801388986,22.0,29.0,0.6492947408938523,1.0,1.0,0.0,17.332201679648648
28.0,6758.731795111575,366.293731791207,1.5174776572095776,10.0,18.0,0.387596121676678,0.0,0.0,0.0,18.451672001212827
11.0,3226.781299859145,289.1690289743504,0.9857684866516069,6.0,5.0,0.5251592933050472,0.0,0.0,0.0,11.158806706597074
49.0,25003.589370274625,6108.236623734446,11.97042513099392,34.0,15.0,0.3605061921338957,1.0,0.0,0.0,4.093421867960964
44.0,25239.163035511676,1839.4971314051597,3.206836679486831,17.0,27.0,0.41569990895775477,0.0,1.0,0.0,13.720686270509114
5.0,797.6093773089696,72.496021339732,0.4544581809226226,3.0,2.0,0.6581645877589037,0.0,1.0,0.0,11.00211242726273
13.0,7792.947156801727,412.47000735076966,0.6880721744507052,8.0,5.0,0.30462271042998185,1.0,0.0,0.0,18.893366833759885
2.0,672.228409360681,76.27277646165221,0.22692518019043856,1.0,1.0,0.6662444754581787,1.0,0.0,0.0,8.813477633119312
17.0,12850.939253281966,2376.7897650079008,3.144161310607338,9.0,8.0,0.431360813565544,0.0,1.0,0.0,5.406847270414448
7.0,3007.2497996456887,1070.6430880580156,2.49214468890782,3.0,4.0,0.5783181679508336,1.0,0.0,0.0,2.8088256798074367
43.0,11836.848481870124,846.2302516144217,3.07412068973879,17.0,26.0,0.3366873177736671,0.0,0.0,0.0,13.987739695299256
32.0,16485.149170939214,846.108771837488,1.6424164815280853,15.0,17.0,0.5565085849346567,1.0,0.0,0.0,19.483486898662616
58.0,18371.673987486785,29850.399757336167,94.23872789734496,20.0,38.0,0.6637845119060753,1.0,0.0,0.0,0.6154582228993996
45.0,33920.50627289813,2288.5420219446437,3.036051117839348,26.0,19.0,0.5220807701599932,0.0,1.0,0.0,14.821884827823629
37.0,18503.923535744936,997.9324421184494,1.9954416849516101,23.0,14.0,0.4448485993133903,1.0,1.0,0.0,18.54226073306535
31.0,14559.60493682162,9442.690305098162,20.10517460660886,13.0,18.0,0.6174310480384775,1.0,0.0,0.0,1.5418916078356195
5.0,3091.801018931008,1375.4221594919086,2.224305754267882,3.0,2.0,0.585090169748637,1.0,0.0,0.0,2.2478923998673563
6.0,1794.0630729596485,129.4927540154473,0.43307090804279597,2.0,4.0,0.3470770243687746,0.0,1.0,0.0,13.854544114071688
37.0,8960.262950568995,690.4795532349211,2.8512269796802947,13.0,24.0,0.5662806147506545,0.0,0.0,0.0,12.976869349120978
2.0,1163.3406317766548,817.4653658894639,1.4053757662380109,1.0,1.0,0.5658623384339518,0.0,0.0,0.0,1.4231069355591017
4.0,1120.2634335929529,67.09476475693228,0.23956781144500386,1.0,3.0,0.6007684669438791,1.0,1.0,0.0,16.69673390541557
14.0,3919.971569501521,373.60439711568296,1.3343110955992692,9.0,5.0,0.4265227460561026,1.0,0.0,0.0,10.492305764505604
53.0,35369.61393094141,1948.890718896036,2.9203374484992772,22.0,31.0,0.46051119265631835,0.0,1.0,0.0,18.148587598065422
28.0,16940.359015910064,964.387909746884,1.5939958207232903,18.0,10.0,0.6840152226143247,0.0,0.0,0.0,17.565918075804454
43.0,10717.065934904962,659.1251985644673,2.644602889486975,19.0,24.0,0.5293827683111171,0.0,1.0,0.0,16.259529992550807
25.0,9404.319785293317,909.3167084173966,2.417284634023734,11.0,14.0,0.5034019908392577,1.0,1.0,0.0,10.342182980076206
12.0,3831.0442657288318,755.3875781718664,2.3661044637754673,7.0,5.0,0.694739876880839,0.0,0.0,0.0,5.071627302901173
23.0,19671.06877098667,1939.1422539785524,2.2673029290248183,12.0,11.0,0.3918230527584223,1.0,1.0,0.0,10.144211303027095
7.0,4768.414598598852,2313.431352098003,3.3961013938352727,3.0,4.0,0.45917476402352786,1.0,0.0,0.0,2.061186987145512
46.0,19128.22741675148,1449.7692475613283,3.4864383371675145,29.0,17.0,0.6039534246383156,0.0,1.0,0.0,13.193980662044853
12.0,7382.867254424382,2711.4528497424426,4.4071541686477405,5.0,7.0,0.5852402325144177,0.0,0.0,0.0,2.7228455236187017
23.0,5261.543544718184,513.4264811026859,2.244362127766876,8.0,15.0,0.6866802572303528,0.0,1.0,0.0,10.247900601889425
58.0,21197.304646201883,18677.349471654423,51.10490637544613,27.0,31.0,0.5617201363212336,1.0,0.0,0.0,1.1349203846280147
36.0,18755.01551478158,3112.7239942023098,5.974831836474126,19.0,17.0,0.4252379892994744,0.0,0.0,0.0,6.025274180979185
28.0,16532.492195217113,3532.579884582858,5.982899347560894,15.0,13.0,0.4590607868218699,1.0,0.0,0.0,4.680005190362267
33.0,15856.769771611269,1276.7506515554078,2.6570841418634776,21.0,12.0,0.33588516960671594,1.0,0.0,0.0,12.419629277097826
47.0,25831.32700071372,1640.459746932871,2.9848101920476102,24.0,23.0,0.6694881033288318,1.0,0.0,0.0,15.74639490484905
16.0,8250.676671850004,6914.7825629489,13.409387545709627,6.0,10.0,0.35146720909847695,0.0,0.0,0.0,1.1931939430834966
38.0,17756.811744630388,1043.7104128105386,2.23356513867383,15.0,23.0,0.518281489630579,0.0,0.0,0.0,17.013159518849914
52.0,22920.085841214706,1330.8364849154407,3.019338483068059,18.0,34.0,0.46055804984698717,0.0,0.0,0.0,17.22231551434436
35.0,14516.14589125551,2110.436206269421,5.0884902764669775,21.0,14.0,0.353689445213095,1.0,1.0,0.0,6.878268032046054
27.0,14752.462546594375,1117.8537529712096,2.0458992005500956,9.0,18.0,0.4171969014499192,0.0,0.0,0.0,13.197131116107927
10.0,5821.631178398912,720.3090263353813,1.2372975962614718,5.0,5.0,0.55342760636165,0.0,0.0,0.0,8.082129982483819
16.0,8634.749335420269,2762.1403547418777,5.11818513301626,9.0,7.0,0.3125005964443463,0.0,0.0,0.0,3.1261080996831483
56.0,14799.713039988132,1396.618954880957,5.2846066178453635,34.0,22.0,0.686395813340517,0.0,0.0,0.0,10.596815250334052
33.0,9907.07618245496,5588.139802942386,18.61382814676232,11.0,22.0,0.6636382471880202,0.0,1.0,0.0,1.772875506306853
19.0,11015.750862602656,626.7667287165348,1.0810491263053639,7.0,12.0,0.3338405785306012,0.0,0.0,0.0,17.57551950014996
26.0,20652.701163488564,1116.9913205895978,1.4061973833559276,17.0,9.0,0.647341419341556,0.0,0.0,0.0,18.48958070022169
35.0,18566.90823091129,1129.2927805770703,2.1288007043840227,19.0,16.0,0.43142848741929873,1.0,0.0,0.0,16.4411820833775
33.0,13782.988477651837,1222.71605414725,2.9274949951734617,16.0,17.0,0.32700177941030967,1.0,1.0,0.0,11.272436009081773
42.0,22884.459825719317,2047.9928073754143,3.75869470220557,25.0,17.0,0.42244513371675824,1.0,1.0,0.0,11.174091892952827
16.0,4362.171447957029,221.50966318545844,0.8124748541525568,11.0,5.0,0.6235549976869139,0.0,0.0,0.0,19.69291716318855
39.0,29709.756620984415,5947.138761022318,7.806809548754401,16.0,23.0,0.5663325808671689,1.0,0.0,0.0,4.995638712132098
27.0,14507.608380343354,9269.031037534498,17.250523411737447,18.0,9.0,0.39542384026815547,0.0,0.0,0.0,1.5651698998088892
56.0,20502.07921204186,1820.6719122799125,4.97303839445662,19.0,37.0,0.5876705906280968,0.0,0.0,0.0,11.260721425843496
11.0,5133.049974595675,776.6436983290389,1.6643283669359477,8.0,3.0,0.5831284458042156,1.0,0.0,0.0,6.60927267631156
10.0,3945.927535872769,608.8775585389881,1.5430530667469928,4.0,6.0,0.5971445454027775,0.0,1.0,0.0,6.4806585175204825
28.0,21345.35187017427,111549.71403558012,146.32656383428093,11.0,17.0,0.5162626670654958,1.0,0.0,0.0,0.19135281569046347
31.0,14246.111445428234,1192.6446049345302,2.5952332953870885,10.0,21.0,0.6275782608482812,0.0,0.0,0.0,11.944976220481264
42.0,22305.07226737098,4194.675732305904,7.898489574255625,26.0,16.0,0.5565448871827654,0.0,0.0,0.0,5.3174723603985
25.0,15368.63228325646,4046.743157650871,6.582796508931448,17.0,8.0,0.350159683897757,1.0,0.0,0.0,3.7977780364439857
54.0,18999.720679342947,22179.94738059481,63.038671923967435,23.0,31.0,0.624102395102134,0.0,1.0,0.0,0.8566170312904242
29.0,15623.51490358391,2134.647655568159,3.9622826485271982,12.0,17.0,0.42950724201778656,1.0,1.0,0.0,7.319013450688445
9.0,4993.984024909578,283.9842021336217,0.5117873438229255,4.0,5.0,0.5820138872789173,0.0,1.0,0.0,17.585429004109823
8.0,1513.4738863670063,223.66886998168016,1.1822806960671517,3.0,5.0,0.5700526824367222,1.0,1.0,0.0,6.766582611567578
58.0,31931.279269820272,2348.314592041161,4.265480414595176,36.0,22.0,0.43436500841468395,0.0,0.0,0.0,13.597530491885895
9.0,4417.62828310235,291.7252613913748,0.5943296231068482,3.0,6.0,0.36467346339547285,0.0,1.0,0.0,15.143111919868051
56.0,29455.622471699164,4465.9428567771665,8.490494479273334,38.0,18.0,0.577983235176143,0.0,1.0,0.0,6.595611143344481
18.0,9128.26696856604,555.1888694088708,1.0947751291425625,12.0,6.0,0.6396093412317639,0.0,1.0,0.0,16.441732663490225
7.0,3862.8378221301145,278.8448742018623,0.5053057387578019,2.0,5.0,0.635292526773814,1.0,1.0,0.0,13.852999210355634
19.0,14581.9042575694,1301.1561695461232,1.6953867467990869,10.0,9.0,0.5506019367465464,1.0,1.0,0.0,11.206882462583984
37.0,9771.64515057019,139995.60251660246,530.0885586100146,26.0,11.0,0.39096290789391386,1.0,0.0,0.0,0.06979965781004688
26.0,11220.807855397816,14959.864789895968,34.663857500258864,17.0,9.0,0.42648398692118045,0.0,0.0,0.0,0.7500607801600222
47.0,29766.215112250662,1501.9959218525355,2.3716084850174783,28.0,19.0,0.6018510723757506,1.0,0.0,0.0,19.817773589915966
37.0,22058.85142118654,1408.9203119719557,2.3632260151538884,11.0,26.0,0.4643415718827711,0.0,0.0,0.0,15.65656427389601
25.0,14797.02776671042,788.9885324532125,1.3330186049732191,8.0,17.0,0.5929989673872722,0.0,1.0,0.0,18.754426912520294
38.0,39927.18683911737,2211.9162253465224,2.105152484242136,23.0,15.0,0.4237799970372502,0.0,0.0,0.0,18.050948938114647
58.0,36123.97207975379,78901.29357899561,126.68249818924498,26.0,32.0,0.3025272986146928,1.0,1.0,0.0,0.4578375136978792
25.0,18154.688981275125,1145.5975321015653,1.5775504792221209,14.0,11.0,0.5413960258625297,0.0,1.0,0.0,15.847353431331925
10.0,4385.855882294983,484.60581112024823,1.1049287165967456,6.0,4.0,0.5403665420421602,1.0,1.0,0.0,9.050357593022534
25.0,7535.4381305135885,476.8755719822479,1.5821096388915137,12.0,13.0,0.5510218731119987,0.0,1.0,0.0,15.801686169813081
50.0,21856.82570766366,118800.07768996249,271.7688269992189,18.0,32.0,0.4072742543073927,0.0,1.0,0.0,0.18397989405953358
14.0,8993.488479761532,1550.7148088661907,2.413969548410688,6.0,8.0,0.6244283801246355,1.0,0.0,0.0,5.799576058951256
57.0,33137.8375450526,2203.4734583762956,3.790168473023984,37.0,20.0,0.4949867355321461,1.0,1.0,0.0,15.038909327036478
36.0,20903.409868311937,1317.101615486251,2.2683216975706797,16.0,20.0,0.6049551635939387,1.0,1.0,0.0,15.870764732601716
36.0,16456.72041506068,1325.732244495396,2.9001137285018563,12.0,24.0,0.5444373857505058,1.0,0.0,0.0,12.413306294231749
20.0,8504.7895247481,1403.4164926036474,3.30029682338368,14.0,6.0,0.46642832592092826,1.0,1.0,0.0,6.060060979452961
55.0,25521.570312773943,4088.859210437123,8.81165436993045,31.0,24.0,0.5718507386562448,0.0,0.0,0.0,6.241733696192865
4.0,2579.5803601321704,133.40167662364976,0.20685795051845507,2.0,2.0,0.5299909424048221,0.0,0.0,0.0,19.33694107465855
19.0,12694.764227047588,1440.5760983869159,2.156081466328819,12.0,7.0,0.5042844533591548,1.0,0.0,0.0,8.81228297572238
26.0,7767.543421709616,865.9319329257252,2.8985007271595697,12.0,14.0,0.5594242103677227,1.0,1.0,0.0,8.97015472736455
29.0,18921.586844702408,1709.4155984314732,2.619920451777119,20.0,9.0,0.33437559054677174,1.0,0.0,0.0,11.069038367301955
29.0,10725.816861613866,1304.9119050116337,3.528164403102011,19.0,10.0,0.6641044357421715,0.0,1.0,0.0,8.219571620444556
10.0,5937.843303682107,536.1097644757028,0.902869505066354,4.0,6.0,0.4340328184329441,1.0,1.0,0.0,11.075797713718414
15.0,6924.102772612536,798.1590310121156,1.7290883538784376,7.0,8.0,0.38987718543481176,0.0,0.0,0.0,8.67509168421278
7.0,5692.103968934578,344.08008352052985,0.42314065199594947,3.0,4.0,0.6087185430704711,1.0,1.0,0.0,16.542962646063625
35.0,14573.477597131981,801.3759988890466,1.9246030862692944,20.0,15.0,0.3924887548370073,0.0,0.0,0.0,18.185567844975765
22.0,11785.892099937048,632.1004580229575,1.1799030534633301,12.0,10.0,0.698307849280424,0.0,1.0,0.0,18.645599683316465
34.0,21124.83347140411,1868.1797434995574,3.006798201035148,17.0,17.0,0.46819701662537716,0.0,0.0,0.0,11.307709306296262
36.0,11707.49627911525,1319.7696015609126,4.0582294047744405,25.0,11.0,0.4186497634652573,1.0,1.0,0.0,8.870863721416683
42.0,20388.00073441366,1443.9565261130458,2.9746013298096954,21.0,21.0,0.3248260290504294,1.0,0.0,0.0,14.119539172897166
33.0,14740.539761487295,878.7439782163038,1.9672652257214307,20.0,13.0,0.31672167094552806,1.0,1.0,0.0,16.77455564635334
39.0,15492.254829433408,1373.244754177533,3.4569884114720884,22.0,17.0,0.33805622445614714,1.0,1.0,0.0,11.281495729224224
36.0,14833.994389320675,1058.4655825824052,2.568745812685426,18.0,18.0,0.3020131315248447,1.0,1.0,0.0,14.014621385354113
39.0,28173.713865466994,1877.35890603516,2.5987698208688976,12.0,27.0,0.4308359917623761,0.0,1.0,0.0,15.007100546888898
37.0,14070.724562773532,1038.8855984699933,2.731825711739534,21.0,16.0,0.4241817600403224,0.0,1.0,0.0,13.54405584550987
20.0,12265.631530686424,821.2475552631805,1.339103580942515,11.0,9.0,0.47203669817543564,1.0,1.0,0.0,14.935364436799725
16.0,9006.704006499662,2138.102973315875,3.798242681048106,6.0,10.0,0.3931691692964392,1.0,1.0,0.0,4.212474384492167
47.0,10368.386911713347,1037.6094053277266,4.703493654862503,29.0,18.0,0.3250964631776479,0.0,1.0,0.0,9.99257221308486
21.0,12680.511641391053,1075.8999822071114,1.781781387479629,10.0,11.0,0.3284650111811795,1.0,0.0,0.0,11.78595766437149
33.0,7170.812815599218,72115.78382784274,331.8760268210884,14.0,19.0,0.37285855012207314,0.0,1.0,0.0,0.09943472059761047
13.0,8133.038753229416,474.8817051593509,0.7590597259382591,8.0,5.0,0.42663581074764584,0.0,1.0,0.0,17.126452050832956
27.0,10761.16512709342,880.6198742789032,2.2094946341514285,12.0,15.0,0.3591968200862049,1.0,0.0,0.0,12.219988943475997
32.0,16053.550420841295,6112.68130738436,12.184582021330126,18.0,14.0,0.44604712944577174,0.0,1.0,0.0,2.6262698173791548
38.0,9163.472382839826,560.9262284706848,2.3261047549837537,21.0,17.0,0.6688880613448792,1.0,1.0,0.0,16.336323597887752
32.0,16783.246871070824,1169.1335379396255,2.2291439494079848,10.0,22.0,0.4046412038118467,0.0,1.0,0.0,14.355286480488866
22.0,15078.581839070726,993.444883677211,1.4494590853542488,10.0,12.0,0.36735972680505874,1.0,1.0,0.0,15.178075892099558
57.0,19300.594120542122,2452.0376302073437,7.241546247172872,22.0,35.0,0.5659105012008927,0.0,0.0,0.0,7.8712471141440306
31.0,11735.56406590713,686.6380318936966,1.81378405581217,12.0,19.0,0.4963524151842794,0.0,0.0,0.0,17.09134000856509
48.0,28364.361826247896,3413.342109267144,5.776277366946003,27.0,21.0,0.31890160632370285,1.0,0.0,0.0,8.309850263540627
44.0,26220.641248093067,2293.686721791999,3.848960626246609,13.0,31.0,0.6151229324665555,1.0,0.0,0.0,11.431657601264547
34.0,1360.0,21651.238446218977,541.2809611554744,23.0,11.0,0.5861371887415103,1.0,0.0,0.0,0.06281395881248082
53.0,47863.3074560974,3705.961842250622,4.103685852036979,24.0,29.0,0.6909193446961365,0.0,1.0,0.0,12.915218637823353
9.0,5451.396270386997,379.15880231735724,0.6259734298519388,4.0,5.0,0.6753226478249182,0.0,1.0,0.0,14.377607052952337
55.0,35166.10528698258,3094.5640324026813,4.839916743499904,37.0,18.0,0.5336993174500976,0.0,1.0,0.0,11.363831841501407
51.0,24035.887444047425,2414.126794116486,5.122359920620781,25.0,26.0,0.5744085174322451,1.0,1.0,0.0,9.95634840002014
31.0,3996.808246976083,246.59124366905036,1.9126082817518528,17.0,14.0,0.46380272959473084,0.0,1.0,0.0,16.20823265054858
44.0,27937.554139002114,2047.6995034856902,3.2250059437947836,25.0,19.0,0.6553868746116186,1.0,0.0,0.0,13.643385707446575
32.0,12382.79661932233,2212.1708044187267,5.716759139121946,21.0,11.0,0.5211235300797391,0.0,0.0,0.0,5.597577092414458
17.0,10349.367760223355,539.4928295529444,0.8861776211730756,6.0,11.0,0.43022053053401815,1.0,1.0,0.0,19.18351309469572
48.0,21899.509725477805,1546.5776727626983,3.3898351708871344,16.0,32.0,0.303796596763833,0.0,1.0,0.0,14.15998052419705
16.0,8761.726013172407,443.4210632923018,0.8097419392035974,11.0,5.0,0.5345799059907999,0.0,1.0,0.0,19.75938163180287
20.0,6900.014474363023,355.18268794647906,1.0295128778820941,6.0,14.0,0.5101735562059577,0.0,0.0,0.0,19.426663259563924
32.0,21532.08923314516,1171.3522794851672,1.7408098460703907,19.0,13.0,0.6247508711452412,0.0,0.0,0.0,18.382248970061294
50.0,13116.209605423282,867.4935584384385,3.3069521780124185,27.0,23.0,0.3748018505226545,1.0,1.0,0.0,15.119662247444886
24.0,22778.73324162811,1865.8680360990227,1.9659053201667782,13.0,11.0,0.6261605071389365,1.0,0.0,0.0,12.2081159015145
30.0,28427.69180992207,8157.613963200878,8.608803716192293,18.0,12.0,0.3061134441022254,0.0,1.0,0.0,3.484804740474338
4.0,3306.1596683732087,303.5998104927696,0.3673141541190665,3.0,1.0,0.5349253510798929,0.0,0.0,0.0,10.889860777603966
8.0,6040.766377239216,394.32490457999705,0.5222183808541374,3.0,5.0,0.45874096049795243,0.0,1.0,0.0,15.31926162176683
5.0,2415.451641766359,231.34071780003623,0.4788767322016486,3.0,2.0,0.4326082085369567,0.0,0.0,0.0,10.441100316176078
6.0,4399.85604689665,253.28203198514777,0.3453958892547794,4.0,2.0,0.4733183868666882,1.0,1.0,0.0,17.37137061169287
52.0,24999.764417928272,11172.404037185415,23.238819383314254,22.0,30.0,0.38943659447962903,1.0,1.0,0.0,2.23763518887438
50.0,9464.824577546931,1237.270796386529,6.536152816406458,33.0,17.0,0.37337026123999006,1.0,0.0,0.0,7.64975994357025
49.0,39231.37385750074,3867.4499160324935,4.830446330376479,24.0,25.0,0.6220427536005798,1.0,0.0,0.0,10.143990150943463
5.0,3628.824462922505,418.31361645500743,0.5763762076798211,2.0,3.0,0.3911033200922589,0.0,1.0,0.0,8.674889652588707
6.0,2962.3930708134776,1336.638042402501,2.707212737374095,4.0,2.0,0.5947887977985464,0.0,1.0,0.0,2.2163016290399837
18.0,4589.336673607859,1474.3011994012072,5.7824089790212785,12.0,6.0,0.5845442177770529,0.0,1.0,0.0,3.1128894661903788
34.0,13013.835399262978,776.4602834773426,2.028583336755954,12.0,22.0,0.313360166282801,1.0,1.0,0.0,16.760464992466968
21.0,2851.1885434724586,293.5294725862607,2.161947142507876,13.0,8.0,0.652428968075018,0.0,0.0,0.0,9.713465971068947
30.0,20670.485115707863,20225.27793036505,29.353850890024113,12.0,18.0,0.6157420520373521,0.0,0.0,0.0,1.0220124137169164
12.0,2152.0584795259674,5678.245325320659,31.662217617272567,4.0,8.0,0.6184268997693536,1.0,0.0,0.0,0.37900061660411577
44.0,24524.111657290752,2582.6179101840335,4.633610776042726,18.0,26.0,0.6236764208876107,0.0,0.0,0.0,9.495834269786815
20.0,6625.226608881248,1989.942631636239,6.0071685064135965,13.0,7.0,0.5330212916300254,0.0,1.0,0.0,3.3293555821926515
5.0,1073.2965550005233,76.02724293560178,0.354176311203965,2.0,3.0,0.6973523467551048,1.0,0.0,0.0,14.117262622684477
45.0,24645.195839507145,1548.3857253363178,2.827218663380997,16.0,29.0,0.371660856190982,0.0,0.0,0.0,15.91670307742864
54.0,23394.96663863006,5080.870541102278,11.727608483377137,32.0,22.0,0.3289343723766699,0.0,0.0,0.0,4.6045193337192565
2.0,1335.275642170147,112.54918365993578,0.16857820229090084,1.0,1.0,0.5816669889517687,1.0,0.0,0.0,11.863930050391525
27.0,6654.931548864983,2125.381309179413,8.622973042845404,10.0,17.0,0.4175748949582745,0.0,0.0,0.0,3.1311706375334505
49.0,17078.316474356543,2796.75582929976,8.024270767054722,19.0,30.0,0.543293289572021,1.0,1.0,0.0,6.10647389930802
42.0,1680.0,94.48037702784053,2.362009425696013,26.0,16.0,0.456680645175537,1.0,0.0,0.0,17.781470108919596
51.0,3219.6638402551894,295.2531507467693,4.676858030896713,28.0,23.0,0.4334096634004014,0.0,0.0,0.0,10.904756925072101
26.0,22350.600531888264,1261.072949703962,1.466980569292693,16.0,10.0,0.657299449837949,1.0,0.0,0.0,17.723479468126794
23.0,21084.551922858478,4640.399055414436,5.061960940171714,8.0,15.0,0.35681738344477276,0.0,0.0,0.0,4.543693693381163
43.0,22297.445364925996,3361.093398247524,6.481774649933007,21.0,22.0,0.37559426175745964,1.0,0.0,0.0,6.633985647810887
10.0,3352.3424681869765,354.9144232901574,1.0587057457828981,6.0,4.0,0.5671363411480322,0.0,1.0,0.0,9.4454951622135
15.0,6604.653223529679,686.0126031899154,1.5580210950650664,6.0,9.0,0.6130404051060518,1.0,0.0,0.0,9.627597500131131
36.0,24289.734257901822,1217.342784998646,1.804233006200738,13.0,23.0,0.6328857967939685,0.0,0.0,0.0,19.953076945314823
40.0,15884.887841423631,6808.244471445283,17.14395352214238,18.0,22.0,0.3924598865369007,1.0,1.0,0.0,2.333184113474045
8.0,4380.2141872667025,256.9537538113408,0.46929897548536553,3.0,5.0,0.6528453673157815,0.0,1.0,0.0,17.046702460251737
31.0,15420.912487016252,892.3903324322202,1.793934070288695,12.0,19.0,0.5438202625698221,1.0,1.0,0.0,17.28045668646631
23.0,8883.461717618853,801.2999415285151,2.0746302782622723,16.0,7.0,0.6292873675656172,1.0,0.0,0.0,11.086312699178858
31.0,12237.6049748504,1770.0920668324143,4.483953697196019,15.0,16.0,0.3274087760812879,1.0,1.0,0.0,6.913541506770117
57.0,31843.85793721479,3059.3910732322697,5.476261435347048,31.0,26.0,0.4427577343941686,1.0,1.0,0.0,10.40856078055151
6.0,1827.7342363350704,310.5892735163665,1.0195878613265552,2.0,4.0,0.5099455937962675,1.0,1.0,0.0,5.884730710890947
59.0,34830.40627835749,2177.9630210485134,3.689300010310474,32.0,27.0,0.5307828130329143,1.0,0.0,0.0,15.992193596376794
28.0,11359.157825964581,1136.9766709385929,2.8026150594995585,15.0,13.0,0.33962862162948243,0.0,0.0,0.0,9.990669216271087
46.0,24171.77920276372,1305.1328003779035,2.483727338139811,31.0,15.0,0.5154632978408702,1.0,1.0,0.0,18.520551468605138
26.0,20196.605344076506,1619.2658991393653,2.0845539465854515,12.0,14.0,0.5661945732372098,1.0,0.0,0.0,12.472692319903073
20.0,9327.23181909219,904.6193108502825,1.939738023876688,12.0,8.0,0.44463803430586907,1.0,1.0,0.0,10.310670695637933
46.0,31462.19992976633,2210.0707824772403,3.2312824983916535,19.0,27.0,0.5002956977122522,0.0,0.0,0.0,14.235833611854163
41.0,5805.330581752605,574.5882167712393,4.058014708355973,22.0,19.0,0.41702656865762394,0.0,1.0,0.0,10.103462640383174
10.0,4059.273972718811,224.3324690052017,0.5526418529837464,7.0,3.0,0.6482001087487941,0.0,0.0,0.0,18.09490169086797
42.0,21232.584417039012,5692.844452033828,11.260968626765237,23.0,19.0,0.5396826426760105,1.0,1.0,0.0,3.729696919692483
45.0,39809.97611285813,2044.8607917194809,2.311449154516215,26.0,19.0,0.5205095584543582,0.0,0.0,0.0,19.46830624073082
24.0,2592.230000352526,159.49042401574403,1.4766321568137493,16.0,8.0,0.677742970351084,0.0,0.0,0.0,16.253201509431282
55.0,26441.691519179454,1535.376770098802,3.1936581021747976,37.0,18.0,0.5659726094640436,0.0,0.0,0.0,17.221630569204148
39.0,30862.17303714685,3186.920401259712,4.027256781287853,15.0,24.0,0.4119293766157712,0.0,0.0,0.0,9.68401125580287
21.0,7202.914297879137,429.96900741305393,1.2535688725788088,8.0,13.0,0.5567012324775797,1.0,1.0,0.0,16.752170909285066
2.0,914.8644758297319,148.27281647582225,0.3241415977844083,1.0,1.0,0.6846493826612885,0.0,1.0,0.0,6.170142967365242
41.0,23220.259677455422,1522.553501569078,2.6883718972764292,29.0,12.0,0.3094233023709194,0.0,1.0,0.0,15.250866162355296
14.0,7516.623950423784,2635.5802675008763,4.90886919292164,7.0,7.0,0.5506364028043977,1.0,1.0,0.0,2.8519806598610016
45.0,36591.93427908973,5925.161337166585,7.286640223467551,19.0,26.0,0.3627339843545797,1.0,1.0,0.0,6.175685723452048
32.0,18870.232384468683,2110.2056264015623,3.578471036765205,16.0,16.0,0.6265838044265557,1.0,1.0,0.0,8.942366634026671
29.0,22201.08279398247,3425.9458471586536,4.475116393626085,9.0,20.0,0.5562738118565027,0.0,0.0,0.0,6.480278376961266
11.0,4707.981613918195,605.8405340103124,1.4155207943913675,4.0,7.0,0.6747957971878266,0.0,0.0,0.0,7.770991456702463
43.0,15131.481463247448,922.0278347251823,2.6201794576083723,15.0,28.0,0.5678311448389719,1.0,0.0,0.0,16.411089658434776
11.0,5003.408975356802,967.6493339529227,2.127378098793752,3.0,8.0,0.3068875572630579,0.0,1.0,0.0,5.170684048236243
26.0,6972.66391448847,467.38811787444916,1.7428189876590634,15.0,11.0,0.5041415377603337,1.0,0.0,0.0,14.918359384483717
50.0,29835.11696210095,19621.192052611677,32.88271347743692,22.0,28.0,0.6614672254464621,1.0,0.0,0.0,1.5205557787774544
55.0,23255.340759692295,1517.3293348496295,3.588556894482325,20.0,35.0,0.3929212016685316,0.0,1.0,0.0,15.326495194925464
59.0,21572.89098026579,1360.9915141604483,3.722194647389681,30.0,29.0,0.3331585616719539,0.0,1.0,0.0,15.850863694453972
57.0,34184.70586967942,4239.232361541886,7.06854830136801,24.0,33.0,0.5879551476887367,0.0,0.0,0.0,8.063890571274516
34.0,9222.732709774837,637.6586376533786,2.350755937796681,16.0,18.0,0.5010034267756479,0.0,1.0,0.0,14.463432572191035
13.0,8503.305756025065,464.48356229002195,0.7101104538657595,6.0,7.0,0.3190381045578806,0.0,1.0,0.0,18.30701115471473
50.0,20216.626115086394,1261.6290398296696,3.1202759368641524,15.0,35.0,0.4119660929757696,1.0,0.0,0.0,16.02422382241281
48.0,35127.32586330417,4480.864676282591,6.12291141371082,28.0,20.0,0.4306994590572381,1.0,0.0,0.0,7.839407882419349
59.0,24865.696576891107,2560.818118106254,6.076172790939733,20.0,39.0,0.5671445911950008,1.0,1.0,0.0,9.710059609887285
39.0,24428.895399151806,1566.1372462558345,2.500291216855359,15.0,24.0,0.4886400882843064,1.0,1.0,0.0,15.598183018476819
10.0,5359.124747545811,910.291521952008,1.6985824455175673,4.0,6.0,0.49487613062443403,0.0,0.0,0.0,5.887262067490015
31.0,20112.191617029817,1250.178137534333,1.9269666380240944,13.0,18.0,0.622641479837831,1.0,1.0,0.0,16.087460669162027
27.0,14093.713217597187,2137.0238037400954,4.093998636848926,10.0,17.0,0.4113668394005852,0.0,1.0,0.0,6.5950192940907755
50.0,8366.025876567563,518.6781729699416,3.0999077735505782,22.0,28.0,0.5690290966301236,1.0,1.0,0.0,16.129512118591485
24.0,16842.208988362232,9453.052421652019,13.470516740198105,10.0,14.0,0.44702292193148996,1.0,1.0,0.0,1.7816688448469307
21.0,10131.73172567679,10827.668496216953,22.442465372854823,7.0,14.0,0.4673480190186417,1.0,0.0,0.0,0.9357260733662732
6.0,3947.4192928257753,197.8296804816193,0.30069723909162255,4.0,2.0,0.5223609652683043,0.0,0.0,0.0,19.953625175027955
50.0,31902.464768688566,1833.9314028499011,2.8742785489255627,21.0,29.0,0.5782587219209168,0.0,1.0,0.0,17.395669608532046
45.0,15540.331670897924,879.833599504357,2.547726317311502,15.0,30.0,0.6780781043597497,1.0,0.0,0.0,17.662807694150768
4.0,1268.1636758597624,66.64711720760498,0.21021613684817458,2.0,2.0,0.40760446502330916,1.0,1.0,0.0,19.02803495475202
27.0,17038.91754782462,1937.4712829511532,3.070131919639451,9.0,18.0,0.3414980878568301,1.0,1.0,0.0,8.794410372819033
29.0,12741.15562941902,2207.2661903998123,5.02393357269692,18.0,11.0,0.47151676906904144,0.0,0.0,0.0,5.772369315869036
29.0,19931.289820905684,7538.313159247902,10.968235552367048,9.0,20.0,0.5186863995270691,1.0,1.0,0.0,2.6439986506071644
55.0,25539.789628506744,2541.494578769384,5.473114848068108,27.0,28.0,0.39120144161568926,1.0,1.0,0.0,10.049122214092367
10.0,7046.819554896576,1587.1343923508693,2.252270517198114,7.0,3.0,0.6561983095859008,0.0,0.0,0.0,4.439963993508326
19.0,11108.557039994586,593.5884803341576,1.0152696777577594,7.0,12.0,0.6195388063518228,1.0,1.0,0.0,18.71423959194943
12.0,6691.139984913956,51524.57058524961,92.4050084764362,5.0,7.0,0.49746556537687747,0.0,0.0,0.0,0.12986309073344296
16.0,6803.164164031122,2340.450965763077,5.504382159436293,9.0,7.0,0.48002557321423545,1.0,1.0,0.0,2.9067749179752753
54.0,29510.21823186438,5941.0247666324585,10.871330563450208,37.0,17.0,0.316296502681845,0.0,0.0,0.0,4.967193269014364
56.0,41359.95040747034,10290.62758714247,13.93316817845828,25.0,31.0,0.5147558931105105,0.0,0.0,0.0,4.019186396284241
4.0,1956.6276330693443,429.62393941495907,0.8782947396915004,2.0,2.0,0.5382988381695548,0.0,1.0,0.0,4.55427980976522
38.0,23036.9257719973,1753.4376043246652,2.8923403072006515,14.0,24.0,0.6566527125809799,1.0,1.0,0.0,13.13814972097051
15.0,7639.080228749118,1160.2727443779215,2.278296685531565,8.0,7.0,0.5004392262985928,0.0,0.0,0.0,6.583865962347327
13.0,6823.970511138097,553.9055608875882,1.0552173811105328,5.0,8.0,0.3629509690712517,0.0,1.0,0.0,12.319736418972298
18.0,15204.278724977874,853.662405955987,1.0106315192686082,10.0,8.0,0.3720227604893396,0.0,1.0,0.0,17.81064577624351
13.0,9624.498080702833,797.3235127919788,1.0769606455715353,4.0,9.0,0.3639469674093723,1.0,0.0,0.0,12.071007472237756
30.0,15476.422891174308,1112.9369842163205,2.1573531404036363,15.0,15.0,0.6754139496222245,0.0,1.0,0.0,13.905929186163311
59.0,32030.5582376452,4362.771851215979,8.036186485167745,23.0,36.0,0.6173557029441629,0.0,1.0,0.0,7.341790799516078
36.0,12946.532374433024,3999.815451958154,11.12215627366394,21.0,15.0,0.6299064505280214,1.0,1.0,0.0,3.2367824290730476
43.0,20012.444702121404,3104.797553402956,6.67116370755917,26.0,17.0,0.6361734075241816,0.0,0.0,0.0,6.445652045875627
30.0,16856.38672529169,873.9567167878222,1.5554164680082685,19.0,11.0,0.3382538570359701,0.0,1.0,0.0,19.287438841646956
2.0,1340.2454358276511,107.60583548235228,0.16057631327190708,1.0,1.0,0.5808707424726448,1.0,0.0,0.0,12.455137119840085
6.0,3899.0650762931027,697.9633010724824,1.0740471688706148,3.0,3.0,0.5817346850088101,0.0,0.0,0.0,5.586346832708602
17.0,4728.519209924665,522.7332396098589,1.8793336092863586,10.0,7.0,0.38992868317229795,0.0,0.0,0.0,9.045759579883972
16.0,11126.344738171621,665.5115385027103,0.9570245095419513,5.0,11.0,0.49626630809569494,0.0,1.0,0.0,16.71848509674834
50.0,24112.26320622447,1801.3787047304388,3.735399471471888,33.0,17.0,0.5649723536473938,0.0,0.0,0.0,13.385449235580182
50.0,15130.086443224622,1346.689264825563,4.450368707009673,27.0,23.0,0.6589345747650521,1.0,1.0,0.0,11.235024172546906
51.0,39131.1243218056,2209.674497275901,2.8798916799401337,24.0,27.0,0.3441702043719934,1.0,0.0,0.0,17.70899938884513
38.0,30120.920375208443,2236.950708409575,2.822095934011631,18.0,20.0,0.6568772616026539,0.0,1.0,0.0,13.465169465724967
34.0,18793.479479916492,1459.9759650540218,2.6412981622101044,21.0,13.0,0.6689659866375357,1.0,0.0,0.0,12.872458129282354
39.0,25028.590094860832,6524.872269960822,10.167173522919411,25.0,14.0,0.6694439339296189,1.0,1.0,0.0,3.8358743373548236
25.0,16337.24604372216,7520.179641745271,11.507722326057237,16.0,9.0,0.3019339568420713,0.0,0.0,0.0,2.172454226097535
40.0,31166.17722249801,1614.4442806010677,2.0720465895774276,20.0,20.0,0.3883995091019275,0.0,0.0,0.0,19.30458523529511
48.0,30989.457844144563,2583.052262359487,4.000925386201377,22.0,26.0,0.5764980944101485,1.0,0.0,0.0,11.997224483502036
46.0,10785.267847565166,1292.750544229422,5.513680872374283,31.0,15.0,0.428695912395311,1.0,1.0,0.0,8.342884012471261
37.0,33372.57734238634,2827.9531611015545,3.135336713351835,20.0,17.0,0.3244333166063451,0.0,0.0,0.0,11.80096537715884
5.0,3565.656889480043,2778.8338969538686,3.896664742410322,3.0,2.0,0.6051768322197083,1.0,0.0,0.0,1.2831486233807219
44.0,17516.18699359967,1064.7206528139905,2.674538056766208,24.0,20.0,0.3114368769860347,1.0,1.0,0.0,16.45143911438693
23.0,6763.724667155916,1547.027293419606,5.26065585156539,13.0,10.0,0.47840853117285753,1.0,1.0,0.0,4.372078434508502
45.0,27043.320873636752,1679.6370917588024,2.79491078341747,26.0,19.0,0.6790304363021956,0.0,0.0,0.0,16.100692826043044
33.0,14663.483746773976,1369.0308261864805,3.0809879865071763,17.0,16.0,0.47609313054563385,1.0,0.0,0.0,10.710849943109032
53.0,29997.95075238897,5387.938763904568,9.519342065864306,34.0,19.0,0.6647549141611225,0.0,1.0,0.0,5.56761167245521
21.0,13622.308733368705,20871.07312776929,32.17461476332054,14.0,7.0,0.4636016983716882,1.0,0.0,0.0,0.6526884674293058
56.0,21655.850854435892,1326.474095411391,3.430137649282073,27.0,29.0,0.4386744436407838,0.0,0.0,0.0,16.325875438765785
50.0,13838.920073156627,3876.0358174421467,14.004112304111427,18.0,32.0,0.34295312103960934,0.0,1.0,0.0,3.5703798223126677
21.0,12120.43756506231,11186.250754281362,19.38141792149902,11.0,10.0,0.44323636361087965,0.0,0.0,0.0,1.0835120570154753
29.0,11406.350439393553,753.9015747152139,1.9167520569272998,16.0,13.0,0.43479459600872256,0.0,1.0,0.0,15.129760729976322
32.0,16935.013028687346,2407.811845776212,4.549744303964733,16.0,16.0,0.638620474390794,0.0,0.0,0.0,7.033362286340926
46.0,10641.396779947167,1361.2775064090945,5.884449813281866,30.0,16.0,0.6679660696863944,1.0,1.0,0.0,7.817213411553417
41.0,18432.101659307973,3701.9698147017243,8.2345879600834,14.0,27.0,0.30877203430133193,0.0,1.0,0.0,4.978998366250344
51.0,32792.509288607966,1907.5825726180387,2.9667357977182043,21.0,30.0,0.3393025642188003,1.0,0.0,0.0,17.190610650003098
23.0,14287.289535175265,2388.490245575013,3.845045311986911,15.0,8.0,0.5572913868360733,0.0,1.0,0.0,5.981724045825314
31.0,10612.180580585735,2500.901686563076,7.30556285720274,21.0,10.0,0.4938971552361977,1.0,0.0,0.0,4.243341766532925
26.0,6925.025279546131,1113.4318843534293,4.180378818066424,12.0,14.0,0.4187514540188384,0.0,0.0,0.0,6.219532040406314
54.0,27170.247849319356,6622.312208214993,13.161634050112944,20.0,34.0,0.40396282388653115,0.0,0.0,0.0,4.102834024589569
19.0,11631.924628673754,1821.1243098870357,2.97468931345705,9.0,10.0,0.38986983580744794,0.0,0.0,0.0,6.387221655063889
36.0,20917.261009386366,12271.228040430407,21.119601139807852,17.0,19.0,0.5101803477032548,0.0,1.0,0.0,1.7045776462200521
8.0,3180.5442490219043,989.999037841412,2.4901374364361977,4.0,4.0,0.306991974594864,0.0,1.0,0.0,3.2126740809331937
51.0,28537.809313363356,3409.4516481230908,6.093040714686329,21.0,30.0,0.5955537505875832,1.0,0.0,0.0,8.370205023753151
24.0,19211.306262124774,1091.8391068420021,1.3639956703969525,10.0,14.0,0.4201552031562924,1.0,0.0,0.0,17.595363769018032
21.0,11361.607686697917,9523.95649829694,17.603414233216117,12.0,9.0,0.47073258049422817,1.0,0.0,0.0,1.1929503971096027
35.0,6067.96444926966,1413.5014615112711,8.15307201723125,19.0,16.0,0.5108208791368234,0.0,1.0,0.0,4.292860399862611
30.0,16219.202028603853,892.5628261945598,1.6509372494783423,17.0,13.0,0.38454384109105955,0.0,0.0,0.0,18.171496227054845
51.0,46348.36110636861,2602.9934054856953,2.8642364155035733,23.0,28.0,0.6534810589694808,0.0,0.0,0.0,17.805792749490436
32.0,7760.698796060189,570.4280504482166,2.3520688141652446,14.0,18.0,0.5728373020713069,0.0,1.0,0.0,13.605044124254029
31.0,15684.292903339938,3235.5777372128928,6.3951183819221065,14.0,17.0,0.6481185368278665,1.0,1.0,0.0,4.847447404199997
8.0,3637.863307148585,431.78255379635254,0.9495300231822961,5.0,3.0,0.49018024210569383,1.0,1.0,0.0,8.425220693062926
3.0,1557.5297755650386,365.2864305227943,0.7035880204414254,1.0,2.0,0.47298418319576385,1.0,0.0,0.0,4.263858839037402
25.0,13471.260765768859,5150.862551836347,9.558983827491751,14.0,11.0,0.39485702740365664,1.0,0.0,0.0,2.6153407570478047
59.0,42951.669435542506,5628.600408400713,7.731653471444342,30.0,29.0,0.5179361444829836,0.0,1.0,0.0,7.630967970552135
55.0,28432.61615040892,2464.3353089491725,4.767005655589492,36.0,19.0,0.5372654293271626,1.0,1.0,0.0,11.537641021153487
38.0,28707.17263481156,3970.2025872629565,5.2554008099370835,17.0,21.0,0.46796935081673485,1.0,1.0,0.0,7.230656875522864
38.0,18105.816993222732,1479.7230551043506,3.105602807927023,18.0,20.0,0.35815302412505556,0.0,0.0,0.0,12.235949781796096
24.0,10319.343484921761,1731.3515594476144,4.026655134355941,15.0,9.0,0.40924178491824126,1.0,1.0,0.0,5.960281970817143
12.0,4393.9608407073465,632.2502326685752,1.7266887592019446,4.0,8.0,0.3057006038069467,0.0,0.0,0.0,6.949718028827766
2.0,273.1651883519388,17.2627815974369,0.12639078721257838,1.0,1.0,0.42765550712716566,0.0,0.0,0.0,15.823938153309962
21.0,11658.281930088528,663.443578630858,1.195057319319968,10.0,11.0,0.5323035906496827,0.0,0.0,0.0,17.57237888133247
20.0,18216.00115388737,2813.4645584040736,3.0890034916402813,14.0,6.0,0.682284439134802,1.0,0.0,0.0,6.4745799265444886
13.0,7691.412240943238,671.6369810940437,1.1351986450217633,8.0,5.0,0.3711587185557714,0.0,1.0,0.0,11.451740236838262
17.0,10834.94100414971,1935.0397937225578,3.0360734295354868,5.0,12.0,0.32218581221099185,1.0,0.0,0.0,5.599337563650747
3.0,1252.181204991327,1124.0142422805752,2.6929351066765785,2.0,1.0,0.4185245151485848,0.0,0.0,0.0,1.114026102063179
37.0,16691.932904574835,1130.104909293742,2.5050353295158723,22.0,15.0,0.36271907926744124,0.0,0.0,0.0,14.77025076814014
55.0,38331.05637166589,11073.476973388777,15.888975968493861,29.0,26.0,0.5782075987576225,0.0,0.0,0.0,3.461519490561199
42.0,37873.02657843449,4433.2415325309,4.916325976237688,17.0,25.0,0.30229966581066625,1.0,0.0,0.0,8.542964848750998
27.0,21534.918853302825,2204.965121889704,2.7645359936841007,10.0,17.0,0.6923468369091518,0.0,1.0,0.0,9.766557592914179
26.0,17187.272074585715,4607.590674213584,6.970120506016415,14.0,12.0,0.6422666701049403,0.0,0.0,0.0,3.7302081043731627
19.0,9633.572201683934,4975.044130897247,9.812127475468001,9.0,10.0,0.4962682368301514,0.0,1.0,0.0,1.9363792457347555
10.0,5419.4378285346465,774.9959394940133,1.4300301323016806,6.0,4.0,0.6683768879227627,1.0,1.0,0.0,6.992859642687858
36.0,12574.747300116569,660.157430651589,1.8899518961495865,15.0,21.0,0.5512237330629108,1.0,1.0,0.0,19.048103855628852
34.0,7152.4608551419315,580.4647755471016,2.7593023951208777,19.0,15.0,0.6975059506756678,1.0,1.0,0.0,12.321955020269009
2.0,549.2806568960236,71.71576484158561,0.2611261253831521,1.0,1.0,0.41132248056378695,0.0,1.0,0.0,7.659134056637905
26.0,13258.960179514075,16046.74760974794,31.46667854829751,14.0,12.0,0.6987624570470053,1.0,1.0,0.0,0.8262708744455878
18.0,7948.827858863962,661.0003418436037,1.4968252381911962,6.0,12.0,0.3720989168488289,0.0,1.0,0.0,12.025451963752083
11.0,2267.228249616694,1199.2490640644,5.818443602640644,5.0,6.0,0.4413673470556161,1.0,1.0,0.0,1.890539936660683
42.0,20686.48361598222,1902.4233215501204,3.862511434440871,16.0,26.0,0.6741296321360377,1.0,0.0,0.0,10.873754217398151
32.0,13962.045923417953,927.6236229344531,2.1260462898288313,17.0,15.0,0.44821691410148734,0.0,1.0,0.0,15.05141264002127
38.0,10086.34869984099,1186.5555948536444,4.470310708685821,16.0,22.0,0.3839345508279466,0.0,1.0,0.0,8.500527698480989
43.0,18316.46050866739,3040.9549930905687,7.138991981612278,26.0,17.0,0.3237948421892916,1.0,0.0,0.0,6.023259321589661
58.0,25276.945191690407,25395.913244749278,58.272981842745885,20.0,38.0,0.35958328388884275,1.0,0.0,0.0,0.995315464661092
48.0,18080.28345672512,33216.36104670701,88.18364679171503,25.0,23.0,0.4420893761284743,1.0,1.0,0.0,0.5443186094738561
37.0,25357.359219341954,2938.6106004977055,4.287851557329348,20.0,17.0,0.4684928209874835,1.0,0.0,0.0,8.629030064428148
52.0,6209.823754229556,351.37869985616004,2.942385020198897,16.0,36.0,0.5169804537680958,0.0,1.0,0.0,17.67273815052421
29.0,2982.365853876367,606.2886891568128,5.895444371016609,9.0,20.0,0.6254351978108723,1.0,1.0,0.0,4.919052436924148
59.0,29538.772256499284,2568.051311561994,5.129361033237273,25.0,34.0,0.30536593992735367,0.0,0.0,0.0,11.502407340347336
46.0,23884.370142409214,1743.1427919047992,3.3571983665269287,25.0,21.0,0.6364464524922306,0.0,0.0,0.0,13.701901102611247
39.0,22652.878060947995,17927.880229187223,30.865275796617325,27.0,12.0,0.5308997372092437,0.0,0.0,0.0,1.2635558566521605
54.0,21179.086110585784,6822.384419669027,17.394931808600962,18.0,36.0,0.6025912233138008,1.0,0.0,0.0,3.1043524972773726
31.0,9808.872408427544,1473.031027329978,4.655373211705349,18.0,13.0,0.6027916882830098,0.0,0.0,0.0,6.658972028720362
43.0,21437.08125882345,1597.593382289008,3.2045647730216085,25.0,18.0,0.6612810717229142,1.0,0.0,0.0,13.418358824263981
18.0,7410.318712747214,841.2451598035981,2.043422619652893,10.0,8.0,0.33735208353373924,1.0,1.0,0.0,8.808750488950533
57.0,46182.21401307492,3142.247528341044,3.8782919559623354,29.0,28.0,0.5286061153425619,1.0,1.0,0.0,14.697191610953995
38.0,16535.87290056854,952.605302969426,2.189119481656973,26.0,12.0,0.6636118113579282,0.0,0.0,0.0,17.35857741818519
47.0,23000.059573859467,1515.202660655536,3.0962756779877427,24.0,23.0,0.5876825256152877,0.0,1.0,0.0,15.179526918140931
28.0,27862.34158174848,1403.9745912207663,1.4109111554332796,18.0,10.0,0.33863396459861517,0.0,0.0,0.0,19.84533178589932
52.0,23974.493642000856,1587.7670365717192,3.4438218856512544,21.0,31.0,0.5455857243519027,1.0,0.0,0.0,15.09950332119641
6.0,3667.3882382389083,215.08378559338658,0.35188603707253613,4.0,2.0,0.6199523636803779,1.0,1.0,0.0,17.05097494039864
8.0,5034.095093418165,302.24442191795663,0.4803157927042364,6.0,2.0,0.4099447145222795,1.0,0.0,0.0,16.65570885137677
31.0,20034.69019105293,1370.4741502974043,2.12055680692244,21.0,10.0,0.5529972940066855,0.0,1.0,0.0,14.61880195748693
44.0,24547.487935619018,1529.8248894122771,2.742125602044532,19.0,25.0,0.6361648885576576,0.0,1.0,0.0,16.045946242285016
48.0,25860.871626340893,1383.1613574352295,2.567266336424134,31.0,17.0,0.5095467823632618,0.0,1.0,0.0,18.696930395954833
27.0,14041.805165120426,1473.371948913441,2.833043341142366,9.0,18.0,0.3776748803381702,0.0,1.0,0.0,9.530387201599538
39.0,15007.24756257657,1173.924567920691,3.050729852892927,22.0,17.0,0.5198728488466976,0.0,1.0,0.0,12.783826127055244
34.0,19213.527859307025,1861.2263443496831,3.293601059174336,15.0,19.0,0.5352015732619794,1.0,0.0,0.0,10.323047445376815
57.0,51626.56254664035,3031.829509196949,3.3473908294417742,32.0,25.0,0.4611411088936239,0.0,0.0,0.0,17.028187894481857
39.0,28943.31888991575,3343.874298546144,4.505740967002117,18.0,21.0,0.5718466498110388,0.0,0.0,0.0,8.655624077286571
26.0,14580.373715568112,888.85482285598,1.5850228426984467,8.0,18.0,0.4733331578753577,0.0,0.0,0.0,16.40354908433742
58.0,38927.62565802949,2433.414044418175,3.625651762481487,23.0,35.0,0.6509620350617895,1.0,1.0,0.0,15.99712377238992
8.0,2609.3185460309564,135.62209122196919,0.4158084613417995,3.0,5.0,0.6166501870048727,0.0,1.0,0.0,19.239627722303382
59.0,26425.95658044332,5268.366313916741,11.762435602846708,28.0,31.0,0.62190874633966,1.0,0.0,0.0,5.015967950185504
10.0,6895.699688368111,485.3764869265954,0.7038828673837756,6.0,4.0,0.5104306821093141,1.0,1.0,0.0,14.20690922222395
18.0,14353.80189644949,947.4116518343326,1.1880761526488857,11.0,7.0,0.37853912823626823,0.0,1.0,0.0,15.15054397806735
49.0,16945.511513465295,904.7857516796936,2.6162976430115883,30.0,19.0,0.5897687276433325,1.0,0.0,0.0,18.72875593145308
44.0,17744.422877076217,978.0473528195645,2.4252174230842973,27.0,17.0,0.3275685406317726,0.0,0.0,0.0,18.142703240207844
58.0,54303.95920899102,4725.436027821562,5.047059065414743,26.0,32.0,0.5070299744611948,1.0,0.0,0.0,11.491840941083545
45.0,23366.351247920753,2013.6278599280054,3.8779376692295267,23.0,22.0,0.32119163259260697,1.0,1.0,0.0,11.604106057986398
38.0,32857.550992522876,9699.760566288613,11.217844616686268,19.0,19.0,0.5113674749428047,0.0,1.0,0.0,3.387460006664376
22.0,11910.172196013487,610.762215551404,1.128175858500885,8.0,14.0,0.5743688676515621,0.0,1.0,0.0,19.500505913354235
2.0,1098.472112930174,213.8104288195861,0.3892869492139347,1.0,1.0,0.4676792985677194,0.0,0.0,0.0,5.137598380933365
9.0,3950.1164022121843,272.26245233301154,0.6203265477505491,5.0,4.0,0.46676126662172823,1.0,1.0,0.0,14.508487558103278
19.0,13081.709537738869,821.4001569526077,1.193009440935584,10.0,9.0,0.3491175401096641,1.0,1.0,0.0,15.926110345865984
4.0,3086.2220402431994,348.6370446342262,0.4518625556918815,2.0,2.0,0.4207398421193438,0.0,1.0,0.0,8.852249316997051
31.0,9082.986173126625,2130.4986333907227,7.271337462839896,11.0,20.0,0.4777094882340026,0.0,0.0,0.0,4.263314714579707
47.0,20186.964809127894,5284.878258999596,12.304439053694065,28.0,19.0,0.6454248554520903,0.0,0.0,0.0,3.8197596651827506
57.0,38931.895177866114,2271.7907955021437,3.326117949101078,22.0,35.0,0.6591919609356305,1.0,0.0,0.0,17.137095217986754
30.0,14222.708173294033,1388.9916998083745,2.9298042599576424,20.0,10.0,0.6814320408030341,0.0,0.0,0.0,10.239591910632871
52.0,20868.791127254615,11291.213542679641,28.134983988245164,21.0,31.0,0.3401054788506721,1.0,1.0,0.0,1.8482327916634207
59.0,41412.597415658944,2884.982855330807,4.110198323376747,29.0,30.0,0.418484324507555,0.0,1.0,0.0,14.35453848161963
51.0,36755.22268806762,7291.382792864774,10.117215874108306,25.0,26.0,0.48516516750133915,1.0,1.0,0.0,5.040912503460341
28.0,11482.004292236024,654.8394546351117,1.596890600553193,11.0,17.0,0.5566975297560208,1.0,1.0,0.0,17.534075277480042
20.0,10849.466111951784,1742.6181843449112,3.2123574862826496,9.0,11.0,0.5811193958397973,1.0,0.0,0.0,6.225957131298006
58.0,14981.6923675109,3703.386818124861,14.337261117245115,22.0,36.0,0.6144065154475666,0.0,1.0,0.0,4.045403060298355
16.0,5134.461086468164,2945.8859624225297,9.17996545401469,8.0,8.0,0.4983495240240615,0.0,1.0,0.0,1.7429259489209399
25.0,13120.8261606669,1279.4507148563316,2.4378242253750355,17.0,8.0,0.5226337066507579,0.0,0.0,0.0,10.255046175921068
6.0,3037.688145095812,335.94514025883257,0.6635542377209425,3.0,3.0,0.6842282756206178,1.0,0.0,0.0,9.042214876974832
48.0,14717.98951938591,978.6757997812599,3.191770066667401,24.0,24.0,0.39601131191587835,1.0,1.0,0.0,15.038677284832701
39.0,13915.403387140512,1493.2578348196587,4.185078501697238,25.0,14.0,0.6215038971536698,1.0,0.0,0.0,9.318821614501076
6.0,1721.946756053329,249.22777686141433,0.8684163177006933,3.0,3.0,0.5847272137429818,1.0,0.0,0.0,6.909128580041202
14.0,8274.167599356988,1570.0461401596722,2.6565386425026727,9.0,5.0,0.35603593469124245,0.0,0.0,0.0,5.270015566877234
34.0,3620.0534624950806,646.5503903779785,6.072483044960317,16.0,18.0,0.6705966770872418,0.0,0.0,0.0,5.599027572125923
33.0,9823.590284902706,529.2721393660814,1.777963055515774,16.0,17.0,0.6421424624505794,1.0,0.0,0.0,18.560565641464887
48.0,6115.761140809718,1829.2489486703564,14.356994577546889,17.0,31.0,0.6118018611586904,1.0,0.0,0.0,3.3433181116518558
17.0,9924.670053117134,502.15593807724315,0.860144559126371,6.0,11.0,0.3507094335014237,0.0,0.0,0.0,19.764119669915146
55.0,7669.930949398285,1167.0542624896266,8.368782569283116,30.0,25.0,0.3558682124371402,0.0,1.0,0.0,6.572043131084883
27.0,13671.337672091917,7539.125001065799,14.88928003324121,17.0,10.0,0.5732793832794297,0.0,0.0,0.0,1.8133851965790744
49.0,40567.33535432475,8095.053904666063,9.77775931951495,17.0,32.0,0.34290800607163946,1.0,1.0,0.0,5.011373096717906
15.0,12520.301943812705,10301.664650467526,12.341952330740408,10.0,5.0,0.34532624236113163,0.0,1.0,0.0,1.2153668721146431
4.0,555.2739446569431,35.119261725392484,0.2529869233975292,2.0,2.0,0.4601117867816436,1.0,0.0,0.0,15.811093894820122
5.0,2798.409601630956,272.3398861957313,0.48659761250999045,2.0,3.0,0.30215115551024874,1.0,0.0,0.0,10.275430605195055
23.0,6950.732036649908,1026.258978493945,3.3958950483059183,15.0,8.0,0.5885933611263978,1.0,1.0,0.0,6.772883046392678
57.0,14898.24919290306,1123.7270507192347,4.299326790795555,38.0,19.0,0.5160827972699306,0.0,1.0,0.0,13.257889612399671
4.0,1909.2240364879408,151.1490657930478,0.3166711981504063,2.0,2.0,0.3312696596858603,1.0,0.0,0.0,12.631398192708888
23.0,17150.139321892377,912.2197065522238,1.2233750908319772,9.0,14.0,0.517433099384937,0.0,1.0,0.0,18.800448180090424
8.0,4959.454198752573,257.94019877288474,0.4160783641679976,3.0,5.0,0.3216351491507712,1.0,0.0,0.0,19.227147309130174
56.0,19990.421600991736,1466.6872828870025,4.108692126713196,23.0,33.0,0.32827844239929294,1.0,1.0,0.0,13.629641324524835
41.0,26281.27877876202,1605.9023438074746,2.5052812935919078,25.0,16.0,0.4941864760605815,0.0,0.0,0.0,16.365427748521164
46.0,2357.8833466885512,148.67905141652307,2.9005830058408923,20.0,26.0,0.49992930020625803,0.0,0.0,0.0,15.858880751686812
43.0,15024.666133474133,1525.1137166799663,4.364815113670323,25.0,18.0,0.4355979091572813,1.0,0.0,0.0,9.851505477363002
40.0,13408.867642389996,950.7176672897069,2.8360863650683363,15.0,25.0,0.5487085833247326,0.0,1.0,0.0,14.103942846266667
46.0,23720.550363998165,14721.67391951174,28.548958177857244,23.0,23.0,0.4549433610619164,1.0,0.0,0.0,1.6112672032872253
2.0,918.8688145360002,60.56138187086167,0.1318172538077555,1.0,1.0,0.534784231605195,0.0,1.0,0.0,15.172520608848624
52.0,24528.700626353195,1274.975351448637,2.7029038058420007,26.0,26.0,0.4399139749598537,0.0,0.0,0.0,19.238568493487733
44.0,20462.468135065978,11724.687709470028,25.2113408710761,23.0,21.0,0.5859867858635902,1.0,0.0,0.0,1.7452463248584817
44.0,22197.183720703964,1326.748787091329,2.6299258215162036,31.0,13.0,0.531714446983827,1.0,1.0,0.0,16.730509902607498
24.0,14592.628641399473,781.9035813627822,1.2859702260542891,16.0,8.0,0.364017418736891,0.0,1.0,0.0,18.66295153165296
48.0,25433.577850582875,5574.521485050087,10.52062092303195,28.0,20.0,0.5745075420710879,1.0,1.0,0.0,4.562468351551138
24.0,10635.111280298119,1010.94375203691,2.281372466109797,9.0,15.0,0.6135743690133834,0.0,0.0,0.0,10.519983192803615
4.0,2321.3986238438256,125.0701573255521,0.21550828201742972,3.0,1.0,0.32634962718243304,1.0,1.0,0.0,18.56077159798662
54.0,35922.134271449846,1870.3104590104774,2.811546887035492,35.0,19.0,0.5439842381202438,0.0,1.0,0.0,19.20650879023321
15.0,5831.922327832112,2241.96610432718,5.7664505242834245,10.0,5.0,0.616171862405229,0.0,0.0,0.0,2.601253567828711
7.0,3416.8361770582537,487.2400343392326,0.9981983518188673,3.0,4.0,0.34586115911144133,1.0,0.0,0.0,7.01263429983124
38.0,27830.489879154058,1991.0229337447395,2.71856053597429,14.0,24.0,0.6606609678940124,1.0,1.0,0.0,13.97798559095959
15.0,4191.71796819793,937.7251988004546,3.3556355863450205,9.0,6.0,0.46591951450110236,0.0,1.0,0.0,4.470092062749309
51.0,43907.962401810626,6724.88773072305,7.811095197911816,23.0,28.0,0.5951359284394873,0.0,0.0,0.0,6.529174041257892
27.0,6268.563136406293,12180.08777659071,52.462161234046825,12.0,15.0,0.6596199387317069,1.0,0.0,0.0,0.5146566470936309
2.0,861.8541555181054,276.87802404921626,0.6425171179519822,1.0,1.0,0.6958548603481132,1.0,0.0,0.0,3.1127575345774177
57.0,17667.834035613465,1567.8995181580444,5.058360428044705,30.0,27.0,0.5335700256125159,1.0,1.0,0.0,11.26847341363399
31.0,29065.147380590137,2222.2510209911347,2.370185182571279,13.0,18.0,0.5817095714012617,0.0,1.0,0.0,13.079146822768447
17.0,6788.609901919684,522.3698877628547,1.308115832293937,10.0,7.0,0.40067986964696795,1.0,0.0,0.0,12.995791030361948
41.0,16393.10251646603,1052.3042677746876,2.6318675757334997,23.0,18.0,0.4160185488741547,1.0,0.0,0.0,15.578291392025424
32.0,13627.208064384518,1634.9646173838476,3.8392947043218233,16.0,16.0,0.6403077707610378,1.0,1.0,0.0,8.33486420408889
3.0,1557.3616847363703,282.8409274759959,0.5448463197369757,1.0,2.0,0.4592975614609358,0.0,1.0,0.0,5.506139789011052
46.0,19978.3356340785,55366.961422673216,127.48210221769271,31.0,15.0,0.6289735817712151,1.0,0.0,0.0,0.36083496584837343
25.0,11835.565976888003,2836.7243913100683,5.991949174313896,12.0,13.0,0.3202387258153811,1.0,1.0,0.0,4.172265029745118
42.0,1680.0,267.42492868211883,6.685623217052971,20.0,22.0,0.3873013687171649,0.0,1.0,0.0,6.282136853430643
53.0,27105.89426161937,7518.499075002488,14.700878234420061,26.0,27.0,0.36803763558806113,0.0,0.0,0.0,3.6052267867852867
37.0,18631.76899900117,41231.47301859607,81.87974538380324,17.0,20.0,0.5108269878809829,0.0,1.0,0.0,0.451882206357215
40.0,28308.55037929915,8871.150900878563,12.53494196208035,23.0,17.0,0.3322122190226518,1.0,1.0,0.0,3.1910797928705716
16.0,12188.995034494086,913.8077730366325,1.1995184448931047,5.0,11.0,0.4375481749685232,0.0,1.0,0.0,13.338686093673068
15.0,6936.875815824607,550.0991126785436,1.1895105100994627,10.0,5.0,0.6944980439402385,1.0,0.0,0.0,12.610229058628287
26.0,17244.391224704566,921.3278760009792,1.3891197702420401,9.0,17.0,0.6176868546801488,1.0,1.0,0.0,18.716888605990945
51.0,14263.998439462972,892.9812795267585,3.1927965674664853,36.0,15.0,0.6042365651679845,0.0,1.0,0.0,15.97345741337632
32.0,20910.99099325507,1838.0486014074672,2.8127579063092134,18.0,14.0,0.3540458797762171,0.0,0.0,0.0,11.376734530981764
22.0,8481.106483807862,3035.200542856224,7.873313708573605,7.0,15.0,0.4458236426328053,1.0,1.0,0.0,2.7942491324895657
47.0,12363.843799577484,1093.8325372886395,4.1581024547012575,25.0,22.0,0.5722351885149015,0.0,1.0,0.0,11.30323278755688
51.0,23606.995482318685,18459.96186647285,39.8804691556473,22.0,29.0,0.3086500948973585,1.0,0.0,0.0,1.2788214652379062
54.0,42125.10242973602,4872.120468253,6.245551704580405,37.0,17.0,0.473590596390451,0.0,1.0,0.0,8.646153703346513
19.0,10187.821039577218,1300.1867740429707,2.424811803313892,11.0,8.0,0.6714359156891097,0.0,0.0,0.0,7.8356596474965485
43.0,34369.79807003406,4003.524343205582,5.008802973094379,22.0,21.0,0.33293592275984313,1.0,0.0,0.0,8.584885496790687
36.0,12609.124460526209,2238.626516907743,6.391447309523622,17.0,19.0,0.6625037354824002,0.0,0.0,0.0,5.632527071976004
28.0,19867.966185468744,1446.8035920817545,2.0389857824460234,20.0,8.0,0.3778086498084144,1.0,1.0,0.0,13.732317430095284
25.0,9239.199813815272,549.0750876779385,1.4857214335188225,14.0,11.0,0.37564288933765244,0.0,1.0,0.0,16.82684212261065
8.0,4360.525874382725,283.48395873989745,0.5200913227559323,4.0,4.0,0.3781743835054172,1.0,1.0,0.0,15.381914002349601
17.0,9236.72161744201,734.609158877598,1.352033353190702,8.0,9.0,0.6725024329212845,0.0,0.0,0.0,12.573654311028063
33.0,20865.84544389954,1933.8171032351183,3.0583934199232994,14.0,19.0,0.541497997757465,0.0,1.0,0.0,10.789978746693615
53.0,29157.85057106007,43510.777106162444,79.08920381516208,31.0,22.0,0.6003155781187492,1.0,1.0,0.0,0.670129391160206
52.0,18312.480806653097,1265.3265644704563,3.593012986452336,28.0,24.0,0.4465630424338686,0.0,0.0,0.0,14.472533273903828
12.0,8112.736685022153,742.7607047351248,1.0986586651181516,8.0,4.0,0.6493003743892447,1.0,0.0,0.0,10.922409644591024
41.0,34699.584073468235,6365.396542052255,7.521163875381786,21.0,20.0,0.5327748543659749,1.0,0.0,0.0,5.451283960744543
6.0,2299.435893292658,348.9043017619191,0.9104084252480947,3.0,3.0,0.5399339732826164,0.0,1.0,0.0,6.590448675126161
41.0,5451.096973150735,291.2633428293106,2.19071447725491,20.0,21.0,0.6009284208312549,1.0,0.0,0.0,18.71535539007134
21.0,12597.142187085912,1007.2857189998541,1.679190389760159,13.0,8.0,0.6094570493356647,1.0,0.0,0.0,12.50602679008868
28.0,12145.389793307964,1272.5076756550013,2.933641120186367,13.0,15.0,0.5727454286345159,1.0,1.0,0.0,9.54445307141769
43.0,20372.51543878445,1638.0058482066327,3.457317368811269,28.0,15.0,0.3475639734383501,0.0,1.0,0.0,12.437388707182734
26.0,15892.124329801263,1913.7547337358894,3.130961100261878,11.0,15.0,0.6466906370932899,1.0,1.0,0.0,8.304159383463858
48.0,19618.632673674256,2080.418770704384,5.090064259565355,28.0,20.0,0.4043596464341055,1.0,1.0,0.0,9.430136350400174
32.0,14279.347383400504,2444.394871129153,5.4778859128438215,21.0,11.0,0.6984776633371678,1.0,1.0,0.0,5.841669671318024
59.0,28318.58970014828,3208.8786786577903,6.685496843079664,36.0,23.0,0.45420317270743726,1.0,0.0,0.0,8.825073346803308
39.0,30964.080716283126,2255.6134778832193,2.8409991061412394,17.0,22.0,0.34799891903957103,0.0,0.0,0.0,13.727565037136314
19.0,9614.26449563161,11353.087406299182,22.43631437617459,11.0,8.0,0.4264346010356783,1.0,0.0,0.0,0.8468414054750607
46.0,11631.803056502367,731.0635174707787,2.8911185686604886,18.0,28.0,0.5294136974402789,1.0,0.0,0.0,15.910796775558289
25.0,6520.6075942944235,1144.8817804247285,4.3894750752464695,8.0,17.0,0.45657849528096794,1.0,1.0,0.0,5.69544184018319
32.0,16891.071498621448,1235.8957786843212,2.3413946783142805,20.0,12.0,0.6314726755876884,0.0,1.0,0.0,13.66706787897837
9.0,2467.0295987562376,191.65309833506984,0.6991719458433868,6.0,3.0,0.5728825181681905,0.0,1.0,0.0,12.872370027867197
8.0,1500.3144209213428,114.79131633385434,0.6120920507495277,2.0,6.0,0.3853802262416335,0.0,1.0,0.0,13.069929580369042
35.0,21948.751936538076,1801.7109062323773,2.8730509097037746,24.0,11.0,0.5155413219853181,1.0,1.0,0.0,12.182171879303269
12.0,7642.796166884747,398.3925995811837,0.6255186047860873,6.0,6.0,0.6150128000792938,0.0,1.0,0.0,19.18408166948722
59.0,25155.988900052533,2468.3385871148616,5.789157294447397,39.0,20.0,0.6564935006210257,1.0,0.0,0.0,10.191466045773048
51.0,28495.324769747433,1943.7775528352583,3.4789094700841634,31.0,20.0,0.4579777339632166,0.0,0.0,0.0,14.659766354531262
42.0,22580.221811242205,1598.7453129136495,2.97372203442847,28.0,14.0,0.6697858880605756,1.0,1.0,0.0,14.123714158129824
44.0,27301.29059652795,5731.305101608084,9.2368316281292,28.0,16.0,0.31438778384778854,0.0,1.0,0.0,4.76353816670269
36.0,22354.19930836656,3920.447120710116,6.313627895978401,25.0,11.0,0.5706764808719074,0.0,1.0,0.0,5.70195149177717
5.0,200.0,23.504134842296306,0.5876033710574077,3.0,2.0,0.6127938979368766,0.0,1.0,0.0,8.509141108231509
24.0,10845.604999284507,1940.1542012880718,4.29332442348634,9.0,15.0,0.47005655225682214,1.0,1.0,0.0,5.590073712741024
30.0,18107.425129068797,2458.068840130538,4.072476604392203,14.0,16.0,0.3043897903675304,1.0,0.0,0.0,7.3665248236526955
55.0,22984.977498570843,2928.1478510126935,7.006669108799945,33.0,22.0,0.5748140641077908,0.0,0.0,0.0,7.849664247869703
14.0,7101.3673899275145,587.0306577143692,1.1573023555517041,5.0,9.0,0.4370256970151964,1.0,1.0,0.0,12.097097990719963
30.0,19504.199890068463,4395.999811620134,6.761620322387965,20.0,10.0,0.3607251818770056,1.0,0.0,0.0,4.436806352564479
21.0,10839.885979659082,673.4679462469182,1.3047025492449027,8.0,13.0,0.36284351060632414,0.0,1.0,0.0,16.095622724239913
9.0,7214.25495102276,821.7767349975725,1.0251911895530705,6.0,3.0,0.6076656223325284,1.0,1.0,0.0,8.778850317591518
7.0,5077.78075319357,359.11846987632896,0.4950645589716097,3.0,4.0,0.3749557696849763,0.0,0.0,0.0,14.139570028080774
23.0,10954.604896331404,6540.931491733959,13.73316753398039,15.0,8.0,0.49363931925686655,0.0,1.0,0.0,1.6747775007543166
6.0,2762.3445951302656,293.0617855239308,0.6365500945260105,4.0,2.0,0.6881557438626233,0.0,1.0,0.0,9.42580961278112
5.0,200.0,326.2750965283274,8.156877413208186,2.0,3.0,0.6035274791473366,0.0,1.0,0.0,0.6129796669376998
22.0,9563.390333681686,706.5985392305018,1.6254871254519323,13.0,9.0,0.5188774594858934,0.0,1.0,0.0,13.534404336720517
13.0,2981.500878952631,431.6626548097271,1.8821441751503867,5.0,8.0,0.5113101410496799,0.0,1.0,0.0,6.907016036091537
34.0,18504.360885604234,974.5500791236057,1.7906429135836983,21.0,13.0,0.3669309766186468,0.0,1.0,0.0,18.98759364141128
3.0,1591.722426672001,244.26864642873912,0.4603855088090829,2.0,1.0,0.4785694300061095,0.0,0.0,0.0,6.516278081298316
19.0,12144.251872901754,1074.9096854315999,1.68172434473071,8.0,11.0,0.3579598615625341,1.0,1.0,0.0,11.297927665453651
28.0,21821.35464290987,4208.650085824406,5.40031562345614,9.0,19.0,0.3334328460924174,0.0,1.0,0.0,5.1848821351075625
57.0,28200.52850173956,2270.346014448791,4.588911261560165,27.0,30.0,0.3436548943836938,1.0,0.0,0.0,12.421246947499439
38.0,36331.16397061629,3878.4290160840987,4.056580811184391,14.0,24.0,0.5426444626607112,0.0,1.0,0.0,9.367494885158031
53.0,28963.98531933098,3890.899212875722,7.119795705212591,33.0,20.0,0.3774211931047425,1.0,1.0,0.0,7.444033817037376
21.0,4997.091146390141,1214.7724845075845,5.105014382835034,8.0,13.0,0.3597382059964335,0.0,1.0,0.0,4.113602514149588
28.0,10852.397499383329,4770.597456781069,12.30849946267267,19.0,9.0,0.6468523848387948,0.0,1.0,0.0,2.274850812230533
26.0,11061.717158399326,4530.540732251006,10.648804100824742,18.0,8.0,0.34880518529378113,1.0,1.0,0.0,2.4415887224356316
53.0,32776.54780222581,1640.3982067898246,2.652540026010813,35.0,18.0,0.5822540455635197,1.0,0.0,0.0,19.980848349235785
57.0,17701.351137385973,2138.9812550935426,6.887718942698553,31.0,26.0,0.46680010485895856,1.0,0.0,0.0,8.275599000801833
57.0,25103.074935972883,283658.02566231554,644.0847387816383,23.0,34.0,0.5316318951059837,0.0,0.0,0.0,0.0884976720731222
45.0,21050.63747283522,1104.3867306211116,2.360850256534131,28.0,17.0,0.3093421657988033,0.0,0.0,0.0,19.060929372988987
31.0,12721.65099253563,28358.594519002905,69.10395754489001,18.0,13.0,0.3000076958066315,0.0,0.0,0.0,0.4485994883847624
33.0,21855.34151908614,2601.580706279601,3.928200491959947,23.0,10.0,0.6268994176075697,0.0,1.0,0.0,8.400793204812947
58.0,36439.328106198125,2536.9079223171602,4.0379630235105095,26.0,32.0,0.4901764634039065,0.0,1.0,0.0,14.363677840114585
18.0,13199.641686374252,721.4395372345829,0.9838078925754181,6.0,12.0,0.3285227745796771,1.0,1.0,0.0,18.296254925216644
22.0,9543.489203110721,668.682363795504,1.5414710165655137,15.0,7.0,0.4373824412762193,0.0,1.0,0.0,14.272081514070416
54.0,39987.29773059734,4300.017457863449,5.806867578024697,34.0,20.0,0.5025417745003142,0.0,0.0,0.0,9.299333810255236
24.0,5452.813987310181,279.7732572834423,1.2313932201664632,9.0,15.0,0.35419739073879986,0.0,0.0,0.0,19.490118677732863
15.0,3334.8470970304293,3996.596841796623,17.976522126106442,9.0,6.0,0.518535179911015,0.0,1.0,0.0,0.834421691513745
34.0,8746.14853457975,443.10098449404484,1.7225220236351055,10.0,24.0,0.5115002879349057,0.0,0.0,0.0,19.73849944063326
20.0,10036.846770528358,590.5638898100908,1.1767916823123972,10.0,10.0,0.5411340665376903,0.0,0.0,0.0,16.995361456583357
53.0,39245.20803572421,2111.983808234114,2.852198967438661,24.0,29.0,0.6241047221021754,0.0,1.0,0.0,18.582153841670866
54.0,20496.865529091996,3993.3809011588105,10.520758325535478,24.0,30.0,0.4651115253547447,1.0,0.0,0.0,5.132709860745855
19.0,7688.565061135139,2658.527868590868,6.56976030007983,8.0,11.0,0.6554240113840284,1.0,1.0,0.0,2.8920385420711816
32.0,14617.485086020239,1100.4540553112051,2.409068972037931,13.0,19.0,0.4898695011639752,0.0,1.0,0.0,13.283139823485367
59.0,36259.37185597433,3506.2357731892857,5.705225987914707,28.0,31.0,0.48285958568572507,1.0,0.0,0.0,10.341395787823094
45.0,18201.372269808835,1735.5796449099817,4.290944817962863,18.0,27.0,0.5622742793615918,1.0,1.0,0.0,10.48720081685037
14.0,5506.432517833797,297.7069141739438,0.7569141699161044,7.0,7.0,0.5470084861299134,0.0,0.0,0.0,18.496152610740193
36.0,8313.154103824629,669.3029865596782,2.8984074173559566,19.0,17.0,0.3045739755035704,0.0,1.0,0.0,12.42061408773258
37.0,14269.263777289303,2280.993358116237,5.914583651093834,22.0,15.0,0.692972236089678,1.0,0.0,0.0,6.255723510336568
39.0,28684.201672895593,3571.5391508461416,4.855984087387661,22.0,17.0,0.6770774344577871,0.0,1.0,0.0,8.031327800536626
3.0,1554.555605087086,572.951346251266,1.1056883607952435,1.0,2.0,0.4125143769986223,1.0,1.0,0.0,2.713241910082432
19.0,6688.552861057922,1720.8976546589458,4.888509684791265,6.0,13.0,0.5234333360663007,0.0,1.0,0.0,3.8866651035000017
51.0,38108.66852183513,13096.509911760142,17.52677360315194,32.0,19.0,0.6081940694358599,1.0,0.0,0.0,2.9098339006802925
15.0,5744.359493819438,354.25524977359964,0.9250515662053067,10.0,5.0,0.6681871296391833,1.0,0.0,0.0,16.215312257166524
19.0,14895.831202033369,1055.5267137461203,1.3463503505892749,13.0,6.0,0.5343626560497997,0.0,0.0,0.0,14.11222568604377
20.0,15614.4279116004,1468.8490304396735,1.881399739722035,14.0,6.0,0.307576053175273,1.0,1.0,0.0,10.630383101336495
12.0,6134.427903299205,815.8961336000522,1.5960336901074317,7.0,5.0,0.5722711790148981,0.0,1.0,0.0,7.518638280870036
11.0,2203.191039782287,164.58353142368318,0.8217257663862936,7.0,4.0,0.33723122755961554,1.0,1.0,0.0,13.386461091970792
22.0,21073.802707521325,1295.4573438442812,1.3523929193093567,11.0,11.0,0.5684711094150399,1.0,0.0,0.0,16.26746168653043
52.0,30027.670985151282,1703.156243535266,2.949417046284705,32.0,20.0,0.5349710408122534,1.0,1.0,0.0,17.630602652650595
2.0,870.445190111764,79.39863852142209,0.18243225288252188,1.0,1.0,0.5562678511659238,0.0,1.0,0.0,10.962973752716355
18.0,12442.060493190202,758.3520323795018,1.0971122178920563,11.0,7.0,0.37570307959416027,1.0,1.0,0.0,16.40670818030303
5.0,3202.3027870213473,312.4029060957877,0.4877785251318666,2.0,3.0,0.4974439451247825,1.0,1.0,0.0,10.250553770583267
34.0,25914.380779227795,2722.992580936522,3.572601195474157,15.0,19.0,0.5471827177866915,0.0,0.0,0.0,9.516875279298423
16.0,5880.487076224332,339.61091202765977,0.9240347818146053,7.0,9.0,0.4201171645656651,0.0,1.0,0.0,17.3153655196609
47.0,26493.650080079286,3414.939880438357,6.058137474280495,21.0,26.0,0.37264930456939904,1.0,0.0,0.0,7.758160028480046
35.0,9198.908388285441,1157.3198788724924,4.403369840286786,22.0,13.0,0.3890722955545196,0.0,1.0,0.0,7.94845794686201
47.0,29763.5433199676,4853.030145949714,7.6634832891894025,27.0,20.0,0.6432066676439117,0.0,1.0,0.0,6.132981338434076
38.0,18825.615190833374,1810.4861593206422,3.654513988349447,15.0,23.0,0.4858174081180002,1.0,0.0,0.0,10.398099479477603
27.0,15017.449979628787,1375.2548126928193,2.4725822288787787,16.0,11.0,0.5644293507906215,1.0,1.0,0.0,10.919758172104741
51.0,24007.232816827203,1815.127027491927,3.8559828660137323,23.0,28.0,0.505955545659598,0.0,1.0,0.0,13.226199848943617
29.0,13044.264840587504,1510.011344498759,3.3570561105298538,15.0,14.0,0.6336509007496327,1.0,0.0,0.0,8.638521086685932
57.0,18602.16461623226,4231.752176064153,12.966763761738612,26.0,31.0,0.5033979468589145,1.0,0.0,0.0,4.395853973077807
59.0,38827.07653327396,2238.7106666486293,3.401851005163267,30.0,29.0,0.33733012516865224,0.0,0.0,0.0,17.343499145156823
36.0,28725.86906453835,4131.603201925206,5.177831693625655,21.0,15.0,0.3791938774132612,1.0,0.0,0.0,6.952717301398386
41.0,15935.3194569373,863.1078410402041,2.220691061655671,24.0,17.0,0.30530616606880845,0.0,0.0,0.0,18.462721225811485
16.0,9771.329615907503,2333.898288411972,3.82162654238979,10.0,6.0,0.632609713223891,0.0,0.0,0.0,4.186698993877792
49.0,28735.399521670377,2560.369245405278,4.365976987034625,22.0,27.0,0.5653091333230738,1.0,1.0,0.0,11.223146650912799
40.0,20064.78249079087,1865.541943681602,3.7190374618570217,23.0,17.0,0.6036807672486662,0.0,1.0,0.0,10.755471115912572
54.0,10512.766079661062,634.00479477781,3.256636612911827,21.0,33.0,0.5860080938785003,0.0,0.0,0.0,16.581524566143557
17.0,4074.569006223985,1444.838991322754,6.028186739497472,8.0,9.0,0.6297918754946789,0.0,0.0,0.0,2.8200851656790533
47.0,16158.769659175236,887.6861372321662,2.5819570010530937,25.0,22.0,0.6947878012469011,0.0,1.0,0.0,18.203246599703355
29.0,2093.7726032827964,196.56160053781542,2.722495464244421,17.0,12.0,0.5613885319642291,0.0,0.0,0.0,10.6519920348328
12.0,9379.273751773477,798.7199040889491,1.0218956288865202,8.0,4.0,0.40090624118417545,1.0,1.0,0.0,11.74288220909161
11.0,6308.94710419537,616.8419677567836,1.0754982619544402,5.0,6.0,0.34055601688393766,1.0,0.0,0.0,10.227817551290453
34.0,16796.264870885974,21850.30934710263,44.230697926729114,22.0,12.0,0.5358991713578609,0.0,0.0,0.0,0.768696891383516
20.0,1239.0567229286853,124.31642990058346,2.0066301663211035,8.0,12.0,0.608302824512325,0.0,0.0,0.0,9.966958703041632
7.0,946.5808029714394,178.33716238780485,1.318809902753014,4.0,3.0,0.5246286856805118,0.0,1.0,0.0,5.307815770405961
26.0,12987.824781427817,1885.9480316125587,3.775431963945536,16.0,10.0,0.4214219072219798,0.0,0.0,0.0,6.886629198537737
39.0,34869.82173077502,2682.381279703525,3.0000976407662394,23.0,16.0,0.5878939391622944,1.0,1.0,0.0,12.999576903783442
20.0,7205.423216507672,722.0544673946317,2.0041972433774613,13.0,7.0,0.4791889984278658,0.0,0.0,0.0,9.979057733008414
57.0,38347.29736430179,20080.2378602779,29.84756780021074,36.0,21.0,0.4146356405169297,0.0,0.0,0.0,1.9097033427158359
47.0,18988.917367855367,12599.02607823539,31.184201511112377,19.0,28.0,0.6364337952097644,1.0,1.0,0.0,1.5071734314970906
31.0,15842.483407590973,4220.305730072172,8.258142001243947,22.0,9.0,0.5306075124472828,0.0,0.0,0.0,3.7538710275665377
56.0,41604.45910760083,10783.501307689201,14.514695928837867,38.0,18.0,0.41337919915451593,1.0,1.0,0.0,3.8581586741158618
27.0,11631.861197100661,954.5579290423022,2.2157300235465596,13.0,14.0,0.4314417337275675,1.0,0.0,0.0,12.18560010157873
10.0,3619.7901838957337,1006.2243940525227,2.7797865150559415,3.0,7.0,0.5286660461539044,0.0,0.0,0.0,3.5973985577085785
4.0,3134.4564432998113,177.6872275465231,0.22675348119939057,2.0,2.0,0.46916943759678087,0.0,1.0,0.0,17.640302494331674
56.0,28510.247596472265,6732.490631565653,13.223998637399673,36.0,20.0,0.3642076472537604,0.0,0.0,0.0,4.234725179237592
57.0,40939.73803268226,21915.49932949951,30.512737057189934,39.0,18.0,0.544187972956832,0.0,1.0,0.0,1.8680723362563334
44.0,15969.809738214753,911.4598761492788,2.511253121231704,28.0,16.0,0.5756440264208982,1.0,0.0,0.0,17.521133026374955
7.0,5469.3438925453665,920.4883315642201,1.178097126006617,3.0,4.0,0.3000435185133738,1.0,1.0,0.0,5.941785142730823
19.0,10539.783643231522,1234.5741608299709,2.2255588776561934,6.0,13.0,0.514747726437353,1.0,0.0,0.0,8.53718146518303
4.0,2347.830100971727,122.39388791065555,0.20852256363865307,2.0,2.0,0.5308645919530267,0.0,1.0,0.0,19.182576361048223
4.0,2105.3034491433395,111.44970657295417,0.21175038993700165,2.0,2.0,0.4328256216915872,1.0,1.0,0.0,18.89016592219759
16.0,6382.480057611195,445.9346066732613,1.1178967489704337,6.0,10.0,0.4354925036152535,1.0,1.0,0.0,14.31259194083511
35.0,17488.220326535196,12269.575971276245,24.555680965608534,12.0,23.0,0.4270635529317283,0.0,0.0,0.0,1.4253320870644663
5.0,2057.4097620106336,173.07868339448584,0.4206227815924771,2.0,3.0,0.4781312273311943,1.0,0.0,0.0,11.88713550195738
59.0,40822.64353920847,2063.614764125706,2.9824935508274386,23.0,36.0,0.6247759515437199,1.0,0.0,0.0,19.782104804093045
28.0,12862.87986441549,679.1032305879178,1.478276300244818,17.0,11.0,0.4876104268371715,1.0,0.0,0.0,18.94097875705841
17.0,3411.8754255007416,1576.1061821050155,7.853101814774755,8.0,9.0,0.6974594826724243,0.0,0.0,0.0,2.16474972577286
31.0,5087.572843066439,639.9826804245171,3.8995929306836543,15.0,16.0,0.45046346990673314,0.0,1.0,0.0,7.949547696652854
47.0,7268.849368188011,1145.6103059573663,7.407456345930367,25.0,22.0,0.5797049024669221,0.0,1.0,0.0,6.344958080761644
20.0,12471.883030215766,4727.644045761036,7.58128349072441,14.0,6.0,0.5195862685563053,0.0,1.0,0.0,2.638075732752865
4.0,1078.7965509012447,77.54863064597666,0.2875375549956708,2.0,2.0,0.6049154484490216,1.0,1.0,0.0,13.91122630941278
4.0,2240.0686206708533,406.30454201942456,0.7255215992405535,2.0,2.0,0.6553458276039053,1.0,1.0,0.0,5.513274868986723
51.0,26893.060078412414,3880.631699238871,7.359230079586608,30.0,21.0,0.5046733172481269,0.0,1.0,0.0,6.930072772349691
8.0,3896.4662481443565,2103.174414106931,4.318116529526808,5.0,3.0,0.4977916836714585,0.0,1.0,0.0,1.8526595901932883
38.0,22331.879545706008,2236.665343442468,3.805917136390625,22.0,16.0,0.6770876119574079,0.0,1.0,0.0,9.984452797634379
24.0,12759.856978034528,3980.677108348609,7.487250896685412,12.0,12.0,0.6734638290520054,1.0,0.0,0.0,3.2054488798585266
47.0,1880.0,216.8345762974725,5.420864407436812,25.0,22.0,0.6987986918372908,1.0,0.0,0.0,8.670203950410809
5.0,2176.37475915151,747.9780441609324,1.7184035998757452,2.0,3.0,0.36259036611511797,1.0,0.0,0.0,2.909677330960865
54.0,31591.11384788506,1655.7790414111723,2.8302917290834686,25.0,29.0,0.30142748945411096,1.0,1.0,0.0,19.079305304505407
42.0,34778.37561034199,11819.724524225283,14.274054532605595,17.0,25.0,0.4749241208292416,1.0,1.0,0.0,2.942401537282995
28.0,23444.162652861985,2240.962517654248,2.6764423802809185,12.0,16.0,0.5933360653440192,1.0,1.0,0.0,10.461648719320133
14.0,3183.1785619612815,799.8443493896519,3.5178111040543416,7.0,7.0,0.3291424040515199,0.0,1.0,0.0,3.9797475151138
58.0,24943.186527971833,15852.867360400202,36.86242356693689,31.0,27.0,0.4494406528693543,0.0,0.0,0.0,1.5734179792785543
19.0,3548.763707909608,868.5056901790379,4.649959668101419,9.0,10.0,0.5325837907150408,1.0,1.0,0.0,4.086056945899858
30.0,24119.310450660494,21106.496484615593,26.252611816318655,10.0,20.0,0.38501897002046626,0.0,1.0,0.0,1.1427434424392
24.0,16861.709799113043,5956.143435400749,8.477636263028158,10.0,14.0,0.5924567991112943,1.0,0.0,0.0,2.8309777932637266
15.0,8551.763660589524,864.2502200927431,1.5159157591239463,7.0,8.0,0.3918150619903005,0.0,1.0,0.0,9.895008947376178
26.0,13863.693278553092,1062.0492591748448,1.9917694501553391,15.0,11.0,0.6362688060855274,0.0,1.0,0.0,13.053719645098607
10.0,7761.262200698948,4330.024149039119,5.579020573031503,4.0,6.0,0.43930933507118275,1.0,0.0,0.0,1.79242931068208
2.0,1484.5300779040556,167.77533117857936,0.22603156874457425,1.0,1.0,0.5394593789588441,1.0,0.0,0.0,8.848321546890157
18.0,13168.960907962035,1130.7829936209669,1.5456112313972465,6.0,12.0,0.5176616028400023,0.0,0.0,0.0,11.645878105924371
8.0,4730.687775651615,1001.6696729694642,1.6939095885802642,4.0,4.0,0.41857868659104147,0.0,0.0,0.0,4.722802240410677
26.0,11184.012842526356,1496.5965818868508,3.479208373321968,10.0,16.0,0.4756286495237424,0.0,0.0,0.0,7.472964309744706
52.0,33978.0982529826,22910.09964517555,35.06156149997459,26.0,26.0,0.6383892367568772,1.0,1.0,0.0,1.4831056511854923
11.0,7295.292191561252,1642.486372269753,2.476576622368394,6.0,5.0,0.5193377142503588,0.0,1.0,0.0,4.441615050650243
2.0,923.7450121632161,98.67256509621778,0.21363593588483348,1.0,1.0,0.3222347843309351,0.0,1.0,0.0,9.361720872082854
8.0,3438.0017298652137,173.55474467654983,0.40385027888477304,4.0,4.0,0.5852129163685296,1.0,0.0,0.0,19.809321469560178
31.0,22526.5422712609,1130.5390495273948,1.555796274160612,10.0,21.0,0.37298099911847743,0.0,1.0,0.0,19.92548800563571
17.0,14157.994769816662,722.5880554765901,0.867636776451578,8.0,9.0,0.4944251054027391,0.0,0.0,0.0,19.593452538429545
30.0,10503.625314511402,1237.0925744818783,3.5333302667587323,19.0,11.0,0.48741555228284505,1.0,0.0,0.0,8.490573406691535
3.0,1341.9739947312155,808.6258034412358,1.807693308400948,1.0,2.0,0.49459477142011143,0.0,0.0,0.0,1.6595735493725672
21.0,11973.918921109731,1840.643351259383,3.2281419835156755,14.0,7.0,0.31240560253039756,0.0,0.0,0.0,6.505290073124203
25.0,14932.994988743052,3115.973085584402,5.216590991849454,13.0,12.0,0.4089554076805699,0.0,1.0,0.0,4.792401788650997
27.0,10679.221660097011,32183.277952502387,81.36814951265566,9.0,18.0,0.3202941890875578,0.0,1.0,0.0,0.3318251694515989
33.0,28931.23616027069,14837.212162089105,16.92385346538747,13.0,20.0,0.4659826810483566,0.0,1.0,0.0,1.9499105252530893
47.0,27467.695496124612,3021.3567658509432,5.169846447985762,31.0,16.0,0.5485346909144861,0.0,1.0,0.0,9.09117910422887
29.0,17582.023769129206,2575.6428734720303,4.248296118324965,20.0,9.0,0.5616296502837137,0.0,1.0,0.0,6.826266152895725
50.0,42588.84081511754,11674.390990413682,13.705927147786662,32.0,18.0,0.3258192014638102,1.0,1.0,0.0,3.6480567466079363
32.0,13126.005598434624,915.58507221614,2.232112586818535,14.0,18.0,0.34755564198597555,0.0,0.0,0.0,14.336194414642005
17.0,8199.331620096254,1142.850616440561,2.3695175874910475,10.0,7.0,0.5646027114651482,0.0,0.0,0.0,7.17445613813754
15.0,3740.0333129351134,219.4241805814111,0.8800356663502984,6.0,9.0,0.512475059821359,1.0,1.0,0.0,17.04476372214356
20.0,9310.598110985688,1916.7491396584537,4.117349104343486,9.0,11.0,0.6333648032914295,1.0,1.0,0.0,4.85749434724919
36.0,7279.7218276653875,674.6136106492511,3.3361288464454426,21.0,15.0,0.3820568668857367,1.0,1.0,0.0,10.790950127228164
16.0,10393.11793341815,2791.164750142403,4.296943062551283,11.0,5.0,0.3481369150305533,1.0,0.0,0.0,3.72357738212619
55.0,32119.964250769914,3234.232648783599,5.538075767902952,26.0,29.0,0.4448096584549388,0.0,1.0,0.0,9.931247296897547
29.0,12892.998019176466,4170.187740147575,9.379931982026658,14.0,15.0,0.5548268539973087,1.0,0.0,0.0,3.0917068541188044
52.0,24955.593438694385,7623.535226253321,15.885169500738291,20.0,32.0,0.4943868965421413,0.0,0.0,0.0,3.273493556211862
41.0,26744.024604549722,2180.7190000720784,3.343157222033993,19.0,22.0,0.3394373064391596,0.0,1.0,0.0,12.263856371988213
21.0,5729.6564350624285,1078.5171608685534,3.9529177071841044,7.0,14.0,0.3285168355705697,0.0,0.0,0.0,5.312531541406546
15.0,8112.50360235757,2325.3483383759467,4.2995635854636385,10.0,5.0,0.5710774508635426,0.0,0.0,0.0,3.4887261699567333
45.0,28795.5882581287,1548.2434177400626,2.419500972640676,14.0,31.0,0.41878728456668934,1.0,1.0,0.0,18.59887659019471
21.0,3014.4488748895847,3320.1889663690536,23.12992231334626,12.0,9.0,0.5677929884068782,1.0,1.0,0.0,0.9079148522640188
16.0,10191.801618246462,899.9617875066954,1.4128403534001082,7.0,9.0,0.4179659532306623,0.0,0.0,0.0,11.324704848282948
55.0,9085.312904122764,826.849804293808,5.005522618326426,27.0,28.0,0.425917684737417,1.0,1.0,0.0,10.987863644573642
29.0,13817.95199366111,2736.4193719532127,5.742975646683912,12.0,17.0,0.3839258925653395,0.0,0.0,0.0,5.049647044341042
4.0,1069.287116723819,117.72664272541653,0.4403930090773686,2.0,2.0,0.6934867846092256,1.0,0.0,0.0,9.082796315000715
30.0,23587.47947574009,13101.471118611465,16.663252805904634,16.0,14.0,0.3064281160374243,1.0,0.0,0.0,1.8003687724985775
28.0,7520.1220967468535,520.8079041984033,1.9391468821847484,16.0,12.0,0.35090097354465394,1.0,0.0,0.0,14.439339411181518
52.0,8838.02512356002,1975.9234265822952,11.62567618283616,35.0,17.0,0.6345160723766944,1.0,0.0,0.0,4.472858110117622
43.0,22646.828417728313,5794.935676632528,11.002963836655146,19.0,24.0,0.3552646936242084,1.0,1.0,0.0,3.90803792853979
13.0,5424.372251945861,856.6837684658934,2.0531203377610243,7.0,6.0,0.4122787567764292,1.0,0.0,0.0,6.331825641636185
10.0,1990.7895426721336,110.27912001586496,0.5539466510751458,7.0,3.0,0.40511398731106363,1.0,1.0,0.0,18.052279909249684
37.0,22391.032473745887,1404.750396274962,2.321275927008575,15.0,22.0,0.5787942329031526,1.0,1.0,0.0,15.939509633256675
4.0,406.8007500402566,21.477823927166703,0.21118765316967855,3.0,1.0,0.4644804712159296,0.0,1.0,0.0,18.940501208118466
20.0,5855.0361096675,448.4332999874163,1.5317866246699623,14.0,6.0,0.6362351290523957,0.0,1.0,0.0,13.056648803360055
10.0,3849.5634591584308,289.9797410801326,0.753279544957875,6.0,4.0,0.5989708782956296,1.0,0.0,0.0,13.275284145090149
3.0,1981.3334352930842,205.81821622410718,0.31163591027826465,2.0,1.0,0.5124405324831265,0.0,1.0,0.0,9.62661843855303
55.0,41750.152037144675,2305.5596969423495,3.0372532109346917,32.0,23.0,0.3996247102476297,0.0,1.0,0.0,18.108467151171162
7.0,5043.895146258602,492.4717414296036,0.6834603198609952,3.0,4.0,0.6169675238144126,0.0,1.0,0.0,10.241999127943064
2.0,938.6904838151069,131.5900010138935,0.2803693086970991,1.0,1.0,0.6463962216378026,0.0,1.0,0.0,7.133448412360742
56.0,2240.0,174.65231298386902,4.366307824596726,39.0,17.0,0.6345130044434419,0.0,0.0,0.0,12.82548144785742
12.0,6938.047250924541,633.8731071554907,1.096342675506033,5.0,7.0,0.3206855070446008,0.0,0.0,0.0,10.94548289334922
49.0,38911.62264440121,15415.456326419553,19.412126985746312,30.0,19.0,0.5791834731421759,0.0,0.0,0.0,2.5241953154324146
3.0,2240.274244688141,284.1230957892745,0.3804754214305928,2.0,1.0,0.5815754545128308,0.0,0.0,0.0,7.884872007552969
10.0,5925.898019487439,940.4930428753254,1.5870894837921516,4.0,6.0,0.6772302159584684,0.0,0.0,0.0,6.300841951334875
8.0,2096.795577058476,123.74612070253542,0.4721342301804536,4.0,4.0,0.40539134669161336,0.0,1.0,0.0,16.944333811472077
42.0,16587.421169521313,2180.286481370967,5.520570755497568,26.0,16.0,0.6145387318039701,0.0,0.0,0.0,7.607909011613519
37.0,32810.22655071799,1995.752608433297,2.2506045911595836,20.0,17.0,0.5756386000649253,1.0,0.0,0.0,16.44002689114591
29.0,6282.968698948023,707.8865033520769,3.267358088326529,18.0,11.0,0.6514907884755464,0.0,0.0,0.0,8.875672398323864
16.0,4326.908069918765,286.88579811866686,1.06084360835169,7.0,9.0,0.5773232121256493,1.0,0.0,0.0,15.08233624073992
7.0,4819.572171631398,1753.2892889692366,2.5464967814000605,5.0,2.0,0.6409818146933781,0.0,0.0,0.0,2.7488744737982387
35.0,14481.885286361305,782.9412277235448,1.8922220711229847,20.0,15.0,0.4438301388147978,1.0,1.0,0.0,18.496771882186327
15.0,3954.734633386135,410.3626590234623,1.5564735578936948,9.0,6.0,0.3630497682928409,1.0,1.0,0.0,9.63716982143842
36.0,29001.39248680571,5542.046825266498,6.879451936673847,15.0,21.0,0.44534081385836966,0.0,0.0,0.0,5.232975000244812
41.0,24280.659020790146,4988.09930684141,8.422838581332812,20.0,21.0,0.6260206755380978,0.0,1.0,0.0,4.867717646977897
51.0,21605.628123352784,4047.292373565341,9.553617690416917,34.0,17.0,0.3526599910714491,0.0,1.0,0.0,5.33829190707069
30.0,8125.3509846029065,1103.0665976598534,4.07268535137782,10.0,20.0,0.5551780717180311,1.0,0.0,0.0,7.366147249713454
2.0,1818.9626255439753,126.62889533412628,0.13923199251689616,1.0,1.0,0.6950224220738522,1.0,1.0,0.0,14.364514676878555
18.0,8911.973452512213,469.18505812332603,0.9476387122584166,11.0,7.0,0.6580059503182176,0.0,1.0,0.0,18.99458070587083
51.0,39752.74623718884,2967.2214503769624,3.806738107257025,30.0,21.0,0.5684733313315801,1.0,1.0,0.0,13.397296730966461
32.0,21719.254685500415,1980.6054930562632,2.9181192769064928,21.0,11.0,0.6170521307312649,0.0,1.0,0.0,10.96596710533481
37.0,14645.328443692066,1627.3443739596657,4.1113275177137885,22.0,15.0,0.3465905816262487,1.0,0.0,0.0,8.999526269941837
28.0,11127.529756057225,671.4462779832753,1.6895480125135354,19.0,9.0,0.4995335050054279,1.0,0.0,0.0,16.572479617400447
11.0,8681.892775454624,510.679712926383,0.6470336581525054,5.0,6.0,0.5127649693091966,0.0,0.0,0.0,17.000661188799096
54.0,42795.18719229576,7258.217388329674,9.158593867311378,30.0,24.0,0.6130783038503693,1.0,1.0,0.0,5.896101604934731
46.0,5732.373019689245,300.58481396266586,2.4120728701343643,29.0,17.0,0.41303733828462635,0.0,1.0,0.0,19.07073396063593
59.0,35987.407079589866,4536.674876662927,7.437707782923803,34.0,25.0,0.34259411457669076,0.0,0.0,0.0,7.932551495967322
51.0,24263.60899181908,1515.3809378984229,3.1851991951765055,17.0,34.0,0.5792455370348668,1.0,1.0,0.0,16.01155748037098
18.0,5280.036613421378,273.03863730699044,0.930807081722334,8.0,10.0,0.4970376518285321,1.0,0.0,0.0,19.338056567740555
16.0,8837.587503095032,627.3140691643772,1.1357200257553257,8.0,8.0,0.6369176238874865,0.0,0.0,0.0,14.087979112069444
16.0,3681.290268843538,1124.7666169721126,4.888575623569954,10.0,6.0,0.49259587741547395,1.0,0.0,0.0,3.2729369927013146
55.0,22368.9910988929,1904.8086293508907,4.683468921380368,28.0,27.0,0.6385083116753315,1.0,0.0,0.0,11.74343225571992
34.0,11570.37861716422,4781.931465813512,14.051888465989322,21.0,13.0,0.5031340007273676,1.0,0.0,0.0,2.419603605756789
28.0,11201.168920726408,709.2317350587421,1.772894304352383,18.0,10.0,0.6130794039291657,0.0,1.0,0.0,15.79338369538508
58.0,28170.849473520906,4975.2149013572225,10.243300066260062,24.0,34.0,0.5882980715679067,1.0,0.0,0.0,5.662237718783964
36.0,10687.920034280498,767.8359572645376,2.5862931583380058,20.0,16.0,0.40643301615205224,0.0,0.0,0.0,13.91953572004737
54.0,43990.33351183161,2416.216369766269,2.966008064755542,28.0,26.0,0.4237593300348163,1.0,0.0,0.0,18.20628899889747
59.0,35320.74215405068,9647.453865260215,16.11517038820418,23.0,36.0,0.6596782090076917,1.0,1.0,0.0,3.6611465208699387
6.0,5153.475634058466,653.3713553347842,0.7606959672226967,3.0,3.0,0.3924028510520017,1.0,1.0,0.0,7.887513880093276
22.0,10295.648136056714,794.4160794048958,1.697528267861099,11.0,11.0,0.5790002225043767,0.0,1.0,0.0,12.960019822067647
44.0,17170.64833178544,2038.7393920430625,5.224295059601112,28.0,16.0,0.3580480527989218,1.0,0.0,0.0,8.422188926549548
49.0,41732.47302203168,11796.705704139313,13.851050216881813,24.0,25.0,0.6020633484996967,0.0,0.0,0.0,3.5376378854130683
10.0,3843.88052025203,6101.603917681661,15.873552483055848,3.0,7.0,0.3893159398317305,1.0,0.0,0.0,0.6299787026675002
20.0,9286.8319120435,1137.8644383739104,2.4504900038048207,10.0,10.0,0.5376261491005263,1.0,1.0,0.0,8.16163296685416
33.0,21252.31290928228,1634.5770235023153,2.5381257092265384,21.0,12.0,0.5256973950948151,1.0,0.0,0.0,13.001720080309312
48.0,12117.832240346128,1053.6343009093555,4.173555586556336,25.0,23.0,0.38140570121340645,0.0,1.0,0.0,11.500984952642149
8.0,5138.07149566984,1622.3715938262083,2.526039733302236,3.0,5.0,0.4965613284502759,0.0,0.0,0.0,3.1670127332248157
36.0,22200.09887638514,2455.4007597384366,3.9817132276204106,24.0,12.0,0.6516992101771683,0.0,1.0,0.0,9.041334205154364
19.0,14323.436208543764,1930.1358023246187,2.560320003540281,7.0,12.0,0.5722117392608106,1.0,0.0,0.0,7.420947371315993
14.0,9492.124608428396,1719.4825273550737,2.536076629419295,6.0,8.0,0.6970617596396663,1.0,1.0,0.0,5.520337925753327
31.0,23559.86578784094,1613.8042480878448,2.1234387386256763,15.0,16.0,0.6138217043984786,1.0,0.0,0.0,14.598961315014765
26.0,12425.806117356267,1995.2935194288204,4.174991225131629,15.0,11.0,0.5573821737212019,0.0,0.0,0.0,6.227557999042327
38.0,12443.705577826338,1149.445662596424,3.5101228412617207,24.0,14.0,0.5252808256621672,0.0,1.0,0.0,10.825831949043932
20.0,18439.94165633345,998.4639702810142,1.0829361490285174,6.0,14.0,0.6749714584114912,1.0,1.0,0.0,18.46830952862885
49.0,9538.382967884725,882.4844968951955,4.533445605346046,30.0,19.0,0.5108053749410115,1.0,1.0,0.0,10.808555845958969
6.0,1288.1843053514303,104.22534465192102,0.48545232643625746,4.0,2.0,0.4610691082543278,0.0,0.0,0.0,12.359607057703188
51.0,31264.30601319008,20687.61120098077,33.746732481600496,34.0,17.0,0.6337974317476414,1.0,1.0,0.0,1.5112574240426504
3.0,2474.99162890641,686.777289645588,0.8324601363791821,2.0,1.0,0.6760977675681406,0.0,0.0,0.0,3.603776167647639
44.0,23668.047444044652,11467.20822288834,21.318072942009564,27.0,17.0,0.49156675676006845,1.0,1.0,0.0,2.0639764259973634
22.0,15396.936278689705,1005.8085871818085,1.4371553221679556,8.0,14.0,0.354895409445041,0.0,1.0,0.0,15.308018319699011
24.0,2420.1469081345986,144.68829345359845,1.4348381212787251,10.0,14.0,0.5433491272848675,1.0,1.0,0.0,16.726625564291005
3.0,1200.2730226913177,318.3931253063073,0.7958017533187296,2.0,1.0,0.596352904771626,1.0,0.0,0.0,3.769783099231824
42.0,5258.838419996623,1188.5800376630032,9.49265932796585,23.0,19.0,0.4494544332733761,0.0,1.0,0.0,4.424471430915665
11.0,7216.904108103052,1110.6371645454835,1.6928323595547308,6.0,5.0,0.5991515430258529,0.0,1.0,0.0,6.497985425381018
40.0,7622.149387287884,643.6539756506423,3.37780824251028,27.0,13.0,0.5124205370569164,1.0,0.0,0.0,11.841998458229018
44.0,10755.194154912706,863.5357241735471,3.5327648498358943,29.0,15.0,0.42054245216391845,1.0,0.0,0.0,12.454834066310388
51.0,30743.057090606308,2235.7381346446055,3.70889090602883,30.0,21.0,0.5518084913771311,1.0,1.0,0.0,13.75074147290208
43.0,30631.689427352474,1691.5552313407484,2.3745629544905875,28.0,15.0,0.4555790262065539,0.0,0.0,0.0,18.10859548645858
19.0,8895.921188728977,1498.626188369895,3.2007812316395166,7.0,12.0,0.6147302015821003,1.0,0.0,0.0,5.936050802905935
44.0,27017.518036154885,2047.9853519013452,3.3352936181285058,27.0,17.0,0.3012320111667434,0.0,1.0,0.0,13.192241834675174
49.0,29770.324035356305,2654.1614236017463,4.368575552017132,34.0,15.0,0.6272712463813246,1.0,1.0,0.0,11.216470773264959
20.0,9138.292562230112,1485.550266271577,3.251264404494055,6.0,14.0,0.4226301110123041,1.0,0.0,0.0,6.151452946230713
9.0,2529.530130804752,139.34553356367553,0.4957876511532573,4.0,5.0,0.6838506253919922,1.0,1.0,0.0,18.152932972543784
53.0,32487.848912977213,16618.726014381755,27.111443454491134,33.0,20.0,0.6036659470497454,0.0,0.0,0.0,1.9548940685863891
10.0,6226.191381550166,436.79021451424364,0.701536762600275,5.0,5.0,0.3964161139063156,0.0,0.0,0.0,14.254420485299427
36.0,24436.975702249867,1677.0874045203582,2.4706472395916927,12.0,24.0,0.6915196634925924,1.0,0.0,0.0,14.57108057480091
15.0,8436.199272236692,460.7234939766239,0.8191902759330011,6.0,9.0,0.4998322367986886,0.0,0.0,0.0,18.310764227414733
9.0,2396.7001557372123,230.54764153860987,0.8657439975879051,4.0,5.0,0.5091695189058391,1.0,1.0,0.0,10.395682817409504
47.0,29989.197516870292,4637.7206535769255,7.268379575528683,20.0,27.0,0.6638072536375461,0.0,0.0,0.0,6.466365647473955
10.0,4997.237839543317,301.70314582331264,0.6037398168962965,7.0,3.0,0.667361226992714,1.0,1.0,0.0,16.563426363707407
40.0,16138.100445413256,1046.0494389276264,2.5927448957598545,23.0,17.0,0.5787530016866531,1.0,0.0,0.0,15.427665122556233
42.0,18525.058967572815,1846.726288412601,4.186896476232465,25.0,17.0,0.6913798558249015,1.0,1.0,0.0,10.031296507668435
5.0,1809.7428216096205,117.75468237620463,0.32533540393178995,2.0,3.0,0.43154812383496644,1.0,0.0,0.0,15.368754643894531
12.0,8133.225069250629,1507.795097372849,2.2246453300401874,6.0,6.0,0.3929346337607731,1.0,1.0,0.0,5.394118261441353
48.0,10386.098557631803,879.3840662337831,4.0641281175023085,21.0,27.0,0.3117026885788822,0.0,1.0,0.0,11.810651291549185
31.0,9340.387204200206,539.582092263456,1.790829918982939,20.0,11.0,0.43853797539111494,0.0,1.0,0.0,17.310409923018117
9.0,3908.2088075909496,611.2506475151459,1.4076156363373356,6.0,3.0,0.5410533373248338,1.0,1.0,0.0,6.393790867099424
59.0,48542.260009220205,5005.996733863641,6.084467580245641,28.0,31.0,0.42215161996665224,1.0,0.0,0.0,9.696822149493327
17.0,12084.553866915685,635.2486362456011,0.893638849650929,12.0,5.0,0.5318481028528378,0.0,0.0,0.0,19.023344840749143
2.0,343.6636787011098,21.513500687293064,0.12520089855642688,1.0,1.0,0.31935430086554706,0.0,0.0,0.0,15.974326247336146
55.0,42364.81797627735,2387.230652200439,3.0992151540588644,24.0,31.0,0.4416364258584924,1.0,0.0,0.0,17.746428455594526
2.0,1539.7680867934737,199.0475708353191,0.258542273401484,1.0,1.0,0.5992019625922778,0.0,1.0,0.0,7.735678864764404
34.0,9016.743383046027,452.4142869466197,1.7059469370180425,15.0,19.0,0.3417307440763868,1.0,0.0,0.0,19.93027992970945
59.0,2360.0,762.8446028471917,19.07111507117979,39.0,20.0,0.5859349822622062,1.0,0.0,0.0,3.0936838134420683
35.0,16994.448643569303,1634.1643872422073,3.3655551146768223,14.0,21.0,0.6053244452037956,1.0,1.0,0.0,10.399473135165364
35.0,25356.970865098752,2638.1897074878093,3.6414696476685693,22.0,13.0,0.5275046036467494,0.0,1.0,0.0,9.611503976810175
24.0,19638.05745504097,1229.0130087559974,1.5019974494764712,9.0,15.0,0.6544350212283878,0.0,1.0,0.0,15.978722206462683
9.0,2932.5109241497494,161.33152306374546,0.49513326467648083,3.0,6.0,0.6818254048902603,1.0,0.0,0.0,18.17692456167449
35.0,29763.853732640757,2033.5737122807668,2.3913260886567302,17.0,18.0,0.31387099318148476,0.0,0.0,0.0,14.636230569315792
54.0,2938.330125179627,234.03694867757937,4.301080780641248,37.0,17.0,0.5716332096282162,0.0,1.0,0.0,12.55498391079954
7.0,2984.7291406389973,347.9835891033171,0.8161159719845547,4.0,3.0,0.39486980098941177,1.0,1.0,0.0,8.57721235742765
53.0,22077.566906313077,2157.908561427418,5.180333242380495,29.0,24.0,0.463273323601931,0.0,0.0,0.0,10.231002045660897
26.0,18992.152529606377,1860.0534552243228,2.5463880284471743,8.0,18.0,0.5492617130038796,1.0,1.0,0.0,10.210541248835195
33.0,25068.79627520255,54933.1403423294,72.31275133421711,11.0,22.0,0.5849089081301906,1.0,1.0,0.0,0.45635105000333437
11.0,7599.292041953469,753.4671828421617,1.090646203028833,4.0,7.0,0.6360763718965105,1.0,1.0,0.0,10.08576380631217
38.0,8735.819629531201,510.0726776996229,2.2187685385653766,24.0,14.0,0.5821547673134371,1.0,1.0,0.0,17.126617463473792
12.0,8070.285676317413,568.3293159307649,0.8450694392619345,5.0,7.0,0.6109595975453244,1.0,0.0,0.0,14.200016522287852
17.0,10230.742693217873,642.4575517976177,1.0675450168246072,7.0,10.0,0.5396284797437646,1.0,0.0,0.0,15.924387011393847
43.0,7127.384286595519,909.0847832277349,5.48457107221094,23.0,20.0,0.3468236334886499,0.0,0.0,0.0,7.840175545881993
4.0,346.38893695865045,32.66890613598098,0.3772511492176296,2.0,2.0,0.3085721259541173,0.0,0.0,0.0,10.603016076413514
27.0,19105.14216611219,26608.936812577464,37.604603393840705,13.0,14.0,0.5119132195686117,1.0,0.0,0.0,0.7179972014921545
36.0,16703.28503294944,2171.8502110278255,4.6809120147784276,11.0,25.0,0.58621641918072,0.0,1.0,0.0,7.690808946278404
9.0,2186.6722335812246,229.82282088666548,0.9459146900093282,4.0,5.0,0.34354623537654266,0.0,1.0,0.0,9.514600095608248
19.0,8708.94667090668,1693.8804505355681,3.6954788881288647,11.0,8.0,0.47171837915024606,0.0,0.0,0.0,5.141417547001679
21.0,12028.972540675451,17866.822113743157,31.191630300914948,8.0,13.0,0.4024709587022579,0.0,0.0,0.0,0.6732575308634638
40.0,19337.19098665962,1398.8492546464224,2.893593501996155,23.0,17.0,0.5268372200547631,0.0,0.0,0.0,13.823641770140094
58.0,10996.960623737397,1259.6746656191067,6.643756680205137,18.0,40.0,0.4562011009695312,1.0,1.0,0.0,8.730000629434423
50.0,43855.5690356411,5256.709308511859,5.993206135621874,33.0,17.0,0.38058700017365854,0.0,1.0,0.0,8.342779952589073
13.0,9110.96671936852,1808.7235111572802,2.580780543853677,9.0,4.0,0.30175708549577784,1.0,0.0,0.0,5.037235742868752
3.0,1298.7735289959196,120.48308819754074,0.2783004554089259,1.0,2.0,0.4286100381523722,1.0,0.0,0.0,10.779716460010441
5.0,2204.9053440977123,250.8814535066011,0.5689166071872042,2.0,3.0,0.506464858674525,1.0,0.0,0.0,8.788634286351094
36.0,20588.30924193487,2165.824782982647,3.7870857325459415,17.0,19.0,0.6716836332013836,0.0,0.0,0.0,9.505990236930366
11.0,3014.8329293712704,259.0422419863748,0.945148447229003,7.0,4.0,0.39099040595453155,1.0,0.0,0.0,11.638383401305822
15.0,8468.029309610907,48065.54278758458,85.14178629441903,8.0,7.0,0.5049020263854532,1.0,0.0,0.0,0.17617671243272043
51.0,11926.52914402019,656.800247190211,2.8085968853306866,28.0,23.0,0.5265986137897405,0.0,1.0,0.0,18.15853327559153
52.0,25266.444144810273,17209.205024024042,35.41767318426001,20.0,32.0,0.5596910627435944,1.0,0.0,0.0,1.468193569054371
50.0,13314.285001431412,1471.8505963064247,5.5273362262719585,17.0,33.0,0.4314265403497808,1.0,1.0,0.0,9.045948708954091
16.0,4422.131256554513,1056.1350387656398,3.8212707040759293,9.0,7.0,0.33979272779599096,1.0,1.0,0.0,4.187088861025659
37.0,30678.347340774755,2921.898116549595,3.5239913386287642,20.0,17.0,0.6685424960728968,1.0,0.0,0.0,10.499458268929013
37.0,18938.2716177057,3357.497950833794,6.559596709168968,23.0,14.0,0.6811021715414378,0.0,0.0,0.0,5.640590670502899
12.0,6497.775564962802,377.6211199825374,0.6973853427971377,8.0,4.0,0.4752924552987683,0.0,1.0,0.0,17.20712963634895
34.0,3322.616944647005,417.5516932285006,4.272763850386396,19.0,15.0,0.5322299847671409,0.0,0.0,0.0,7.957378687550284
32.0,12179.188745465293,952.0068574142247,2.5013340439935297,16.0,16.0,0.3116105573117268,0.0,0.0,0.0,12.793173337580326
24.0,14213.818169780865,2834.1757546107915,4.7854993850471965,16.0,8.0,0.31888625644606994,0.0,1.0,0.0,5.015150576550185
45.0,24247.226393527544,55466.26216163937,102.93885810956255,28.0,17.0,0.33066696633063275,1.0,0.0,0.0,0.4371527023556492
41.0,2836.955464899616,349.68524382458696,5.053690540508846,27.0,14.0,0.5954985259395684,1.0,1.0,0.0,8.112882985484859
32.0,17325.68266660532,1611.2559270868378,2.9759398610110392,22.0,10.0,0.3908937964357399,1.0,0.0,0.0,10.752905466687888
44.0,25225.717471237265,2736.5818425323178,4.773287467788172,20.0,24.0,0.37377888918975133,1.0,0.0,0.0,9.217965667671919
46.0,34810.61038342804,1809.0776886589567,2.39058070978062,27.0,19.0,0.30333413310271373,1.0,0.0,0.0,19.242186558186255
34.0,12544.42839121927,886.4417363461506,2.4025820942838294,20.0,14.0,0.3091590177094355,0.0,1.0,0.0,14.151441518228266
17.0,876.9663515387193,44.038536480956495,0.8536873950325177,6.0,11.0,0.46215350093399715,1.0,1.0,0.0,19.913612522476633
45.0,13529.0632337536,2278.982550937535,7.580289412523921,25.0,20.0,0.5166711722708767,0.0,1.0,0.0,5.93644880176374
43.0,12065.240665730407,764.0283940985788,2.722964411273931,20.0,23.0,0.5316236727071678,0.0,0.0,0.0,15.791612928162573
59.0,38193.1647578037,3430.505880110915,5.299373545241214,28.0,31.0,0.48316447247236594,1.0,0.0,0.0,11.133391427554947
10.0,400.0,32.64075347217452,0.8160188368043629,4.0,6.0,0.48382450885713524,0.0,1.0,0.0,12.254619071247564
26.0,10668.546407622365,541.0624871790299,1.3186074399605057,16.0,10.0,0.6012568741065107,0.0,0.0,0.0,19.71777134882444
55.0,43183.750209349804,3297.213334207677,4.199420673338335,32.0,23.0,0.41582805384004695,0.0,0.0,0.0,13.097044635034784
31.0,15544.717269568537,864.4888529925964,1.7240039801324951,16.0,15.0,0.3950871272035758,0.0,1.0,0.0,17.98139700212151
56.0,38038.748341175946,2618.176667834376,3.8544352743598305,20.0,36.0,0.6417296752127323,1.0,1.0,0.0,14.528717182648979
2.0,343.2806665795649,132.47158899966618,0.7717975516629463,1.0,1.0,0.5757055230864341,0.0,0.0,0.0,2.5913531284087634
4.0,718.4083894349419,51.30204837755118,0.28564281337472897,1.0,3.0,0.49074657963314816,0.0,0.0,0.0,14.003503020930136
48.0,37797.52759531425,3891.7992179642147,4.942290523929418,21.0,27.0,0.4101619302136028,0.0,0.0,0.0,9.712095994275366
22.0,11445.347609331913,622.7059401590185,1.196951910165538,10.0,12.0,0.3546327278314474,1.0,1.0,0.0,18.380019959997732
32.0,16660.955918138523,1031.8715242296605,1.9818724050161431,21.0,11.0,0.31496847869999056,0.0,1.0,0.0,16.14634722144958
26.0,7185.605293843617,3377.508409614289,12.220991142556718,12.0,14.0,0.6409461431964967,1.0,0.0,0.0,2.127487017764143
25.0,13003.908644751158,4778.00815121496,9.185715390932739,13.0,12.0,0.5373542005588765,1.0,0.0,0.0,2.721617090888491
56.0,15165.49923459092,10540.823674754436,38.92296037573675,36.0,20.0,0.31833179716475174,1.0,0.0,0.0,1.4387394858821811
7.0,5161.61862846791,521.8903794897158,0.7077688065288885,3.0,4.0,0.36343495915790175,1.0,0.0,0.0,9.890235251155119
46.0,48096.04253078718,28949.163999239696,27.687549201425554,30.0,16.0,0.41182570726128964,1.0,0.0,0.0,1.6613965961866928
53.0,31629.77516885249,2183.263573102701,3.658355734643091,19.0,34.0,0.4052286350855256,1.0,0.0,0.0,14.487382814665146
40.0,14920.42891630765,1347.879898391363,3.613515150139322,18.0,22.0,0.5193563956885076,0.0,1.0,0.0,11.069553699936133
24.0,960.0,57.395993631063774,1.4348998407765943,8.0,16.0,0.459777449274746,0.0,1.0,0.0,16.725906100185192
11.0,1794.1789480068492,318.57289195673417,1.9531506683973747,6.0,5.0,0.6528866417047866,1.0,1.0,0.0,5.631925983992759
41.0,33249.86701442252,3194.995545898506,3.939709512973938,28.0,13.0,0.5877642802431285,0.0,1.0,0.0,10.406858644014758
29.0,8530.687309027777,3563.778661369976,12.115035686556869,16.0,13.0,0.6642930277240318,0.0,1.0,0.0,2.39371973391536
10.0,4258.330236626975,240.61123079148234,0.5650365693151843,6.0,4.0,0.6451274500637808,1.0,0.0,0.0,17.697969552873094
22.0,13883.434288148386,3920.380142492241,6.2123219186808365,9.0,13.0,0.6685476533973822,0.0,1.0,0.0,3.541348997682274
57.0,45398.103712724434,21699.497960363256,27.245001059240906,38.0,19.0,0.6920045801155057,0.0,0.0,0.0,2.0921269144405796
17.0,7821.404468042951,1888.8816364149045,4.105527076403465,8.0,9.0,0.424678575223785,0.0,0.0,0.0,4.140759440537507
12.0,5028.799512801516,311.68342228394863,0.7437562499531302,5.0,7.0,0.38387224154146393,0.0,1.0,0.0,16.13431820002348
41.0,21087.292433787607,9758.118518705569,18.972699341233884,28.0,13.0,0.36606094488629726,1.0,1.0,0.0,2.1609998273094218
13.0,4868.141676738035,395.5321337169964,1.0562383101730854,6.0,7.0,0.5512353860063137,0.0,1.0,0.0,12.307828522021412
55.0,21187.988763777495,1418.5551122525997,3.6823000070339433,25.0,30.0,0.5723866792705601,1.0,1.0,0.0,14.936316947271758
51.0,29701.177198845508,1975.5913651374162,3.392295158790023,16.0,35.0,0.3351349976842586,1.0,1.0,0.0,15.034069151633279
59.0,31686.43991044694,8247.994056093428,15.357725597600854,22.0,37.0,0.6284286386930537,0.0,1.0,0.0,3.841714687832216
54.0,50021.33731083271,39097.534385907304,42.20732532038433,34.0,20.0,0.6132266125772392,0.0,0.0,0.0,1.2793987676333596
16.0,9404.316213233375,1044.4960871169385,1.7770497094041406,8.0,8.0,0.5513895732823155,1.0,0.0,0.0,9.00368735625574
14.0,10223.207534662719,2499.8168371994434,3.4233322176166534,10.0,4.0,0.47424499178785334,1.0,0.0,0.0,4.089582637628694
21.0,6000.602257762849,428.6005897189722,1.4999515044434946,7.0,14.0,0.3614629153503983,0.0,1.0,0.0,14.000452639828064
29.0,17545.912282175574,2448.4873010492024,4.0468760237995784,16.0,13.0,0.5022369083727548,0.0,0.0,0.0,7.1660213531256485
53.0,18836.397726028772,2089.5407985700745,5.879344019752876,31.0,22.0,0.3636677182165937,1.0,0.0,0.0,9.014611123610985
44.0,25479.98871700971,11011.114899077173,19.01449254708518,24.0,20.0,0.5419915140355733,1.0,1.0,0.0,2.3140244153791505
39.0,24870.413865295763,2186.865990124792,3.4292864636996514,20.0,19.0,0.42398589212922766,1.0,0.0,0.0,11.372628216636425
52.0,26518.635977615326,7069.359770087833,13.862202729992152,28.0,24.0,0.3989225049215187,0.0,1.0,0.0,3.7512075831565506
39.0,38277.14062750339,2815.3725535240483,2.8685405384890035,22.0,17.0,0.4764205519819878,1.0,0.0,0.0,13.595763935252995
23.0,18068.70693789888,12293.15930071018,15.648195794425389,15.0,8.0,0.5322851201034658,1.0,0.0,0.0,1.4698180098304792
25.0,18386.22666414548,941.9609193430584,1.2807969472876575,11.0,14.0,0.44698562622855176,0.0,0.0,0.0,19.5190971160124
31.0,20238.574392694085,1476.5877638814763,2.2617314733813356,15.0,16.0,0.685441360455315,0.0,1.0,0.0,13.706313222786944
7.0,5968.705144822062,1623.9143582137876,1.9045002612263227,4.0,3.0,0.3023590543700121,1.0,1.0,0.0,3.675504877847927
45.0,9567.276322777056,28887.735095133994,135.87441560417886,19.0,26.0,0.6651444073790709,1.0,1.0,0.0,0.33118817696402303
39.0,30188.208320326496,4490.599107297762,5.8013832197749515,14.0,25.0,0.30027361979305495,1.0,0.0,0.0,6.722534699494114
44.0,13277.050054404199,4284.820425796792,14.199848457490743,30.0,14.0,0.38668477546536956,0.0,1.0,0.0,3.0986246178415375
32.0,12388.22963797293,2810.8394036804757,7.260671100418277,12.0,20.0,0.6985404899418248,0.0,0.0,0.0,4.407306095734942
47.0,28777.088974179675,1648.0432427388853,2.6916562852562,18.0,29.0,0.5912381502854758,1.0,0.0,0.0,17.461367655835893
57.0,42558.709886822246,3521.9253532333364,4.717007298110316,31.0,26.0,0.5577993486856034,0.0,0.0,0.0,12.083932968014448
35.0,9424.963578226265,2639.801673384666,9.803014919008447,12.0,23.0,0.5904371523421588,1.0,0.0,0.0,3.5703301779265444
27.0,10732.257660540252,962.0722620197783,2.420362229099372,8.0,19.0,0.46331847480774974,1.0,0.0,0.0,11.155355043714604
8.0,4156.051316002096,806.557974249507,1.5525467092170047,3.0,5.0,0.613683892530517,1.0,1.0,0.0,5.152824035828615
47.0,21748.15955586029,1113.8503824386244,2.4071447443702785,16.0,31.0,0.3619472131673118,0.0,0.0,0.0,19.52520724394388
54.0,36223.54626134003,51489.977292471456,76.75832602731481,25.0,29.0,0.6175569549582391,0.0,0.0,0.0,0.7035067437607204
42.0,49861.79197426996,3401.2710581982055,2.8649869727514177,27.0,15.0,0.6758106719644379,1.0,0.0,0.0,14.65975252224791
52.0,30360.93536866915,1962.4048187911073,3.3610641219717685,23.0,29.0,0.6430747402026232,0.0,0.0,0.0,15.471290672518975
51.0,18000.996330744376,12951.315460913433,36.693362765619284,24.0,27.0,0.5958643813213573,1.0,1.0,0.0,1.3898971409561203
48.0,11553.520025865644,3321.1281368121863,13.797885857305284,26.0,22.0,0.5605509252646708,1.0,0.0,0.0,3.4787938164154637
31.0,13483.425735769244,1747.2553160974653,4.0171478569671715,13.0,18.0,0.5084368661286509,0.0,0.0,0.0,7.716917849123953
7.0,2183.6501595596937,125.71613608359671,0.40300088763422653,3.0,4.0,0.4580893118144752,1.0,1.0,0.0,17.369688789254905
2.0,1187.0199167901692,110.285562524131,0.18581922841253604,1.0,1.0,0.6462614363439357,0.0,1.0,0.0,10.763148771449062
13.0,7675.256253038989,584.8539882330864,0.9905990883391943,6.0,7.0,0.5589834298592307,0.0,0.0,0.0,13.123371657645446
26.0,10591.525336470226,675.8632920319321,1.6591043343230578,12.0,14.0,0.47396012556587946,1.0,0.0,0.0,15.671106067364011
45.0,40364.595124054045,2435.850234705331,2.715579339390406,14.0,31.0,0.6139166872457433,0.0,1.0,0.0,16.571049627333522
28.0,9881.495012256592,1034.5082322929034,2.9313611420410375,18.0,10.0,0.3216415016153392,1.0,1.0,0.0,9.551876634519438
3.0,1428.3413592610955,140.02765793766432,0.294105446915231,2.0,1.0,0.6252477003731861,0.0,1.0,0.0,10.200423118530953
14.0,8789.655464491489,611.4876070735911,0.9739661052261219,9.0,5.0,0.6242808690977841,0.0,1.0,0.0,14.374216848901199
58.0,39347.83676773001,7418.968781395659,10.935802947974167,18.0,40.0,0.3914117653289281,0.0,1.0,0.0,5.303680056775746
59.0,44575.40295420975,2607.195404077983,3.4508836408863837,35.0,24.0,0.3150686359647586,1.0,0.0,0.0,17.09707024049221
23.0,13471.083803368898,28988.953026399882,49.49460112782129,12.0,11.0,0.5854831822119186,0.0,1.0,0.0,0.4646971482930393
48.0,34088.76192756477,8617.7539095927,12.134561781370044,16.0,32.0,0.3799486513718864,0.0,1.0,0.0,3.955643464084007
43.0,15780.069720559723,985.3928246727751,2.6851523606212804,29.0,14.0,0.6984087162884263,1.0,1.0,0.0,16.013988863578238
56.0,38282.51795592428,5598.372443633896,8.189347869031227,34.0,22.0,0.3036729780970651,0.0,1.0,0.0,6.838151327258811
53.0,36090.12899165784,11875.01463285016,17.439000444873372,19.0,34.0,0.39191679249959627,0.0,1.0,0.0,3.0391650122115035
38.0,30497.938728126872,8077.303620833262,10.064205988734226,26.0,12.0,0.3168249589089991,0.0,0.0,0.0,3.775757376442496
24.0,3991.5072373029952,375.19136984101624,2.2559380055812364,8.0,16.0,0.6130622941800878,1.0,1.0,0.0,10.638590218624588
38.0,12105.408321431889,714.9712628144795,2.2443611372323,18.0,20.0,0.5314781968695572,0.0,1.0,0.0,16.931321510432507
20.0,13292.563877469209,9107.728553353894,13.703494129964533,7.0,13.0,0.6393738138183657,1.0,1.0,0.0,1.4594817796336563
22.0,880.0,1337.1947119335157,33.429867798337895,8.0,14.0,0.685045348269171,1.0,0.0,0.0,0.6580941370367556
37.0,22140.845686033794,2373.0544644001156,3.9656577001568407,25.0,12.0,0.5440459441501617,0.0,1.0,0.0,9.330104309945021
35.0,24918.63097451957,1302.8709892520103,1.8299755179347101,19.0,16.0,0.3927014014472048,1.0,1.0,0.0,19.12593893032001
35.0,13465.37326714692,2397.5755831663564,6.231921220896288,14.0,21.0,0.337059776319044,0.0,0.0,0.0,5.616245578111822
24.0,9935.087999462823,517.8448684831352,1.2509478370264284,15.0,9.0,0.6465044179918,1.0,0.0,0.0,19.185452254387613
25.0,7129.313263800481,401.44248714317183,1.4077179396139048,16.0,9.0,0.3980453020074389,1.0,1.0,0.0,17.759239472970528
2.0,791.3811521074387,138.87425360379248,0.3509667957948505,1.0,1.0,0.6574072898792309,1.0,0.0,0.0,5.698544773930847
36.0,14453.506785875345,884.1085210367146,2.202088892947798,24.0,12.0,0.6513150398457099,0.0,1.0,0.0,16.348113881910127
35.0,12720.11107874135,926.2406086506222,2.5485957710661413,23.0,12.0,0.551123684908104,0.0,1.0,0.0,13.733052686247936
56.0,19738.004408813635,1923.621493354991,5.457633983493179,31.0,25.0,0.5415983282300638,1.0,1.0,0.0,10.260856658649907
31.0,13819.77033369196,1628.3117750746692,3.652569023108332,14.0,17.0,0.6803305874107551,1.0,0.0,0.0,8.48717705370535
29.0,12857.994969194497,787.9021001166027,1.7770391852014302,19.0,10.0,0.6024060407139795,1.0,0.0,0.0,16.319279980712864
5.0,4374.131899861057,275.5890814462866,0.3150214576920288,2.0,3.0,0.5733127084722296,0.0,0.0,0.0,15.871934682265675
13.0,5475.118627895774,361.3729805325362,0.858035974414763,5.0,8.0,0.47429630080739127,0.0,0.0,0.0,15.150879902054056
21.0,11945.430908005805,598.312422738907,1.0518298564764461,10.0,11.0,0.4935993782947534,1.0,1.0,0.0,19.965206226745153
23.0,8846.338354209012,921.8466078091243,2.3967511902279774,10.0,13.0,0.45556843933266733,1.0,1.0,0.0,9.596323595780609
23.0,8787.859431129296,544.2034750043176,1.4243149908339887,13.0,10.0,0.678528408143972,1.0,0.0,0.0,16.14811340750732
24.0,3819.021418883412,221.3098797730822,1.390784845639045,16.0,8.0,0.5552476852773085,0.0,1.0,0.0,17.256443421320395
46.0,8543.430520137941,2000.1141340018194,10.7691225377459,23.0,23.0,0.612145435089511,1.0,1.0,0.0,4.271471500000994
9.0,2327.403096624601,2617.3372749697774,10.121167024694165,5.0,4.0,0.31487989403302025,0.0,0.0,0.0,0.8892255189585666
21.0,11271.526705992297,1387.3108202708308,2.5847010778228605,10.0,11.0,0.6409705208567371,0.0,0.0,0.0,8.124730623662165
11.0,7867.5820416260885,458.96799568913826,0.6417026128064444,6.0,5.0,0.4670553189778322,1.0,1.0,0.0,17.141896854513682
19.0,2710.674797797032,465.9429875055642,3.2659457231094238,6.0,13.0,0.5948641499264653,1.0,1.0,0.0,5.817610459830479
41.0,15997.570228939701,1141.4440957865522,2.925394747921693,13.0,28.0,0.31601012592831024,0.0,1.0,0.0,14.01520257364511
4.0,906.4874325197213,4610.92960910009,20.346358674971594,2.0,2.0,0.657549273314386,0.0,0.0,0.0,0.1965953743320405
21.0,9390.036204639091,1315.2194609649766,2.9413740350244026,11.0,10.0,0.5639382358396778,0.0,0.0,0.0,7.139520424788742
3.0,2145.4616962242903,174.00961865054197,0.24331772357918252,1.0,2.0,0.48300031634853086,0.0,0.0,0.0,12.329558060425116
57.0,23405.540621669083,8870.25104320085,21.601906900383874,25.0,32.0,0.4214232396040465,0.0,1.0,0.0,2.6386559419431204
44.0,21581.85064464267,1203.1822594650093,2.4529879428853283,14.0,30.0,0.42440965697948707,1.0,0.0,0.0,17.937307897341306
16.0,12656.730868455405,3995.6016492345084,5.051037827397048,9.0,7.0,0.4213592497905597,0.0,0.0,0.0,3.1676658434857305
13.0,7690.542419320564,422.5484249568307,0.714270752949582,6.0,7.0,0.35241034109806085,0.0,1.0,0.0,18.200381222829694
7.0,2435.8714018564774,557.7948183732252,1.6029432939837254,3.0,4.0,0.4855238152116308,0.0,0.0,0.0,4.366966708225345
29.0,15421.708657847204,775.5112935019528,1.4583226807434775,19.0,10.0,0.4813945416536274,1.0,1.0,0.0,19.885859544621024
45.0,15052.058897379382,1242.458594709106,3.71448432025761,27.0,18.0,0.46477466371602694,1.0,0.0,0.0,12.114736830247038
35.0,20443.374089152,11798.697099446099,20.199914000484984,14.0,21.0,0.5812376949938474,1.0,0.0,0.0,1.73268064404431
53.0,31962.60563317125,23636.070980911707,39.19304253118332,30.0,23.0,0.467925945071367,0.0,0.0,0.0,1.352280827849264
21.0,4757.9292579064995,3080.188199544001,13.5949798082717,7.0,14.0,0.33560148673344825,1.0,1.0,0.0,1.5446878403764017
18.0,9630.537902588785,814.879361538791,1.5230539203584237,7.0,11.0,0.6408238489254752,1.0,1.0,0.0,11.81836030845449
29.0,13818.075103623665,852.9094175925385,1.7900013514687911,17.0,12.0,0.4700403460589063,0.0,1.0,0.0,16.201105086431337
13.0,7916.1612326474915,978.6199549438527,1.60709958278797,5.0,8.0,0.562114261714372,0.0,0.0,0.0,8.08910669832159
58.0,38643.62579182195,4330.07350348508,6.498982899665789,24.0,34.0,0.6719585418761145,1.0,1.0,0.0,8.924473397673143
12.0,7145.879049899052,605.2603517848629,1.0164073825908038,8.0,4.0,0.6069660411463219,0.0,1.0,0.0,11.806289688109329
29.0,12741.478550397436,1192.5578119664488,2.7142985337402816,17.0,12.0,0.5155195484712815,1.0,0.0,0.0,10.684160065487797
32.0,21973.312133529602,1594.9467055119262,2.3227401616209273,21.0,11.0,0.5180089028703163,1.0,1.0,0.0,13.77683157537034
5.0,1626.9372236897484,171.942053558702,0.5284225201042262,3.0,2.0,0.6398124148365627,0.0,0.0,0.0,9.46212511725238
29.0,6840.972438456904,478.67351542510494,2.0291752484328467,12.0,17.0,0.6294529172363226,1.0,0.0,0.0,14.291520667028147
28.0,1120.0,56.1506259807062,1.4037656495176551,15.0,13.0,0.3714610928509695,0.0,1.0,0.0,19.94634931380535
17.0,8261.520764093673,1173.7712436107158,2.415307267410981,8.0,9.0,0.5506004326073748,1.0,1.0,0.0,7.0384419528628595
9.0,3021.2164089118164,10286.796022298464,30.64367184277015,5.0,4.0,0.6462862633740445,0.0,1.0,0.0,0.2936984851612486
4.0,2318.2035808602805,906.8874706913454,1.5648107494593746,2.0,2.0,0.6213229708036252,0.0,0.0,0.0,2.5562196587555124
2.0,211.50904238225291,19.067566668144284,0.18030025055556856,1.0,1.0,0.3498864065249171,0.0,0.0,0.0,11.092607990489729
29.0,10746.3644047829,1553.40462219782,4.191997623278703,10.0,19.0,0.47427712893467067,0.0,1.0,0.0,6.917942853535808
7.0,4158.377868210279,221.1591058312525,0.372287894434437,4.0,3.0,0.507293241843761,0.0,1.0,0.0,18.8026527444146
57.0,16759.867931621622,1333.582806637509,4.53549039219566,19.0,38.0,0.40312382182113465,1.0,1.0,0.0,12.56754949764229
16.0,9309.621595561159,892.488244392846,1.5338767278247025,9.0,7.0,0.5717997542201659,0.0,1.0,0.0,10.431085960011085
39.0,15155.223758469283,948.9280565154141,2.441943107796059,25.0,14.0,0.4904905970245317,1.0,1.0,0.0,15.970888050376773
41.0,20230.97185980402,3883.947940639745,7.871192084578983,24.0,17.0,0.4190034834611862,0.0,1.0,0.0,5.208867927429448
30.0,18570.948038501134,1132.1136742535923,1.8288463333802405,14.0,16.0,0.43474581025364517,1.0,0.0,0.0,16.403783878633075
53.0,36599.64844502232,329521.6000178061,477.1806709339848,20.0,33.0,0.6426673420026584,1.0,0.0,0.0,0.11106904203865425
8.0,4147.9878581129715,334.1765703769559,0.6445082903959736,5.0,3.0,0.6464799221937021,0.0,1.0,0.0,12.412563374607569
15.0,5057.969115363765,270.5027017637897,0.8022074540020259,8.0,7.0,0.6249502629651351,1.0,1.0,0.0,18.69840516336329
16.0,6534.27564038512,414.4061401145018,1.0147258252853928,7.0,9.0,0.6655475284731746,0.0,1.0,0.0,15.767806043075707
9.0,5646.519653556525,330.59244427930327,0.5269320184938492,6.0,3.0,0.6809226034725835,1.0,1.0,0.0,17.080002133339818
19.0,5619.236382766096,705.115171979044,2.3841652770989152,7.0,12.0,0.4967311643119635,0.0,0.0,0.0,7.969246168671434
20.0,9287.733613439177,563.1124927486771,1.212593978651291,10.0,10.0,0.33868144893986685,1.0,1.0,0.0,16.49356697469752
46.0,19449.86629507443,1761.9082070401312,4.167009494783568,16.0,30.0,0.6200284029239155,0.0,1.0,0.0,11.039091717353818
19.0,9107.225223387934,735.0536809561423,1.5335098886432585,7.0,12.0,0.5533727713626513,1.0,1.0,0.0,12.389877718238818
52.0,15503.461695806476,12652.158381028496,42.43647313886292,24.0,28.0,0.4522068760918406,0.0,0.0,0.0,1.22536101974928
46.0,5962.111959648573,1464.5482374211178,11.299556160186965,27.0,19.0,0.6902132610495548,0.0,0.0,0.0,4.070956358629123
54.0,32624.02025236415,2954.608602261994,4.8905335175724005,24.0,30.0,0.4354740810814546,0.0,0.0,0.0,11.041740089495374
8.0,5542.610277581838,4531.678448276215,6.540858146358177,5.0,3.0,0.6630535914664407,0.0,0.0,0.0,1.223081103578778
59.0,8352.335501521755,562.7551646409428,3.9752419796554244,37.0,22.0,0.5370337792234567,0.0,0.0,0.0,14.84186379142488
37.0,21230.053590854,1263.0067317957355,2.201183754739754,24.0,13.0,0.31465679363035387,1.0,0.0,0.0,16.809137320011935
58.0,41564.92181220405,2257.5853881761805,3.1502513851902076,18.0,40.0,0.6441340432320591,1.0,0.0,0.0,18.411229107831357
22.0,13622.008605754221,6548.1587214132605,10.575495585154599,13.0,9.0,0.6048847901021204,0.0,1.0,0.0,2.080280760637128
57.0,23749.959963092842,1263.4692044010897,3.0323312023589444,20.0,37.0,0.5569950185317568,1.0,1.0,0.0,18.79741894805486
36.0,11206.826137794544,8010.488005211325,25.732313916699987,21.0,15.0,0.5458348560307886,0.0,0.0,0.0,1.399019152204435
6.0,3097.173695219987,325.7637933368251,0.6310859358768122,3.0,3.0,0.38753419706236114,1.0,0.0,0.0,9.507421507759917
25.0,13738.925294234403,817.1604633383166,1.4869439309078298,15.0,10.0,0.38579445167973786,1.0,1.0,0.0,16.813007861524845
9.0,4672.453520080618,3216.3766200722375,6.195329596376742,3.0,6.0,0.31166897135871713,0.0,0.0,0.0,1.4527072143608846
56.0,25982.492142683266,62803.64999165564,135.36054895038671,31.0,25.0,0.3616549852214764,0.0,0.0,0.0,0.41370990613022346
19.0,5385.923448333523,9833.585410434105,34.690081392831196,7.0,12.0,0.4345925057186011,1.0,0.0,0.0,0.5477069881976813
14.0,8183.527215664785,798.4052625506124,1.3658748093746713,5.0,9.0,0.516289958536732,1.0,1.0,0.0,10.24984127674887
34.0,20201.81056201196,1243.8500663256914,2.093421385437525,19.0,15.0,0.3523234229990888,1.0,0.0,0.0,16.241355054703426
26.0,14044.275052400693,5417.977185133248,10.03023696758096,11.0,15.0,0.5230288721093471,0.0,1.0,0.0,2.5921620878983624
7.0,3655.3911030997606,1441.4147318142439,2.760280046133367,4.0,3.0,0.4053280484847181,0.0,1.0,0.0,2.5359745688868354
49.0,40956.644979911835,3595.0502434528617,4.301071584735294,28.0,21.0,0.40158444997694476,0.0,0.0,0.0,11.392509758243344
51.0,19131.33639735136,4049.648107568984,10.795484915241548,28.0,23.0,0.6791776829625518,1.0,1.0,0.0,4.7241972361978775
45.0,34032.9158771099,2328.188896710358,3.078446193981047,27.0,18.0,0.6969378175353869,0.0,1.0,0.0,14.617764016140233
37.0,13068.218927758404,687.9738588948325,1.9478578465684697,23.0,14.0,0.624575438640371,0.0,0.0,0.0,18.99522599412616
25.0,18044.75286478214,1176.9059205493975,1.6305375991687303,17.0,8.0,0.3217567922933607,0.0,1.0,0.0,15.332366461678241
33.0,24640.225830531588,1404.0295876769076,1.8803795351553545,11.0,22.0,0.5914526842174914,1.0,0.0,0.0,17.549648559259385
32.0,14124.47229822795,1356.0697359437447,3.072272764175696,17.0,15.0,0.37137029271932703,1.0,0.0,0.0,10.415741848554823
11.0,9154.118718933834,549.6394518477232,0.6604714397924181,7.0,4.0,0.5276885254883561,0.0,0.0,0.0,16.65477011913979
6.0,3562.8430640953065,963.2120968105698,1.622095746822045,2.0,4.0,0.6574854516836353,0.0,1.0,0.0,3.698918520534313
16.0,5192.728188350184,3673.5618869832288,11.319096255335886,6.0,10.0,0.45207825269765867,1.0,1.0,0.0,1.4135404133927663
28.0,11904.72307142043,906.2487306675412,2.1315039674974563,11.0,17.0,0.6715366740268931,0.0,0.0,0.0,13.136264546987485
11.0,7992.077073434633,7356.122280023999,10.12469528719014,6.0,5.0,0.5833488869357251,1.0,0.0,0.0,1.086452449973216
8.0,5476.903523002639,306.7433324209187,0.44805365825067633,4.0,4.0,0.42040472534306694,1.0,1.0,0.0,17.855004311836627
51.0,14707.987905931235,1062.216613978055,3.683239859820298,29.0,22.0,0.33796687955177596,0.0,1.0,0.0,13.846505234793002
23.0,10859.416363923714,570.1557152133698,1.207577001419008,13.0,10.0,0.6261405139073428,0.0,0.0,0.0,19.046404471907795
35.0,18924.66087943558,2998.185134583859,5.544959583633223,20.0,15.0,0.4832237633971981,1.0,1.0,0.0,6.312038793449051
32.0,12751.330629916103,1307.9819481039046,3.282435657430705,13.0,19.0,0.329077395263987,1.0,1.0,0.0,9.748858268572336
44.0,42748.63756569753,2879.3315664015477,2.963616997780708,27.0,17.0,0.3412489428540208,1.0,0.0,0.0,14.846722782650124
44.0,24056.240941966866,4916.017608486439,8.991628213868314,25.0,19.0,0.686784552758192,1.0,0.0,0.0,4.89344075994337
19.0,9265.113674568413,853.1503382215653,1.7495582888209766,7.0,12.0,0.39720078179822643,1.0,0.0,0.0,10.859883961227755
51.0,37646.680651432514,2850.6451478665426,3.8617721410097716,19.0,32.0,0.6866364711429518,0.0,1.0,0.0,13.206372136359288
23.0,9820.017739741359,501.60397601558606,1.1748340740433671,10.0,13.0,0.5724638318791615,0.0,0.0,0.0,19.577232656218474
50.0,35074.27610617322,2352.8996045280255,3.3541670217306425,34.0,16.0,0.42019644073146767,1.0,1.0,0.0,14.906830720135577
25.0,4161.338022085076,1729.0563555290114,10.387622600907173,11.0,14.0,0.45349114969739146,0.0,0.0,0.0,2.406710463067526
8.0,3274.153526007094,343.45820444247744,0.8391987772456905,2.0,6.0,0.6108153776432005,1.0,1.0,0.0,9.532902355097042
46.0,32651.44784907067,2768.01552894956,3.8996345558778582,16.0,30.0,0.47416599157015826,1.0,0.0,0.0,11.795977120641963
3.0,2442.1186323538022,820.8438746546026,1.0083587223567148,1.0,2.0,0.3299003110657145,1.0,1.0,0.0,2.975131700143837
46.0,15885.679440344864,1832.739664096136,5.307045560437927,21.0,25.0,0.39192565182787475,1.0,1.0,0.0,8.667722836772514
4.0,1288.1426910250811,225.36067411324933,0.6998003425658109,2.0,2.0,0.6441379891988896,0.0,1.0,0.0,5.715916035899668
13.0,7975.360718963193,3294.7738261690465,5.370548273553929,6.0,7.0,0.5784696547912612,1.0,0.0,0.0,2.420609468127418
36.0,13514.155956592469,1316.497273201659,3.506982011121461,23.0,13.0,0.5004064444699065,0.0,1.0,0.0,10.265236572595917
56.0,24991.92732113959,7450.535590182188,16.69459052472859,18.0,38.0,0.39819826744624665,0.0,0.0,0.0,3.3543799661962908
25.0,16882.025123685788,1426.904686657493,2.113053197414568,12.0,13.0,0.48983624603599873,1.0,0.0,0.0,11.831221301285181
8.0,3129.436509417581,910.9237653070097,2.3286588817270277,5.0,3.0,0.6155396231110057,1.0,1.0,0.0,3.435453798225215
15.0,1603.7227453929427,110.71060923806037,1.0355026411775512,9.0,6.0,0.3326172788568687,0.0,1.0,0.0,14.48571872587628
53.0,12708.50498257766,3221.3633117428503,13.434487829719647,34.0,19.0,0.6979071274940887,1.0,1.0,0.0,3.9450703794419244
44.0,22087.609154338472,1231.8190515371364,2.453866232823482,18.0,26.0,0.6439050175435741,0.0,1.0,0.0,17.930887760484183
7.0,891.2075921379619,1555.6709663116035,12.219035004018977,4.0,3.0,0.4271863131392917,1.0,0.0,0.0,0.5728766631487365
24.0,10573.62999697286,1010.4915635966748,2.2936113267877993,14.0,10.0,0.6482306855528867,0.0,1.0,0.0,10.463847871562432
17.0,3766.871844770427,585.2733256182399,2.641355200157191,6.0,11.0,0.5726858119613185,1.0,1.0,0.0,6.43609007943661
12.0,9935.853616477438,2188.3806421104678,2.643010728517132,8.0,4.0,0.5665417708397316,0.0,1.0,0.0,4.540276689203086
51.0,47584.45446660986,5030.879949586482,5.391989470194512,22.0,29.0,0.35588390757769195,0.0,0.0,0.0,9.458475444344703
37.0,10669.341442668694,633.2596127674205,2.196068595076654,12.0,25.0,0.6623578562820555,1.0,1.0,0.0,16.848289749669004
12.0,6616.220832091003,361.3490026456361,0.6553874397171862,7.0,5.0,0.48013671876855,1.0,1.0,0.0,18.30978025025664
39.0,12008.850890424552,1968.725423283739,6.393641840393556,23.0,16.0,0.6212911033359265,0.0,1.0,0.0,6.0998099320495225
25.0,10953.421989727443,3502.673696338468,7.994473552702103,16.0,9.0,0.4198095161437638,1.0,1.0,0.0,3.1271602607966713
5.0,4303.469327955805,298.50374231158503,0.3468175552832133,3.0,2.0,0.42320146624099914,1.0,0.0,0.0,14.41680192894783
28.0,11386.544132731682,976.4742825761904,2.4011921082831686,12.0,16.0,0.6858756719927648,0.0,0.0,0.0,11.660874572846966
12.0,5313.510090630927,1308.6586005174206,2.95546690198237,7.0,5.0,0.4986639698653732,1.0,1.0,0.0,4.060272166117319
16.0,4983.90634487137,327.50287664039024,1.051393357669823,11.0,5.0,0.32395628535320087,0.0,0.0,0.0,15.21790097234436
52.0,37920.36952771458,3645.256268091615,4.99872043183088,21.0,31.0,0.63428265881282,1.0,1.0,0.0,10.402662183080716
43.0,1720.0,131.4458701880867,3.286146754702168,21.0,22.0,0.39089200893989545,1.0,0.0,0.0,13.08523423017278
9.0,3702.964821243082,512.9602952769053,1.246742240435961,6.0,3.0,0.65150150112361,1.0,0.0,0.0,7.2188137275696045
51.0,25031.961839818323,2841.313531934772,5.788878676627332,17.0,34.0,0.6665759511895297,0.0,1.0,0.0,8.809996347982402
35.0,12872.4586910436,3528.8039245225564,9.594758881939468,23.0,12.0,0.32910640529520124,1.0,0.0,0.0,3.6478248625800966
52.0,34980.87328040414,2310.1134409020915,3.4340451698843615,26.0,26.0,0.532971691029754,0.0,0.0,0.0,15.142491559524553
45.0,33318.24555573426,10469.61340410761,14.140378502125476,30.0,15.0,0.6926096422307385,0.0,1.0,0.0,3.1823759168282475
21.0,4569.434045906037,293.3423590457141,1.34812965414813,12.0,9.0,0.672367845858346,1.0,1.0,0.0,15.577136765283674
33.0,30317.01191488731,1898.3421791520282,2.066341237318796,19.0,14.0,0.5100973144230266,0.0,0.0,0.0,15.970256704947491
32.0,6891.1435241375,461.1098576052779,2.141228867412931,19.0,13.0,0.5721972781076943,1.0,0.0,0.0,14.944689232899677
43.0,32582.22386241224,74476.27240118718,98.28916917317967,14.0,29.0,0.5417048140636298,1.0,0.0,0.0,0.4374846217718715
16.0,8479.448635314222,1541.996168257042,2.909615914101048,9.0,7.0,0.38130133849588116,1.0,1.0,0.0,5.499007591503137
21.0,8384.455392121978,892.5959461975275,2.235627001815812,14.0,7.0,0.5611990298086285,1.0,1.0,0.0,9.393337968696684
16.0,6690.0258250373245,560.7211421030389,1.3410319344467656,11.0,5.0,0.43325647340032525,0.0,0.0,0.0,11.931110355400076
19.0,9372.651395490808,509.70232154713614,1.0332555539251929,13.0,6.0,0.43518877167833,0.0,0.0,0.0,18.38848088241255
11.0,5958.5192961003195,789.904733484684,1.4582401493636505,6.0,5.0,0.46799526437620864,0.0,1.0,0.0,7.54333914396761
4.0,1263.8765189027797,72.19381270416868,0.22848375335540827,2.0,2.0,0.6408707533350876,0.0,0.0,0.0,17.506715209540385
56.0,25379.872474002026,7666.675584021681,16.916311661731317,29.0,27.0,0.395338330304763,0.0,0.0,0.0,3.310414298329889
6.0,2075.192612486887,278.286158995634,0.8046081813932608,3.0,3.0,0.4003166666981734,1.0,1.0,0.0,7.457045725797108
53.0,13620.475013016949,12461.253043330838,48.489234822232895,29.0,24.0,0.30293596544262086,0.0,0.0,0.0,1.0930261158853938
2.0,673.0753190168411,45.286325434561434,0.13456540198416728,1.0,1.0,0.36200274756757445,0.0,1.0,0.0,14.862661356559663
47.0,12690.23845266287,4153.213863705392,15.381984532622647,16.0,31.0,0.6914717149619746,1.0,0.0,0.0,3.0555225107866133
21.0,8735.349366447821,1687.1590862276994,4.055972958204559,12.0,9.0,0.4735479782025903,1.0,0.0,0.0,5.177549312186732
32.0,18767.83939499786,1209.5872817609843,2.0624000558459548,14.0,18.0,0.37806587692567134,0.0,1.0,0.0,15.515903381254637
18.0,9434.557275040665,880.2864992529775,1.6794807137874204,8.0,10.0,0.686272724302777,0.0,1.0,0.0,10.717598512583065
30.0,26846.0686599639,81659.61649071489,91.25315612318563,11.0,19.0,0.31084714721477696,0.0,0.0,0.0,0.32875575239832816
28.0,1621.4631231684657,17141.591103863833,296.0070716688882,17.0,11.0,0.49366655465602527,1.0,0.0,0.0,0.09459233471057285
32.0,19003.782183770807,1856.2587344314293,3.125708289402173,22.0,10.0,0.6218408542510064,1.0,0.0,0.0,10.237679603210946
24.0,12030.817144916891,1961.3770517837404,3.912705901502167,13.0,11.0,0.6091300818454553,0.0,0.0,0.0,6.133862499296437
33.0,21883.42425965498,6000.039529914634,9.04800373734127,22.0,11.0,0.37568690619832773,0.0,0.0,0.0,3.6472133476037834
49.0,31521.359002242007,2564.5471084589567,3.9865923390406772,32.0,17.0,0.5831158693511058,0.0,1.0,0.0,12.291199057436414
27.0,12609.044549270044,2736.749011465029,5.86025555075333,10.0,17.0,0.54891544345834,0.0,0.0,0.0,4.60730761076267
22.0,11759.665653369726,991.1613052059973,1.8542660443992787,8.0,14.0,0.5701104864597066,0.0,0.0,0.0,11.864532636214712
9.0,3160.675416746728,414.9852679353641,1.1816674979117479,3.0,6.0,0.40644192625109465,0.0,1.0,0.0,7.6163557141961435
22.0,13700.1919091596,3628.6256295771655,5.826908438948617,7.0,15.0,0.6242937552127144,1.0,1.0,0.0,3.7755870425123046
9.0,1118.0231061791383,398.55528406052923,3.2083393775316367,5.0,4.0,0.5236950037234939,0.0,0.0,0.0,2.8051895204815356
12.0,7864.383452758361,1646.8640223231816,2.512894797995475,5.0,7.0,0.590031219002134,0.0,0.0,0.0,4.7753690323893965
57.0,28235.822735708345,43766.25350942633,88.35147016567772,38.0,19.0,0.6758294039545457,0.0,1.0,0.0,0.6451505548590524
7.0,2818.1131470364753,454.7446691664261,1.129554605538974,4.0,3.0,0.6421989091562114,0.0,0.0,0.0,6.1971328926235545
29.0,13151.307443208987,728.8467251281894,1.6071827930409985,13.0,16.0,0.612934988210776,1.0,1.0,0.0,18.043996069126795
50.0,23408.03765411619,1407.0988091785762,3.005588998894883,35.0,15.0,0.4158594997725051,1.0,1.0,0.0,16.635674411366413
57.0,43289.26286947772,5793.93803487558,7.629015744242737,39.0,18.0,0.321633245063247,1.0,1.0,0.0,7.471474946557195
10.0,11466.987326497023,993.8555991251441,0.8667102969832536,6.0,4.0,0.5298577851957665,0.0,1.0,0.0,11.537880690706986
11.0,8183.715813130841,719.8371640348723,0.9675566680454327,7.0,4.0,0.3138052212877565,1.0,0.0,0.0,11.368843152330466
23.0,8899.50138490712,536.6539785028367,1.3869362980827338,16.0,7.0,0.5856759096874848,1.0,1.0,0.0,16.58331390691456
34.0,21282.5164051399,4467.374503455046,7.136878469915743,18.0,16.0,0.5947286685185083,1.0,1.0,0.0,4.763987525263464
57.0,36175.952493055316,6066.807770293081,9.559058409673948,37.0,20.0,0.5251645044954641,1.0,0.0,0.0,5.962930401420596
14.0,4409.5499771477835,726.3756273050586,2.3061897098280704,5.0,9.0,0.36726076501653715,0.0,1.0,0.0,6.070619403224949
11.0,2726.2415461145006,3150.426661121883,12.711527091842374,6.0,5.0,0.6502885738273505,1.0,0.0,0.0,0.8653562959449029
16.0,7797.501027466276,1232.2175795547696,2.5284358672643443,8.0,8.0,0.5383684928019088,1.0,0.0,0.0,6.328022872619384
52.0,34400.159068094916,1958.5182839199526,2.960537204558851,16.0,36.0,0.5059567800296438,0.0,1.0,0.0,17.564379842930737
3.0,532.9150394391429,29.210181630084907,0.16443623918454237,1.0,2.0,0.5270367038168218,0.0,0.0,0.0,18.244153569051047
24.0,8539.690235258851,3817.0902211508824,10.727574746139997,7.0,17.0,0.3331548347254523,0.0,0.0,0.0,2.23722514808258
8.0,4916.24273438465,535.0565291588231,0.8706755269288701,3.0,5.0,0.5961748218955705,0.0,0.0,0.0,9.188267905287708
11.0,5591.791949195276,730.1981246590075,1.4364231438197563,4.0,7.0,0.3243102335556176,0.0,1.0,0.0,7.6579105866734
55.0,43079.009826588954,4390.120935602094,5.604972176242659,26.0,29.0,0.5313552634063633,0.0,0.0,0.0,9.812715972636589
2.0,435.4530183694626,39.17122891376697,0.17991024180033088,1.0,1.0,0.3677028348281817,0.0,1.0,0.0,11.11665450497061
20.0,19408.659733797824,42735.07806042271,44.037124300762265,11.0,9.0,0.38308077558653353,1.0,0.0,0.0,0.45416226235403406
55.0,10582.083120734625,627.9149629568378,3.2635656485212508,31.0,24.0,0.3933017002831357,0.0,0.0,0.0,16.852732846027155
37.0,3484.188480670873,178.9093892561358,1.899910822620717,12.0,25.0,0.30572225539538345,0.0,0.0,0.0,19.474598259808104
6.0,2929.3046646032317,223.86009173268653,0.4585253854358121,4.0,2.0,0.6567355324454709,1.0,0.0,0.0,13.085425999472664
28.0,7647.030001822347,578.180643469588,2.11703864288364,10.0,18.0,0.6216941085959429,0.0,1.0,0.0,13.226022157942715
58.0,28550.434297079402,2697.7132862299923,5.480384955732373,24.0,34.0,0.3125145790665729,0.0,0.0,0.0,10.583198163722633
25.0,12131.365605226667,1805.5973752585626,3.7209277051229925,13.0,12.0,0.32279443519978673,0.0,0.0,0.0,6.718754563701915
32.0,14747.04504251244,4879.72204553169,10.588636910436314,22.0,10.0,0.6131507389906778,0.0,1.0,0.0,3.0221075923814458
32.0,10608.569393940614,906.5554314081922,2.734560403746042,22.0,10.0,0.3027213150278804,0.0,0.0,0.0,11.702063686786211
40.0,23461.24922063753,24785.252630701834,42.25734511851935,25.0,15.0,0.4875995654832592,0.0,0.0,0.0,0.9465810000086808
12.0,5238.390924558793,317.5008241784789,0.7273244675725776,7.0,5.0,0.3429189017177232,0.0,1.0,0.0,16.498826225452884
50.0,36036.64870754763,4266.11163172486,5.919129254146421,26.0,24.0,0.5366528908074233,0.0,0.0,0.0,8.447188404438778
59.0,27371.607420165983,3288.1387777033297,7.087643224839151,33.0,26.0,0.6993361671537629,1.0,0.0,0.0,8.324346772031399
10.0,3070.705154266821,466.8812197979249,1.520436500225956,4.0,6.0,0.3688086062165926,1.0,1.0,0.0,6.57705862659432
49.0,7960.436591934824,410.57283421963587,2.52725697195364,20.0,29.0,0.6826735389437582,0.0,0.0,0.0,19.3886100795368
49.0,22813.32757180596,6445.183452632139,13.843398696877353,34.0,15.0,0.6461914175743779,0.0,0.0,0.0,3.5395932077758405
45.0,11077.158857736396,3609.851791590382,14.664710753706958,31.0,14.0,0.6943419872575124,1.0,0.0,0.0,3.0685910384304624
23.0,5290.175471578022,1578.0482402261289,6.860851727924706,10.0,13.0,0.6064754534410074,1.0,1.0,0.0,3.3523534558233514
29.0,17559.252393052524,1331.4948430364536,2.199031575133283,11.0,18.0,0.64279770058125,0.0,0.0,0.0,13.187623282872742
50.0,7223.299388366081,364.108575914018,2.5203757752340636,20.0,30.0,0.5378390558301303,0.0,1.0,0.0,19.838311608655488
10.0,7824.386756665825,1648.027022234745,2.1062698886027618,5.0,5.0,0.6469136324698049,0.0,1.0,0.0,4.747729649515006
50.0,26597.1638439554,1468.0722734531778,2.759828608167218,19.0,31.0,0.344604902351765,1.0,0.0,0.0,18.117067071496383
55.0,27017.73105872543,4817.368472784419,9.806717870839686,31.0,24.0,0.5966617217473702,1.0,0.0,0.0,5.608400356203039
41.0,12014.919287485194,925.9622779058337,3.1597759823225084,14.0,27.0,0.551489434800463,0.0,0.0,0.0,12.975603406499738
21.0,13710.363644640338,15980.299863749648,24.47683415530194,7.0,14.0,0.3239385930951459,1.0,1.0,0.0,0.8579540910706861
34.0,16980.246451537714,1708.5670518360844,3.42110934185918,14.0,20.0,0.41663614853946046,0.0,1.0,0.0,9.93829679279497
4.0,1451.1226858073585,110.69945266983605,0.3051415397265226,2.0,2.0,0.38644272014900793,0.0,1.0,0.0,13.108670827265687
56.0,30238.036602497792,2812.9506318011618,5.209506075134944,24.0,32.0,0.46207018031954017,1.0,1.0,0.0,10.74957955559144
21.0,3432.3010871546035,715.8358398767268,4.37973017392636,10.0,11.0,0.37934133660949254,1.0,0.0,0.0,4.794815928391732
5.0,864.6728684508614,52.156234406732636,0.30159518304405214,3.0,2.0,0.409931857660794,0.0,0.0,0.0,16.578514117944916
48.0,13246.213581109649,682.6459018016557,2.473688279736657,30.0,18.0,0.4184120540971384,1.0,1.0,0.0,19.404223399202895
40.0,22796.218140877714,2474.9008703947734,4.342651671606584,17.0,23.0,0.5399243580498121,1.0,0.0,0.0,9.210962109056704
38.0,18975.2367542734,1489.8208811598797,2.9835302830319423,23.0,15.0,0.35394950402805464,0.0,1.0,0.0,12.736589340525612
5.0,3548.979265555753,224.35277464031805,0.31608070638472086,2.0,3.0,0.39644049388884317,1.0,1.0,0.0,15.818744703494174
45.0,14220.09133048281,2921.312238665257,9.244599608030308,25.0,20.0,0.4268592243920395,1.0,1.0,0.0,4.86770675940479
38.0,23367.4755876582,1351.0502949843385,2.1970670737116604,18.0,20.0,0.4796271753104291,0.0,0.0,0.0,17.29578511947927
48.0,22906.8426970053,4061.491127232545,8.510626134113583,32.0,16.0,0.31523545313199325,0.0,0.0,0.0,5.64000806093445
49.0,15258.157091538902,982.6332762798246,3.155625561386536,34.0,15.0,0.6996845808291045,0.0,1.0,0.0,15.527824530129015
14.0,8078.861477996174,3533.473256545934,6.12321745166411,9.0,5.0,0.42015680102081016,1.0,1.0,0.0,2.28637968690712
14.0,6815.16679691335,1174.3576060121668,2.412414394848944,9.0,5.0,0.414937944294245,0.0,1.0,0.0,5.8033147331126855
55.0,20579.688864400614,1924.1054668861918,5.142244927803612,20.0,35.0,0.521948234636475,0.0,0.0,0.0,10.695717682100362
32.0,16268.794157722186,1546.1406015027205,3.04119031616135,18.0,14.0,0.6416128717288464,0.0,1.0,0.0,10.522195809301087
27.0,12800.535915938084,752.2601720279927,1.5867323663743114,10.0,17.0,0.4827237472243189,1.0,0.0,0.0,17.016102130503008
18.0,8446.72295333699,423.97398482297405,0.9034902374534014,7.0,11.0,0.3995356803358983,0.0,1.0,0.0,19.922738789890214
39.0,16281.773430695765,7438.484140544249,17.817523546563006,20.0,19.0,0.5263502012781417,1.0,1.0,0.0,2.1888563749098053
45.0,10755.463149957259,1968.3533612640504,8.235433474311542,27.0,18.0,0.49317702001029184,0.0,1.0,0.0,5.4641932498594885
2.0,1029.906166357949,143.3594212174294,0.27839316998050506,1.0,1.0,0.4692299308089183,1.0,0.0,0.0,7.184084293950362
34.0,11541.54225869438,1201.6904271099543,3.5400359506512245,22.0,12.0,0.6935531803136893,1.0,1.0,0.0,9.6044222358096
59.0,17460.1193618,1763.0252397688394,5.957490151753352,31.0,28.0,0.6983801057874259,0.0,0.0,0.0,9.903499375930261
18.0,8133.4805612306145,474.77888706464506,1.050721139963059,12.0,6.0,0.5247775313830375,0.0,1.0,0.0,17.13109150981091
18.0,11642.495559019842,754.8955238879339,1.1671139886719242,12.0,6.0,0.32720157082872436,1.0,0.0,0.0,15.42265809056274
52.0,27930.380479986205,65550.57830998984,122.04023051393659,33.0,19.0,0.5267670321931572,0.0,0.0,0.0,0.4260890018071686
5.0,1968.857791642411,215.70178864366986,0.5477840745007098,2.0,3.0,0.6809888593531541,0.0,1.0,0.0,9.127684123634598
25.0,9643.269710660712,778.9033394354582,2.0192926331158567,13.0,12.0,0.6702770122778741,0.0,0.0,0.0,12.380573072969572
28.0,17560.554268257103,1901.5440938079128,3.031979162688809,17.0,11.0,0.38620033977252904,0.0,0.0,0.0,9.234891962505818
48.0,1920.0,722.7900986961573,18.069752467403934,33.0,15.0,0.37604779281211376,0.0,0.0,0.0,2.656372857712761
9.0,5935.256980559066,743.8030794431922,1.1278749575487081,3.0,6.0,0.36090234200462795,0.0,0.0,0.0,7.9796079696284306
27.0,3380.3148153761695,409.11371674937504,3.267763789924961,12.0,15.0,0.627913739764939,1.0,0.0,0.0,8.262531117838236
10.0,2169.184183354039,571.6001789154309,2.635092876399322,4.0,6.0,0.49602202279578933,1.0,1.0,0.0,3.794932652872687
47.0,18665.90118612568,1233.022728857727,3.104702402442203,20.0,27.0,0.4352186282636983,1.0,0.0,0.0,15.138326933695522
38.0,35492.943486274424,5492.611179306941,5.880583696710817,24.0,14.0,0.42992286753588016,1.0,0.0,0.0,6.461943568842412
30.0,25064.5161600856,2124.058177096844,2.5423090119082388,10.0,20.0,0.4101652971817551,0.0,1.0,0.0,11.800296446843893
24.0,15391.14122782625,1488.6752579025526,2.3213487330664493,11.0,13.0,0.6530479096457632,1.0,0.0,0.0,10.338817110127414
10.0,5713.084756590899,325.4452907185984,0.5696489805146835,6.0,4.0,0.46387195709884205,1.0,0.0,0.0,17.554670230366956
55.0,7014.953351862778,2823.83033100025,22.13994312075817,25.0,30.0,0.39760709425675234,0.0,1.0,0.0,2.4841978906636215
39.0,20722.71367046945,8895.597959642306,16.741452202779517,14.0,25.0,0.5841619224261114,0.0,1.0,0.0,2.3295470146565296
20.0,7803.113925760115,1291.6117319613816,3.3105033304651217,11.0,9.0,0.5541818227567192,1.0,1.0,0.0,6.041377399004165
26.0,8753.319465161847,1011.6241638095267,3.004829009580924,13.0,13.0,0.5861462218376381,1.0,0.0,0.0,8.65273861411041
44.0,23362.267191777006,3889.8745747487083,7.32610751704722,30.0,14.0,0.628782445811946,1.0,1.0,0.0,6.005917862605183
43.0,17448.45391875839,1142.2447657433859,2.8149499752618,26.0,17.0,0.3404934858275677,0.0,1.0,0.0,15.275582293785114
28.0,18868.077457425563,3817.089414491018,5.6645147788327685,19.0,9.0,0.3007954965800579,1.0,0.0,0.0,4.943053570030528
19.0,2143.3718830718635,1230.934301127808,10.91166302317506,7.0,12.0,0.32022649646246165,1.0,1.0,0.0,1.7412561183062822
40.0,20600.09137876786,2480.353025507625,4.816198103012455,24.0,16.0,0.5827173036595248,1.0,0.0,0.0,8.305306207188744
40.0,12967.222211887653,837.7344733359655,2.584160152875226,21.0,19.0,0.6737986160998853,1.0,0.0,0.0,15.478916798362755
36.0,15050.622031807006,884.3573541604012,2.115318867385845,21.0,15.0,0.43244215280654674,0.0,1.0,0.0,17.01871077455549
6.0,3365.5517033750903,229.25742760539416,0.40871295016888964,3.0,3.0,0.6124776665577774,1.0,1.0,0.0,14.680229724848848
29.0,8019.614396861612,717.3282394784048,2.593955010232734,11.0,18.0,0.5916738043474676,1.0,0.0,0.0,11.179839236069894
37.0,19715.31783091224,1359.899885601849,2.552142258055611,12.0,25.0,0.6912246317143679,1.0,0.0,0.0,14.497624449896074
57.0,26079.344460614382,1911.4539224523128,4.177745868740104,36.0,21.0,0.4883172325958807,1.0,1.0,0.0,13.643721229312035
32.0,11772.244062867912,2491.1563386242474,6.7716063658092,20.0,12.0,0.36642918691475757,0.0,0.0,0.0,4.725614318276463
21.0,8523.595558754138,772.2299002684437,1.9025806414502933,8.0,13.0,0.6060925602350968,1.0,0.0,0.0,11.037639899453715
34.0,15949.047139928904,1034.063969492812,2.2044059845265678,19.0,15.0,0.6275275456085757,0.0,1.0,0.0,15.42365618613672
12.0,4157.1923698482915,651.9493570878408,1.8818932560822508,7.0,5.0,0.5829200302819662,0.0,1.0,0.0,6.376557204409007
7.0,3509.932265455856,267.9999571817223,0.5344831633177994,4.0,3.0,0.6452726693119116,0.0,1.0,0.0,13.096764277002782
41.0,18218.95170233818,1886.8920873948773,4.2462693159926115,18.0,23.0,0.4484730333279618,0.0,0.0,0.0,9.65553452900003
59.0,22286.86606260986,2209.241070415049,5.84852185086556,38.0,21.0,0.5761260012894196,0.0,0.0,0.0,10.088019076353149
51.0,41716.39078581043,22590.943291935804,27.61835542782907,28.0,23.0,0.40553945566522476,0.0,1.0,0.0,1.8465980037540866
35.0,20406.679457931346,1529.6177067039337,2.623485111578499,21.0,14.0,0.478576058375935,0.0,1.0,0.0,13.341032447842327
4.0,1693.8302139016364,97.793625015031,0.23094079728279082,2.0,2.0,0.3969968676622473,1.0,0.0,0.0,17.320456355322676
59.0,31221.153083731566,10872.562713934149,20.546364780369753,35.0,24.0,0.36181346905925804,1.0,1.0,0.0,2.8715541961159627
28.0,8249.807234068354,1121.8415380950153,3.8075511554916615,10.0,18.0,0.3143812992007955,0.0,1.0,0.0,7.353807961218164
18.0,7427.6222155971,7275.450892216766,17.63123005703033,12.0,6.0,0.5685697032769336,0.0,0.0,0.0,1.0209157240746585
53.0,23107.179025354573,36039.863172330064,82.66317346819376,22.0,31.0,0.6501092353109665,1.0,0.0,0.0,0.6411561252290026
45.0,11278.854810811057,569.8208123584991,2.2734521355442965,29.0,16.0,0.42576777372450736,0.0,0.0,0.0,19.79368700860129
45.0,25986.186431949758,2626.258280708134,4.547863263482283,30.0,15.0,0.4716941533790908,0.0,1.0,0.0,9.894756590712374
18.0,7179.794270593828,1005.2067630551253,2.520089163153105,10.0,8.0,0.3014187793210294,1.0,0.0,0.0,7.142604421773164
59.0,25305.493324120634,4572.898178345867,10.661755890972408,32.0,27.0,0.4651419090125795,0.0,0.0,0.0,5.533797678669127
28.0,10815.168788909212,551.7590734398797,1.4284801613230116,10.0,18.0,0.41252884603283374,1.0,1.0,0.0,19.601252266651933
32.0,34938.17978011584,6874.342432805892,6.296234069268367,15.0,17.0,0.5296800120498405,0.0,0.0,0.0,5.082403171157589
45.0,16536.463648433884,1138.256979581272,3.0974920134153514,25.0,20.0,0.6634068731404248,1.0,1.0,0.0,14.527882494967978
40.0,3450.584368913378,604.2024288796874,7.004059188617451,13.0,27.0,0.502461027648605,0.0,0.0,0.0,5.710974011328379
11.0,1980.149663890562,1359.7448298955665,7.55356698617599,4.0,7.0,0.5702130639611447,0.0,1.0,0.0,1.4562656318705363
19.0,12385.349966242653,905.2712820932937,1.3887499672316967,13.0,6.0,0.582193135922248,0.0,0.0,0.0,13.68136845963293
22.0,16880.39184340577,204523.02592631258,266.55225850912836,10.0,12.0,0.3609727648698986,0.0,0.0,0.0,0.08253541021580423
56.0,20363.871456624038,1504.9587127110617,4.138588681004726,25.0,31.0,0.4386282431247304,1.0,1.0,0.0,13.531182805633362
43.0,32498.967158864987,6441.800287448363,8.523268170530795,17.0,26.0,0.34525822050599836,1.0,1.0,0.0,5.045013149846971
23.0,14911.313999275704,998.4288063535855,1.5400294398768548,13.0,10.0,0.4762986415154361,1.0,1.0,0.0,14.934779429826449
44.0,20332.574847322416,1319.7386781195858,2.855934492965055,22.0,22.0,0.6549142726438975,1.0,1.0,0.0,15.406515838645456
44.0,19708.07270281929,1359.5581589716232,3.035332774381025,27.0,17.0,0.4923737402949654,0.0,1.0,0.0,14.495939414409882
24.0,12868.177086795136,23898.792406684614,44.57282596374966,12.0,12.0,0.48246119328757053,0.0,0.0,0.0,0.5384446572788273
25.0,16887.279110768206,1198.5680472507092,1.774365247635482,8.0,17.0,0.3837294183181006,0.0,0.0,0.0,14.08954556189318
53.0,30711.322395307237,1550.8101962600658,2.6763074329336844,26.0,27.0,0.4240869120348223,1.0,0.0,0.0,19.803405000412475
34.0,12397.703547768868,2535.122716324447,6.9524305064176986,11.0,23.0,0.6746398290139632,1.0,0.0,0.0,4.890376102086176
10.0,4651.585905947379,842.5168923745794,1.8112465499075538,6.0,4.0,0.4211981297048166,1.0,0.0,0.0,5.521059515895503
43.0,38538.865710608545,2367.2733268017723,2.6413012208726174,15.0,28.0,0.5925546342200064,0.0,0.0,0.0,16.27985466413176
36.0,19808.739340532582,6095.153767204165,11.077208491020025,14.0,22.0,0.3168566659657903,0.0,1.0,0.0,3.249916260868807
31.0,20889.817646672214,1579.1351805502852,2.343399613392852,15.0,16.0,0.3513255840377991,1.0,0.0,0.0,13.228644326315804
44.0,26750.987887793242,1770.090913718337,2.9114438887375114,17.0,27.0,0.4245911665219593,1.0,0.0,0.0,15.11277623113654
54.0,29952.26363517519,37849.32923978657,68.23737276898873,28.0,26.0,0.6605683445440901,1.0,1.0,0.0,0.7913552032961757
21.0,10956.535380063291,987.2928391863619,1.8923089191716582,10.0,11.0,0.3877166619516209,0.0,0.0,0.0,11.097553780591262
26.0,17666.431251689894,1531.052258640991,2.2532767460240715,18.0,8.0,0.5906978440340032,1.0,1.0,0.0,11.538751307790864
12.0,7724.74136474564,1265.5863381748022,1.966025183368415,4.0,8.0,0.367009786759876,1.0,1.0,0.0,6.103685802966294
39.0,21558.36912849008,1229.5828147065324,2.2243672277687443,21.0,18.0,0.5451368184472566,0.0,0.0,0.0,17.53307615448047
25.0,9031.18737226056,2739.332535838159,7.582980019471371,15.0,10.0,0.5347312923005124,0.0,0.0,0.0,3.2968569000321346
21.0,12119.346983303582,1656.6251672615083,2.870544804139983,7.0,14.0,0.5487791604558689,1.0,0.0,0.0,7.315684454641917
42.0,20437.1333336681,1203.5336655256176,2.4733612648503187,23.0,19.0,0.41451060866501216,1.0,0.0,0.0,16.980940308589222
25.0,10958.72044327462,2843.966223312955,6.487906681336827,16.0,9.0,0.36484119878103316,1.0,0.0,0.0,3.85332299428955
28.0,29001.14545980998,1764.444812900486,1.703534601061834,17.0,11.0,0.6545942996548193,1.0,0.0,0.0,16.436414019737114
27.0,5189.122938377731,3188.5381590739416,16.59057442217987,18.0,9.0,0.5277775750005929,0.0,0.0,0.0,1.6274300884907165
16.0,11067.241148983945,1128.1453511866532,1.6309688544776675,9.0,7.0,0.3848172678883752,0.0,1.0,0.0,9.810119890440301
9.0,2947.192300343105,1897.9286689223266,5.795807086735524,4.0,5.0,0.4653316212781741,0.0,0.0,0.0,1.5528467157917831
49.0,25785.71579556528,1899.6154760339998,3.60979540237058,33.0,16.0,0.32683659717008273,1.0,1.0,0.0,13.57417652197721
7.0,7096.0225267262595,448.4767045841532,0.44240797154534983,3.0,4.0,0.49015044664094964,0.0,0.0,0.0,15.822499706659224
20.0,6150.52402070375,361.6959996026723,1.1761469376760085,11.0,9.0,0.46955631047318747,0.0,0.0,0.0,17.004678037523718
40.0,14209.018761381889,723.982832324911,2.038093817688789,24.0,16.0,0.3530904949493574,0.0,0.0,0.0,19.626181902342577
9.0,4468.475273127119,332.062893368279,0.6688111397387366,6.0,3.0,0.4777489340730173,1.0,1.0,0.0,13.456713659876758
40.0,13222.264338949108,858.9910262099168,2.5986200372036685,27.0,13.0,0.5558129358370822,1.0,0.0,0.0,15.392785181108405
44.0,29779.69588827465,2936.889073893464,4.339302850375724,15.0,29.0,0.6713961778933698,1.0,0.0,0.0,10.13987765251052
40.0,15723.764511493639,861.1466883130939,2.190688337220058,24.0,16.0,0.5812740775838099,0.0,1.0,0.0,18.259101178563466
19.0,11985.236632567481,929.5940029627017,1.4736701992430925,7.0,12.0,0.5009741145479037,0.0,1.0,0.0,12.892979724879279
3.0,702.4865209199584,39.74047971642832,0.16971349000854222,2.0,1.0,0.6080204471444569,0.0,1.0,0.0,17.676850554714303
53.0,7347.5860771652115,1547.7505126037388,11.16431659411694,31.0,22.0,0.4119741125403382,1.0,0.0,0.0,4.747267739426922
20.0,9084.060084187802,912.0616678416753,2.0080485144065885,7.0,13.0,0.5675126393779557,0.0,0.0,0.0,9.959918725325384
48.0,8942.324754839088,612.0734858502162,3.2854462487410574,30.0,18.0,0.3020248667193898,1.0,1.0,0.0,14.609887475222889
13.0,10447.499173190172,2551.718661532538,3.1751467073620963,6.0,7.0,0.3290204521798102,1.0,0.0,0.0,4.0942990035255304
11.0,2134.4323209110044,500.3089105533732,2.5783895615571364,6.0,5.0,0.5497062545847131,1.0,0.0,0.0,4.266228875576466
47.0,13745.74513589544,702.6775581666811,2.402623132273186,32.0,15.0,0.3770198297551839,1.0,0.0,0.0,19.561952671092467
56.0,32632.542717315635,3742.059505719138,6.421667294993734,32.0,24.0,0.5754918345058857,1.0,1.0,0.0,8.72047669670726
51.0,19519.087709367537,5308.112326262355,13.869179373043139,27.0,24.0,0.5547013058015282,1.0,1.0,0.0,3.677218285829244
45.0,8834.508271191564,1325.9643052480346,6.75401413463318,14.0,31.0,0.3254666997631699,0.0,1.0,0.0,6.662704445531045
16.0,14527.885312230272,1821.072338393399,2.005602108502696,6.0,10.0,0.4569986666378679,1.0,1.0,0.0,7.977654157905215
54.0,16182.354925876602,1296.6058207687531,4.3267320882668034,17.0,37.0,0.5452008793227823,0.0,0.0,0.0,12.480550886530912
40.0,18429.937540027608,998.1474954457603,2.166361103021438,17.0,23.0,0.5853926526333433,0.0,1.0,0.0,18.46414244800266
11.0,5039.776455766733,255.40522505371558,0.5574567642531381,5.0,6.0,0.6264336642106989,0.0,0.0,0.0,19.732472014645715
9.0,5778.55647353984,442.75409493979953,0.6895817100178284,5.0,4.0,0.4321771606660103,1.0,1.0,0.0,13.051390240276694
52.0,30808.465590979013,2198.4923896129862,3.7107204811053505,30.0,22.0,0.6346864169019137,1.0,0.0,0.0,14.01345109791461
17.0,5688.8764717145805,879.2030850930378,2.627311828776079,6.0,11.0,0.44170177040225767,0.0,1.0,0.0,6.470491935446951
46.0,20002.38959952158,1166.2987408730608,2.682166638802196,25.0,21.0,0.3027947364800012,1.0,0.0,0.0,17.150313979202544
10.0,4546.1551329163685,1034.3744495422181,2.275273102875098,7.0,3.0,0.5440023599348054,0.0,0.0,0.0,4.395076787645282
18.0,11696.254193514822,5384.287045177873,8.286171385274699,7.0,11.0,0.3966674388631729,0.0,1.0,0.0,2.172293953753803
18.0,4794.041106509036,246.27188737560866,0.9246674933058588,10.0,8.0,0.34975252079741104,1.0,0.0,0.0,19.466457002448134
18.0,16265.198004320815,940.7522107525496,1.0410902953070436,6.0,12.0,0.4033431240019256,0.0,1.0,0.0,17.289566602569618
41.0,14274.696222832557,2337.1561251044945,6.7128154346299524,21.0,20.0,0.6311655992317621,1.0,0.0,0.0,6.10772043403576
55.0,27403.756635677473,2026.956681271028,4.068150909089785,33.0,22.0,0.6656005233040727,1.0,0.0,0.0,13.519655791801931
54.0,14472.11405131299,1545.0078974300327,5.764909408909232,17.0,37.0,0.6846786495480963,1.0,0.0,0.0,9.36701623039333
45.0,10816.56889523445,1665.0077048353635,6.926905143700594,20.0,25.0,0.4211321452001004,1.0,1.0,0.0,6.496407712602144
13.0,4226.486136398178,732.3478732219911,2.252585728342007,8.0,5.0,0.48237148327561985,1.0,0.0,0.0,5.771145504667882
57.0,17436.03531862749,6308.8379512794345,20.624170383432936,22.0,35.0,0.6210104411232735,1.0,1.0,0.0,2.763747532157084
33.0,13765.903640578119,1250.4345543764564,2.997575849128209,19.0,14.0,0.4271610754028177,0.0,1.0,0.0,11.008895741402993
33.0,10038.83081015931,1120.4547484674924,3.683198511723944,18.0,15.0,0.4540572745251786,1.0,0.0,0.0,8.95960396784428
42.0,26842.640338871366,2614.173064872814,4.090330434657781,15.0,27.0,0.3949097956918568,0.0,1.0,0.0,10.268119084983889
46.0,15796.54816307095,3634.4186541182457,10.583531057771157,27.0,19.0,0.5289469277406903,1.0,1.0,0.0,4.346375491214119
57.0,18310.503374648164,975.2451395698789,3.035906322075716,29.0,28.0,0.5637066795301241,1.0,1.0,0.0,18.77528288192629
35.0,14749.21795117912,1153.193101381017,2.7365355018778392,12.0,23.0,0.42737578203463855,0.0,1.0,0.0,12.789894366794304
37.0,25847.007702352577,1436.1815937928445,2.0558944223744167,25.0,12.0,0.3096922066046257,1.0,1.0,0.0,17.99703311479757
45.0,24433.88556249359,10957.097062911298,20.179736316186972,22.0,23.0,0.594363125347988,0.0,1.0,0.0,2.2299597623534706
16.0,7680.993504360096,615.6676317571549,1.2824749952623662,10.0,6.0,0.5466389157386361,1.0,1.0,0.0,12.475876768830688
19.0,4054.42987411902,238.54129206026232,1.11785989395853,7.0,12.0,0.3875995142405443,1.0,0.0,0.0,16.996763281951015
38.0,10315.415705035808,1550.754358031188,5.71267967188343,13.0,25.0,0.4258590700663083,1.0,1.0,0.0,6.6518695572986095
5.0,1221.5900599603763,309.8039947398891,1.2680358366289342,3.0,2.0,0.6828454357078708,1.0,0.0,0.0,3.9431062242629284
20.0,15227.404894689387,2853.083279017396,3.747300736729499,11.0,9.0,0.5520814180037144,0.0,1.0,0.0,5.337175050822112
43.0,26062.84285893217,4742.986491923773,7.825256064989309,18.0,25.0,0.5381911025565538,1.0,1.0,0.0,5.49502784865849
58.0,19005.20209647935,2118.3691989789686,6.4648306772565505,35.0,23.0,0.5558762949854174,0.0,0.0,0.0,8.971619350224527
32.0,12388.021479515806,1890.442677626198,4.883279043717221,16.0,16.0,0.6817778139175028,1.0,1.0,0.0,6.552973875447664
25.0,8373.54911881333,1533.0785817873846,4.577146918332782,11.0,14.0,0.4359436293971979,0.0,1.0,0.0,5.461917750524426
27.0,8716.349431544173,671.1171847559734,2.0788707624358227,17.0,10.0,0.4123663904420622,0.0,1.0,0.0,12.987820353182501
41.0,24274.468455972677,21908.447785219505,37.00374987914466,22.0,19.0,0.45069699210768976,1.0,1.0,0.0,1.107995814854095
33.0,14602.260942823534,2134.7531451911495,4.824379872894268,17.0,16.0,0.620379637630891,0.0,0.0,0.0,6.840257373887612
3.0,2748.700646578478,199.02902521235995,0.21722521016623642,2.0,1.0,0.34838354975599034,1.0,1.0,0.0,13.810551720512473
33.0,24752.37484181219,6956.426694275935,9.274345689179091,17.0,16.0,0.38272987918107376,0.0,0.0,0.0,3.558202498156068
25.0,19047.40170233361,4273.102710996159,5.608511304815705,17.0,8.0,0.3912982049912795,1.0,1.0,0.0,4.457510851147601
42.0,26639.39858956426,6572.275429558079,10.361929422444758,26.0,16.0,0.5545509564748055,1.0,0.0,0.0,4.053299176987703
52.0,21604.345666725232,315503.23508675105,759.392044433896,23.0,29.0,0.5566332098516953,1.0,0.0,0.0,0.06847582929152812
57.0,35314.816083637255,3716.6970162235425,5.998947564189671,28.0,29.0,0.4487545533562578,1.0,0.0,0.0,9.501666649039876
37.0,15918.638060487932,19243.35366922897,44.72770114227019,25.0,12.0,0.41047690902050415,1.0,1.0,0.0,0.8272278488516576
23.0,18999.26983335047,3457.462024521267,4.185509614922171,15.0,8.0,0.601860772527806,1.0,0.0,0.0,5.495149244909257
27.0,15683.10866846957,788.2413486424049,1.3570343012500328,10.0,17.0,0.3126906267799317,0.0,0.0,0.0,19.896328320609832
12.0,6629.664860647236,360.8569163214076,0.6531677070979629,5.0,7.0,0.5954950842992375,0.0,0.0,0.0,18.372004417236482
56.0,29423.213819210498,6778.351656412157,12.900959599159998,25.0,31.0,0.3841095977483431,0.0,1.0,0.0,4.340762372718867
51.0,43250.71755908075,6937.26537588835,8.180223453796161,33.0,18.0,0.6611108227791325,0.0,1.0,0.0,6.234548516682958
51.0,10875.746594864788,1169.3211508777715,5.48333653920591,34.0,17.0,0.46547729828901274,0.0,1.0,0.0,9.300906416257602
21.0,18220.80887620865,1078.406408615997,1.2428940303800706,13.0,8.0,0.5569187613369775,1.0,0.0,0.0,16.896050255851907
20.0,9255.38477018345,576.2004464443943,1.2451139758136138,8.0,12.0,0.3483877239071368,1.0,1.0,0.0,16.062786530792167
51.0,11157.280446680357,4343.861428901104,19.85581826437557,33.0,18.0,0.4015537633801808,1.0,0.0,0.0,2.568516659497329
33.0,11535.415771155831,4554.494191736589,13.029292685151978,10.0,23.0,0.5802434377422241,0.0,0.0,0.0,2.532754524549625
42.0,7133.2189931219045,852.8673298549893,5.021635798431093,20.0,22.0,0.5201421801328827,1.0,0.0,0.0,8.363808465186192
30.0,18921.94047351384,1086.9429234110241,1.723305690976804,14.0,16.0,0.608190952385823,1.0,1.0,0.0,17.408403022794754
27.0,7893.218068128795,447.2687491268967,1.5299534514557087,14.0,13.0,0.5253609359043008,1.0,1.0,0.0,17.64759573195527
38.0,20281.87426315572,9252.896407486203,17.336172136872698,20.0,18.0,0.5277324722928971,0.0,0.0,0.0,2.1919487012462766
49.0,35615.3268956253,3095.038869114074,4.258192126974915,19.0,30.0,0.6433035926917741,0.0,1.0,0.0,11.507230894912754
21.0,7677.528900022226,2432.8927964661257,6.6545824041952795,8.0,13.0,0.46987596692233624,1.0,0.0,0.0,3.1557201826460024
48.0,21426.204546965833,1559.5987970075387,3.4938872207753144,30.0,18.0,0.6580178878630015,1.0,0.0,0.0,13.738279734555517
16.0,3829.2268482687496,208.8725020120742,0.8727506007391903,5.0,11.0,0.44888609921799955,0.0,0.0,0.0,18.332843296181682
25.0,10558.214455244013,1157.3629901265256,2.740432568007962,12.0,13.0,0.43143768270801897,1.0,0.0,0.0,9.122647384888094
54.0,54799.45515295242,32093.35968552529,31.625157917742456,20.0,34.0,0.6117685106959114,1.0,1.0,0.0,1.7075013551064273
57.0,37368.43807085904,3219.718060913547,4.911201509789335,24.0,33.0,0.3046185597985314,0.0,0.0,0.0,11.606121208096184
55.0,24587.965392170343,2998.5661648791374,6.707392679219775,23.0,32.0,0.36887684793552156,0.0,0.0,0.0,8.199907569210302
20.0,7553.247855273139,465.4617400604233,1.2324810438610752,12.0,8.0,0.32870629591511313,1.0,1.0,0.0,16.227430109062507
50.0,24573.666043435664,3592.708437328352,7.310078258119871,24.0,26.0,0.5048420372036633,1.0,0.0,0.0,6.839872055331435
56.0,29456.568424568763,1682.828684312077,3.1992323397342894,24.0,32.0,0.5512284005314384,1.0,0.0,0.0,17.504199149428157
58.0,24138.79139710921,4380.648977834549,10.525698513009704,37.0,21.0,0.30415037834500286,1.0,1.0,0.0,5.510323132313958
3.0,1818.0355174626775,569.4749283607564,0.9397092458713979,1.0,2.0,0.3645854194161351,1.0,0.0,0.0,3.1924768359792846
45.0,13918.97258945632,2258.0033068479784,7.3001184645718125,27.0,18.0,0.4210165434382822,0.0,0.0,0.0,6.164283527505669
59.0,18191.025435185635,24366.133508306255,79.02808349711917,24.0,35.0,0.4176905340914406,0.0,1.0,0.0,0.7465700468637929
46.0,26405.79820486188,4664.629052152899,8.125978042183396,31.0,15.0,0.3388530867578092,1.0,1.0,0.0,5.6608570391411135
15.0,3994.074739306807,302.13858528407184,1.1347005439481697,5.0,10.0,0.36913898242021453,1.0,1.0,0.0,13.219346795946512
46.0,29706.958726335364,10284.400756858575,15.924970279643759,24.0,22.0,0.6388207043889484,1.0,0.0,0.0,2.8885454222040168
8.0,3977.1510201649066,1750.7137322180072,3.5215433828719265,4.0,4.0,0.5802324566456015,1.0,0.0,0.0,2.27173120709243
29.0,3898.1265314401626,1448.5325699373682,10.77631631230401,15.0,14.0,0.41843775306533865,0.0,0.0,0.0,2.69108656052429
38.0,19832.193354263196,12417.1931715843,23.792292263970502,24.0,14.0,0.405362985726434,1.0,0.0,0.0,1.597155901516254
28.0,4563.17890230163,260.76833185633575,1.6000935857006566,10.0,18.0,0.3320796808613407,1.0,1.0,0.0,17.498976466266644
42.0,26824.24088110756,1420.3920432275886,2.2239759208833774,20.0,22.0,0.4395623749591935,1.0,1.0,0.0,18.885096554155737
15.0,6753.857012248212,6899.470495824326,15.323400724901434,10.0,5.0,0.45922780585106454,1.0,0.0,0.0,0.9788949769892862
37.0,32198.023202150467,2116.4207467254964,2.432061345418662,24.0,13.0,0.661672662554978,1.0,1.0,0.0,15.213432041793629
39.0,27856.240186106337,1887.7680534081112,2.642960916155395,19.0,20.0,0.597246285606084,1.0,1.0,0.0,14.756177347008094
38.0,10938.736952638132,548.6281854582014,1.9058755263681244,20.0,18.0,0.49166150973960293,0.0,1.0,0.0,19.938343020970304
18.0,1725.3364901708976,246.82855898693748,2.5751000382103992,11.0,7.0,0.35394290751603197,1.0,0.0,0.0,6.99001970133531
19.0,6630.615224192779,1153.9724264117717,3.3067031279126744,12.0,7.0,0.5624646596033316,0.0,1.0,0.0,5.745904384223803
16.0,4091.9724709428124,450.21209526371973,1.7603719417398267,10.0,6.0,0.6744049251084192,1.0,1.0,0.0,9.088988310156054
28.0,24224.133286511726,1413.4192749224605,1.6337319164217579,18.0,10.0,0.3312179408029415,1.0,1.0,0.0,17.13867478412635
35.0,17427.79738503894,1194.876095538935,2.3996528316173835,16.0,19.0,0.6394431071445712,0.0,0.0,0.0,14.585443168631082
23.0,15793.726499242568,1669.722134691092,2.4315736441134943,13.0,10.0,0.372045822087663,1.0,1.0,0.0,9.45889508865168
25.0,11074.84543724707,2246.8616148099027,5.071993165821591,12.0,13.0,0.5805123737256248,0.0,1.0,0.0,4.92902872355317
18.0,8353.197042189675,573.9465220750322,1.2367764515994755,6.0,12.0,0.3735424148973667,1.0,0.0,0.0,14.553964038304004
14.0,6908.644336975057,404.06601347549184,0.8188182677723087,9.0,5.0,0.5400054219549215,0.0,0.0,0.0,17.097811017441813
40.0,28852.314548739567,3593.500723544834,4.9819236754464375,22.0,18.0,0.3950498336916892,0.0,1.0,0.0,8.029027059796443
49.0,27553.922605611067,2058.0629728401814,3.6599175773482377,16.0,33.0,0.5166792248613091,1.0,1.0,0.0,13.388279644128636
18.0,5193.598163484005,646.4338559194076,2.2404138788326518,10.0,8.0,0.5400631476582708,1.0,1.0,0.0,8.034229822473133
51.0,42049.644208481455,4382.022634777409,5.314745429607489,21.0,30.0,0.5474081300428573,0.0,0.0,0.0,9.595944090922622
35.0,15450.291507095808,1468.385020728776,3.326375796981166,11.0,24.0,0.5731195511226983,0.0,1.0,0.0,10.521962080100527
11.0,4497.855727471374,289.7033331406924,0.7085013076529139,6.0,5.0,0.327611830153977,0.0,1.0,0.0,15.525729989744445
23.0,920.0,47.055828363663444,1.176395709091586,14.0,9.0,0.5813549615351747,0.0,1.0,0.0,19.551244383372175
2.0,1253.7598364645348,140.63321119055928,0.22433835747543088,1.0,1.0,0.3618390896941654,1.0,0.0,0.0,8.915104944632736
4.0,2080.810111729507,302.47918916092124,0.581464281542749,1.0,3.0,0.5708129812547706,1.0,0.0,0.0,6.879184374639737
21.0,10919.68775772799,1455.3489492266153,2.79882800789149,11.0,10.0,0.3496150456949634,0.0,0.0,0.0,7.503140579124206
28.0,11744.181841779418,4315.989208167248,10.290005677430205,8.0,20.0,0.4917658842207021,1.0,0.0,0.0,2.7210869340348736
48.0,18477.908734725286,3093.092064909569,8.034914624112446,32.0,16.0,0.4547073703927223,0.0,1.0,0.0,5.973927819463568
9.0,3834.7552317052264,2160.8809175671818,5.071491420707078,4.0,5.0,0.6869385426573069,1.0,1.0,0.0,1.7746258947126843
50.0,29631.60871127279,3450.9568882950375,5.823100800771215,32.0,18.0,0.5523236662977826,1.0,0.0,0.0,8.586490550425982
15.0,9417.353319100052,2778.9824666456043,4.426374968340635,5.0,10.0,0.3352823653005259,1.0,1.0,0.0,3.388777522755425
10.0,4537.936823250803,651.9261172193789,1.43661347130074,3.0,7.0,0.5803545845751845,1.0,1.0,0.0,6.960814582189453
42.0,28971.074952260777,1824.1594865230963,2.6445238418048884,20.0,22.0,0.37765535971159325,0.0,1.0,0.0,15.881876100362545
46.0,22273.437534639204,4494.004084287105,9.281198178579912,28.0,18.0,0.4144601450853426,1.0,1.0,0.0,4.9562566292532635
37.0,14768.72450588495,1204.892372890355,3.018609885991087,25.0,12.0,0.4513772161778567,0.0,0.0,0.0,12.257297695774277
8.0,4317.464919851783,239.479064847188,0.4437401471332103,4.0,4.0,0.6104901761233597,0.0,0.0,0.0,18.028569314009825
8.0,1824.9817304098237,160.6464447202734,0.7042106429600173,4.0,4.0,0.677632375514556,1.0,1.0,0.0,11.36023728123946
24.0,13117.047883580395,3349.4645499350336,6.128448253899226,8.0,16.0,0.6697340707391934,1.0,1.0,0.0,3.9161626248096324
28.0,5363.78020905232,774.2081351552806,4.041520520874945,15.0,13.0,0.3682734527176051,0.0,1.0,0.0,6.928085569620788
59.0,17372.82187219158,1468.8044603590763,4.988220324753345,27.0,32.0,0.3241653909578319,1.0,0.0,0.0,11.827865683322118
18.0,1732.710935820152,170.59459677064305,1.7721956261666376,12.0,6.0,0.6314132077118046,1.0,0.0,0.0,10.156892238209078
13.0,6044.695923054099,2004.8970558572155,4.311823466047084,6.0,7.0,0.4152873051326027,0.0,1.0,0.0,3.0149657337242304
56.0,46027.89746586185,5134.986370148555,6.247498855267006,34.0,22.0,0.5331304415291683,0.0,1.0,0.0,8.96358707657685
10.0,4765.846677837129,437.8691303447414,0.9187646182177609,6.0,4.0,0.6914509860945243,0.0,0.0,0.0,10.884180563459456
3.0,1886.1512276598764,350.37162215520897,0.5572802705590747,1.0,2.0,0.3745688021488281,0.0,0.0,0.0,5.38328765342857
26.0,25232.032266024424,2056.687306509704,2.119285097826077,12.0,14.0,0.44994235674274197,0.0,0.0,0.0,12.268288031030046
25.0,14520.27924060048,10016.099531036865,17.24501878557305,16.0,9.0,0.6470395784584464,1.0,0.0,0.0,1.4496939847299364
37.0,12837.430870048634,1897.537624075582,5.469076546663464,17.0,20.0,0.5599922188312165,1.0,1.0,0.0,6.76531031963206
52.0,19473.28653154729,1209.8723807337874,3.230752225426122,27.0,25.0,0.675021202701157,1.0,0.0,0.0,16.09532281391261
56.0,28007.37193209767,5362.59052196467,10.722358026240185,36.0,20.0,0.5526877259835334,0.0,1.0,0.0,5.2227317781177005
18.0,6721.579277060672,554.435787886988,1.484746927857398,7.0,11.0,0.4214279872163269,1.0,0.0,0.0,12.12327815756141
58.0,22526.19080216419,2737.0518633257166,7.04730815196859,38.0,20.0,0.6220434422089953,0.0,1.0,0.0,8.230092788520723
38.0,26487.929710372122,4162.556749942957,5.971669293425129,17.0,21.0,0.6037055019684311,0.0,1.0,0.0,6.363379841184173
6.0,4231.387536926655,230.8848933204694,0.32738891151742516,3.0,3.0,0.6734475764315454,1.0,1.0,0.0,18.326827173805036
56.0,9554.804201054963,1385.1414140513223,8.1182112741054,24.0,32.0,0.490466772885213,0.0,0.0,0.0,6.898071275703651
10.0,3363.660964199561,704.9211135478654,2.095696091403234,5.0,5.0,0.5011357148537239,1.0,0.0,0.0,4.771684234666015
36.0,14659.168414223572,805.8667467790373,1.9790483378235975,12.0,24.0,0.42952924014467014,0.0,0.0,0.0,18.190561247023396
47.0,29131.436093953373,1950.993583888841,3.1476889140322344,15.0,32.0,0.4075033338026133,0.0,0.0,0.0,14.931589900919507
16.0,11657.8418832181,853.9352193691426,1.1719976687601699,7.0,9.0,0.6986111276565198,0.0,0.0,0.0,13.651904288279038
17.0,17686.69097653121,17035.556336891008,16.37414585415828,7.0,10.0,0.6909022064975576,1.0,0.0,0.0,1.0382220942341724
29.0,11799.094881560562,4423.213692737963,10.871443816412075,16.0,13.0,0.5118585852004711,1.0,0.0,0.0,2.6675389662797273
53.0,22093.275627974494,1728.0781431978783,4.145521159095064,17.0,36.0,0.6820342329455346,1.0,1.0,0.0,12.784882278002774
14.0,8647.996043785599,2045.3210685833021,3.3111133278955203,5.0,9.0,0.44246217904257695,0.0,1.0,0.0,4.228185088698891
40.0,14542.266248361124,3195.0647338727586,8.788354385226123,15.0,25.0,0.6399977296298744,0.0,0.0,0.0,4.551477813325663
28.0,13210.613575653104,847.170172734038,1.7955838841785485,13.0,15.0,0.5539472631381341,0.0,1.0,0.0,15.593813381105033
8.0,3335.939025946327,579.7395717327952,1.3902881730719565,3.0,5.0,0.5868264456558656,1.0,1.0,0.0,5.754202729297005
43.0,1720.0,1163.6035541051547,29.090088852628867,15.0,28.0,0.5872811729616971,1.0,1.0,0.0,1.478166677930724
50.0,26232.33230151546,33768.98358535219,64.36519482372013,27.0,23.0,0.5543314600025053,0.0,0.0,0.0,0.776817348831729
35.0,16223.473284880469,1824.62511438925,3.936387596060585,21.0,14.0,0.640931204528045,1.0,0.0,0.0,8.891400845543492
12.0,9050.954520616559,732.1762740230298,0.9707390826307942,7.0,5.0,0.4568053002628971,0.0,0.0,0.0,12.361715124808688
11.0,5512.078896579981,317.0729595505116,0.6327562831547396,5.0,6.0,0.6396755803852358,1.0,0.0,0.0,17.38426040616647
26.0,6475.313112766304,2864.488622591212,11.501637510090147,17.0,9.0,0.3733660655682194,0.0,1.0,0.0,2.2605476809011535
31.0,13899.786987526955,3498.013624271136,7.801444903415641,17.0,14.0,0.3799837680800227,1.0,1.0,0.0,3.973622884451511
34.0,2780.636666670929,261.841975330746,3.2016506392055475,19.0,15.0,0.5869372881568012,0.0,0.0,0.0,10.61952218760405
16.0,4125.062927361144,563.9984217974629,2.1875968700754247,6.0,10.0,0.6000519561310349,0.0,0.0,0.0,7.313961826727402
31.0,19440.137002548585,2008.9796518335963,3.203597237955517,12.0,19.0,0.6609204299470268,0.0,0.0,0.0,9.676622152347619
19.0,8560.10632817608,463.0516904351477,1.0277888826344066,9.0,10.0,0.40987316192189116,0.0,1.0,0.0,18.4862867472351
41.0,28064.567563884135,2569.8768502961316,3.7543764258008365,16.0,25.0,0.322427780954577,1.0,1.0,0.0,10.92058849460051
48.0,5117.834391570742,614.2637526024014,5.761159480556379,28.0,20.0,0.5029886901627578,0.0,0.0,0.0,8.331656181710915
39.0,17608.801100874727,889.8130728400415,1.9707593743584133,17.0,22.0,0.6501361861507169,0.0,1.0,0.0,19.78932613865991
2.0,809.7950006448858,599.3808027580953,1.4803272489476333,1.0,1.0,0.6885863414587413,1.0,0.0,0.0,1.3510526144957493
59.0,40779.01327483583,2187.050824078777,3.1642746662601127,21.0,38.0,0.6431305180818925,0.0,0.0,0.0,18.64566329500488
3.0,1903.6576608999737,189.26511846671434,0.2982654744402478,1.0,2.0,0.49598257986904204,1.0,1.0,0.0,10.058153749206387
59.0,37078.57537104191,3671.1682711139288,5.841619475080586,28.0,31.0,0.6453528944284124,1.0,0.0,0.0,10.099938938454406
3.0,2424.846022850461,131.47650836744634,0.16266167887999677,1.0,2.0,0.38558836954761433,1.0,1.0,0.0,18.443188467354023
31.0,13217.85992242329,1299.5489689136512,3.0478472515796917,16.0,15.0,0.6684678604939434,1.0,0.0,0.0,10.171113392881738
8.0,6136.12933648115,697.5869544805837,0.9094814222160771,3.0,5.0,0.5267383844072189,0.0,1.0,0.0,8.79622145607647
7.0,2038.1113887683696,371.50138985258405,1.2759409241805846,4.0,3.0,0.45574543432084086,0.0,1.0,0.0,5.48614741273812
41.0,11636.80245192131,882.0173196275371,3.1076157092241714,28.0,13.0,0.5326564728657286,0.0,0.0,0.0,13.193394498007546
44.0,28624.169829185383,2507.7201399569735,3.854773319769917,28.0,16.0,0.6136032839468779,0.0,0.0,0.0,11.414419565046243
8.0,1592.4148185459176,368.0869953752475,1.8492015577265675,4.0,4.0,0.3960486051059065,0.0,0.0,0.0,4.326191467108272
58.0,35644.08128965991,2509.6538900885066,4.083705354677194,27.0,31.0,0.3407519211074943,0.0,1.0,0.0,14.20278765547343
20.0,10405.252774885304,806.6379560480561,1.550443748939963,12.0,8.0,0.5932480414648725,1.0,0.0,0.0,12.899532803865979
20.0,14287.41091461949,1791.118146421306,2.507267631798225,13.0,7.0,0.6809875865331692,1.0,0.0,0.0,7.976810989920489
19.0,9274.11293317142,67302.04032277713,137.88259592559024,9.0,10.0,0.5547912367896959,1.0,0.0,0.0,0.13779839197583388
28.0,14313.874099254952,1597.65648783314,3.1252462714937796,10.0,18.0,0.35703338163608983,1.0,1.0,0.0,8.959293946014945
12.0,7222.235983019774,42270.04443219464,70.23317077687724,7.0,5.0,0.5573541477828227,0.0,1.0,0.0,0.17085943674852197
26.0,9554.222339689153,6179.0839566131435,16.81520244767181,8.0,18.0,0.34665283847235334,0.0,1.0,0.0,1.546219861515845
14.0,5022.622339027381,581.2771186198353,1.620245184959213,8.0,6.0,0.42140990120796473,1.0,0.0,0.0,8.64066755449264
4.0,2379.5435518747354,1412.777512908009,2.3748714526278705,1.0,3.0,0.31263908047958655,0.0,1.0,0.0,1.6843016894972875
23.0,11365.276077999068,2047.9726193696952,4.14449855174973,8.0,15.0,0.49500064963516,0.0,0.0,0.0,5.549525404053966
40.0,16741.488661565756,1275.3425245655105,3.047142462291005,25.0,15.0,0.42854167420316047,1.0,0.0,0.0,13.12705280275142
46.0,22238.38628278146,3582.86293749555,7.411135548643843,26.0,20.0,0.33900875593815877,0.0,0.0,0.0,6.206876085057909
22.0,18016.06183448865,902.920917443638,1.1025861459763269,12.0,10.0,0.4236109209130607,1.0,0.0,0.0,19.953089452724132
20.0,8227.92637304043,448.87207408632753,1.0910940466290484,13.0,7.0,0.5590280477664651,1.0,1.0,0.0,18.330225576603873
47.0,19063.015635149055,1625.575612233768,4.007868179791781,30.0,17.0,0.41563262220018826,0.0,0.0,0.0,11.726932596481198
41.0,6498.957357767542,336.026746749971,2.119893370323849,20.0,21.0,0.357228846957172,0.0,1.0,0.0,19.340595415766863
50.0,24576.47061842885,1415.1291769834297,2.879032548966336,35.0,15.0,0.5179189860103114,0.0,1.0,0.0,17.366945023928814
54.0,34094.34192139623,5317.2499364896275,8.42167586728658,24.0,30.0,0.6012909082345932,0.0,1.0,0.0,6.4120254508677155
49.0,32694.741533672506,2179.0037085431964,3.2656989078397323,18.0,31.0,0.6320565424825833,0.0,0.0,0.0,15.004445107406923
56.0,29212.037138261967,10508.705387249545,20.14537702046027,36.0,20.0,0.4888388452452575,0.0,1.0,0.0,2.7797940908787493
26.0,17970.334580020593,1311.0524249737348,1.8968685806893888,12.0,14.0,0.5844289683694881,1.0,0.0,0.0,13.706800916355885
24.0,15509.905929025163,1575.0762752101462,2.437270140646137,16.0,8.0,0.6333310993776409,1.0,1.0,0.0,9.84708243856688
20.0,14451.80091876905,37471.20681114854,51.856799054688615,6.0,14.0,0.5691556922286902,1.0,0.0,0.0,0.3856774880938531
15.0,10452.907966432685,1893.339210731104,2.716955726786026,5.0,10.0,0.5109085620333225,0.0,1.0,0.0,5.520884956687896
45.0,36629.80376496526,1916.7997336598003,2.3548034427962437,14.0,31.0,0.32397574685636116,0.0,0.0,0.0,19.10987523721476
43.0,20040.638767530254,3155.589603316074,6.770759880290644,23.0,20.0,0.41601374983833067,0.0,0.0,0.0,6.350838127515189
48.0,11260.242793329518,3068.1723505865657,13.078960687721414,30.0,18.0,0.4279260629782906,1.0,0.0,0.0,3.670016383263741
11.0,6960.181236107925,1835.852793964798,2.901415932799087,5.0,6.0,0.45800450037363166,1.0,1.0,0.0,3.791252359115556
30.0,19683.319135936657,2048.147264270625,3.121649225101325,10.0,20.0,0.6803570813217251,0.0,1.0,0.0,9.610304629606883
14.0,11395.98710146719,675.8844015697925,0.8303257574553459,6.0,8.0,0.38355013694113715,1.0,0.0,0.0,16.860852351377172
53.0,40081.677775398886,2641.7954499462885,3.493245957211178,23.0,30.0,0.5166219644029175,1.0,1.0,0.0,15.172135214410263
17.0,15114.606349939522,1724.388556340829,1.9394885172058345,9.0,8.0,0.696487242677688,1.0,0.0,0.0,8.765197550378598
10.0,6239.707960653066,1480.673453264359,2.3729851823215573,6.0,4.0,0.5475178243122631,1.0,0.0,0.0,4.214101324567363
35.0,19101.6741435704,19712.8766743237,36.119906476028234,12.0,23.0,0.38356428947127263,1.0,0.0,0.0,0.9689947570387126
52.0,11596.175538212236,1249.6585955637042,5.603765375505072,24.0,28.0,0.684076372711243,1.0,1.0,0.0,9.279474873680485
55.0,30889.061879654884,1894.480283018623,3.373246360539468,31.0,24.0,0.4345170676215267,0.0,1.0,0.0,16.304768202937925
7.0,2726.495300380155,186.65476995651224,0.4792171802069157,3.0,4.0,0.31914828383945243,0.0,0.0,0.0,14.607155772206559
20.0,10846.040053729885,1322.432144307446,2.4385529423758117,9.0,11.0,0.4725447069838721,1.0,1.0,0.0,8.201585314163644
10.0,5109.026372619312,428.81399018690126,0.839326241267875,5.0,5.0,0.3962622784700192,0.0,1.0,0.0,11.914318304756126
19.0,11292.587637630513,1290.121704952204,2.1706550509653795,9.0,10.0,0.6275455092381381,0.0,0.0,0.0,8.753118092877042
32.0,15377.083458953532,1325.45394347015,2.7582945949576883,10.0,22.0,0.3879823336989021,1.0,1.0,0.0,11.601371390314048
18.0,12366.072686637304,1191.9991298496968,1.7350685929963632,7.0,11.0,0.6279416088951251,0.0,0.0,0.0,10.374229625651306
5.0,200.0,14.667828319803162,0.36669570799507906,3.0,2.0,0.3144684066139239,1.0,0.0,0.0,13.635283672496922
31.0,16677.960165978635,1638.5010227544878,3.045548208527493,12.0,19.0,0.6716629271675159,1.0,1.0,0.0,10.178791428485823
5.0,3702.489779152562,196.7819562054083,0.26574274061932507,3.0,2.0,0.3168774107140054,0.0,1.0,0.0,18.815189413442795
15.0,13110.145525368645,1526.3590540812195,1.7463868548914903,7.0,8.0,0.6754159375947966,1.0,0.0,0.0,8.58916222255464
2.0,1292.7845353540251,3517.4915552731627,5.4417290106427645,1.0,1.0,0.32947651033259845,1.0,0.0,0.0,0.36753024564223286
7.0,5858.836231615554,1229.388170391251,1.4688441274907864,4.0,3.0,0.6490334410233691,1.0,0.0,0.0,4.765652031409241
27.0,14412.25437709721,1435.8972796312264,2.6900181981003635,12.0,15.0,0.6325328150598872,0.0,0.0,0.0,10.037106819227786
51.0,25529.198274456045,2356.307536644168,4.707225157520662,20.0,31.0,0.5377695350429641,1.0,0.0,0.0,10.834408445178807
46.0,27870.623917695313,2517.654128219517,4.155346153717343,16.0,30.0,0.31439443362627234,0.0,0.0,0.0,11.070076546775468
7.0,3495.528003952509,244.35170845369885,0.4893286385466848,4.0,3.0,0.5484571227078459,1.0,1.0,0.0,14.30531436048814
4.0,1374.1140255861114,248.5181327130446,0.7234279778406082,2.0,2.0,0.5471385683307439,1.0,1.0,0.0,5.529230445219682
21.0,8335.990974646022,626.0682245518792,1.5771889335746017,13.0,8.0,0.5228789899908678,0.0,1.0,0.0,13.31482839687747
39.0,10825.207332605974,767.9933635848321,2.7668515031201815,19.0,20.0,0.5526102285786882,0.0,1.0,0.0,14.095443848728296
45.0,27255.393853787205,3301.66267960919,5.4512079839847445,21.0,24.0,0.6872429612981173,1.0,1.0,0.0,8.255051014785485
49.0,24611.639762504677,3048.532875448835,6.069409122612276,21.0,28.0,0.6982028990627867,0.0,1.0,0.0,8.073273527969125
21.0,8986.798309615991,2482.849971951488,5.801827037243167,8.0,13.0,0.508198322658336,0.0,1.0,0.0,3.619549473846172
11.0,4253.295734957961,511.88724086714814,1.3238580151526385,7.0,4.0,0.3367202497156942,0.0,1.0,0.0,8.309048156294706
3.0,1803.0338077197757,114.50025547625371,0.19051265980595933,1.0,2.0,0.35358761745807116,0.0,0.0,0.0,15.746985019554897
10.0,6560.8963612201405,360.8057757438464,0.5499336613156725,7.0,3.0,0.5881403517360061,1.0,0.0,0.0,18.184011460720185
5.0,1369.4860034948174,115.1546290900626,0.42043010587986046,2.0,3.0,0.6927854348892262,1.0,0.0,0.0,11.892583166793411
51.0,12365.6163682887,2053.257443217585,8.468330771819723,26.0,25.0,0.4744220894927791,0.0,1.0,0.0,6.022438349918261
17.0,11745.333849111452,859.7283749901782,1.2443564876564748,5.0,12.0,0.33921549836465953,0.0,1.0,0.0,13.661679887261641
49.0,11023.694262811763,744.0440145813941,3.3072539790475917,30.0,19.0,0.44121782100197937,0.0,0.0,0.0,14.815916863485278
34.0,20722.910469992894,3103.326197561186,5.091615430654153,13.0,21.0,0.4540041108482089,1.0,1.0,0.0,6.677644936674214
33.0,27171.600711776486,1642.8179457473727,1.9952078931502466,17.0,16.0,0.6986381335541059,0.0,0.0,0.0,16.539629836716458
28.0,23067.714899001552,15173.813705719744,18.418243229568546,19.0,9.0,0.5746333413177549,1.0,0.0,0.0,1.5202318511598845
49.0,31731.151388194496,119949.91792078993,185.22952117979037,27.0,22.0,0.34714643442829857,0.0,1.0,0.0,0.26453666612050925
4.0,2567.0476122576965,1025.4789842390762,1.597911903686393,1.0,3.0,0.4348306867769663,1.0,0.0,0.0,2.5032669140094486
7.0,6652.670430275037,2103.699981610807,2.2135321485731323,4.0,3.0,0.31942348499957035,0.0,1.0,0.0,3.1623665391588185
26.0,1040.0,59.142543867522875,1.478563596688072,12.0,14.0,0.5612242032445798,1.0,0.0,0.0,17.58463420730704
24.0,9771.188754812953,1145.7255742356037,2.814131880126684,7.0,17.0,0.5690957075508267,0.0,1.0,0.0,8.528384959314554
33.0,22100.04620390557,3992.862941282758,5.962181067252488,16.0,17.0,0.3229986980295653,0.0,0.0,0.0,5.534887254809115
44.0,19031.87433099078,2210.4258982586075,5.110307993417458,27.0,17.0,0.43420797651950505,0.0,1.0,0.0,8.610048563937047
36.0,26926.40382197065,3396.7637587264035,4.541397214520458,17.0,19.0,0.6611353467748049,1.0,1.0,0.0,7.927075809377613
16.0,7874.067007007384,1298.4595802491813,2.6384526910297117,10.0,6.0,0.6307264120299216,1.0,0.0,0.0,6.064160276360939
20.0,10526.975441350389,3758.162136068809,7.140060612864346,12.0,8.0,0.5296850279244865,1.0,1.0,0.0,2.801096669118708
45.0,20027.92802178656,1524.7160358861618,3.425827251837548,22.0,23.0,0.4938493441898414,0.0,1.0,0.0,13.135513466378919
13.0,5141.471507099042,1852.6103922368452,4.684249453843185,6.0,7.0,0.6971407648267971,0.0,1.0,0.0,2.775257835454124
31.0,12107.918228484557,780.1635545486549,1.9974589962221223,18.0,13.0,0.5888782238076509,0.0,0.0,0.0,15.519717830819854
33.0,18289.697559122724,4489.728236973866,8.100791789541445,15.0,18.0,0.6810540844783248,1.0,0.0,0.0,4.0736758649450495
45.0,15528.915307594198,1060.6561279348107,3.073590447989952,17.0,28.0,0.32863408574127334,1.0,1.0,0.0,14.640857577309568
43.0,29697.561998025074,1842.115643777096,2.6672550658428715,18.0,25.0,0.38486046254342066,0.0,1.0,0.0,16.121442808624565
28.0,17658.06517777581,6924.042038478599,10.979298984659248,18.0,10.0,0.312444414297952,0.0,0.0,0.0,2.550253895000292
19.0,13677.782475685393,7681.652745087679,10.670691862231292,8.0,11.0,0.6471670458756701,0.0,0.0,0.0,1.7805780773456812
23.0,6306.947962432207,332.0498933580895,1.2109101886882978,9.0,14.0,0.5776925764661323,0.0,1.0,0.0,18.993976774540513
25.0,4002.6172660677803,430.9550431552698,2.6917077908540903,9.0,16.0,0.37106066113685493,0.0,0.0,0.0,9.287783794713985
14.0,6988.279884231062,553.606131757596,1.1090691805425805,5.0,9.0,0.6896762429768508,1.0,1.0,0.0,12.623198124711118
38.0,41030.884663052355,79819.51457473008,73.92337695733472,26.0,12.0,0.6823188890458816,0.0,1.0,0.0,0.5140457804292667
14.0,10545.384578664798,1879.6578678155208,2.4954244155929293,7.0,7.0,0.38983912196988274,1.0,0.0,0.0,5.61026810209898
39.0,15175.318793647639,1497.660440126836,3.8489311466324123,23.0,16.0,0.5588039012170842,0.0,0.0,0.0,10.132683208459756
45.0,26320.60920988207,1484.5192915168736,2.5380631422914783,27.0,18.0,0.5672411666942343,1.0,0.0,0.0,17.730055352118608
57.0,36794.490744858,6732.485629800873,10.429596201226913,25.0,32.0,0.3016067020085796,1.0,1.0,0.0,5.465216380409307
8.0,1810.5788148274219,116.69809962974863,0.5156278143721543,5.0,3.0,0.5755119169073998,1.0,0.0,0.0,15.515066831181455
46.0,35600.55799511836,2684.5758914092767,3.4687796472673282,31.0,15.0,0.3885360779088216,0.0,1.0,0.0,13.261147918761102
6.0,2799.0910478148708,1191.2790766274013,2.553569833087169,4.0,2.0,0.6605275002407356,1.0,0.0,0.0,2.3496518177246117
21.0,10119.140452646987,1714.2849108490905,3.5576127534047566,12.0,9.0,0.6354028530238063,0.0,0.0,0.0,5.902834697200331
12.0,6057.083182641253,1263.1060886320363,2.5024046404089417,6.0,6.0,0.6621174338683827,0.0,1.0,0.0,4.7953875269504636
11.0,8017.9883064773685,903.0867491081457,1.238958434519593,7.0,4.0,0.6030215849377387,0.0,1.0,0.0,8.878425372087046
12.0,4187.562820316621,329.08367435838863,0.9430316061508256,4.0,8.0,0.36596217541903364,0.0,0.0,0.0,12.724918148799306
4.0,634.4239961724381,72.94976674478491,0.45994330091484725,2.0,2.0,0.4442217251954063,0.0,1.0,0.0,8.696724122394707
49.0,27664.961870420433,5613.256683636919,9.942163621497484,22.0,27.0,0.5835725894345678,1.0,0.0,0.0,4.928504686248529
5.0,456.34191382687106,32.753109366249234,0.3588658895211108,3.0,2.0,0.42933001730328496,0.0,0.0,0.0,13.932781426154095
25.0,10994.482024322298,938.8809399787812,2.1348912524977592,16.0,9.0,0.5840131734466966,0.0,0.0,0.0,11.710198339494223
42.0,30969.744034814074,2974.910135964147,4.034461039459614,23.0,19.0,0.4344634899890418,1.0,1.0,0.0,10.410312452943055
59.0,36333.30806140311,3270.1272643769657,5.310210352224948,18.0,41.0,0.37109178174048335,1.0,0.0,0.0,11.110670969047268
51.0,36132.03187039782,8070.738112566016,11.391765766654489,30.0,21.0,0.5072655273558144,1.0,0.0,0.0,4.4769178935617795
9.0,5616.632457365092,412.2420176667142,0.6605698676500134,6.0,3.0,0.5744911038014331,0.0,0.0,0.0,13.624599668794502
59.0,57941.94696764421,7446.942553396634,7.582927976095678,33.0,26.0,0.5068782749131034,0.0,1.0,0.0,7.780635683998427
39.0,14911.730904276843,2042.3718864320936,5.341600118870605,25.0,14.0,0.5567469193197159,0.0,1.0,0.0,7.301183003613891
12.0,6955.516024819975,2290.109921417157,3.9510108177368712,8.0,4.0,0.4752204072417323,1.0,1.0,0.0,3.037197454922072
28.0,11546.525361209158,965.6784536547559,2.3417431527211945,18.0,10.0,0.6113325315933379,1.0,1.0,0.0,11.956904824281406
55.0,38024.81396906358,3149.534152364504,4.555561495211534,24.0,31.0,0.559986569057883,1.0,0.0,0.0,12.073154990402806
24.0,11704.44059495762,1711.4262742615815,3.5092860909536427,12.0,12.0,0.5298426536341267,1.0,1.0,0.0,6.83899784114724
12.0,10125.22771066571,588.538864737623,0.69751185639134,8.0,4.0,0.4741486861902242,0.0,0.0,0.0,17.204008634467403
52.0,20479.514063819446,1210.5960386756224,3.073851938818511,35.0,17.0,0.5142910224551822,1.0,0.0,0.0,16.916885079372793
57.0,44541.24239317362,20012.838640226924,25.610686662565186,20.0,37.0,0.3204038886765847,0.0,1.0,0.0,2.2256334143245042
58.0,35880.41855431006,2578.3542484484915,4.167859585686154,22.0,36.0,0.566687870673414,0.0,0.0,0.0,13.916015836807869
57.0,28129.94381240842,3557.598554036525,7.208799240140399,25.0,32.0,0.38176469170616845,1.0,0.0,0.0,7.907003385891194
52.0,31641.400313743212,1582.5201414886162,2.6007397441783104,32.0,20.0,0.6440595841567367,0.0,0.0,0.0,19.99431127870471
28.0,15463.080570163476,3406.5490898006315,6.16845874155652,18.0,10.0,0.6249375072759888,0.0,0.0,0.0,4.539221412208815
13.0,7425.482168654706,1315.0690756517947,2.302328333052969,7.0,6.0,0.5111818664826611,1.0,0.0,0.0,5.646457898019063
37.0,16969.154059101507,1913.0907209252443,4.171354472220637,13.0,24.0,0.6388524273249663,0.0,0.0,0.0,8.870020576386764
14.0,5035.552178846024,930.6368050927284,2.5873856150337775,6.0,8.0,0.5683212975263763,0.0,0.0,0.0,5.41086721617923
29.0,12556.587504217323,906.2681294134704,2.093066746372253,19.0,10.0,0.3565040179565253,0.0,0.0,0.0,13.85526765941096
40.0,6534.840176414218,677.5986112747572,4.147606325371939,18.0,22.0,0.5963091018516755,1.0,0.0,0.0,9.644116838020537
56.0,37429.82132436541,8398.865974963479,12.565822596961834,19.0,37.0,0.6983225862688337,1.0,0.0,0.0,4.456532755248326
18.0,4553.409700168273,448.51622662945164,1.7730212326450172,8.0,10.0,0.3163909235031035,1.0,1.0,0.0,10.152162686256924
16.0,7303.529423245761,410.74178358385797,0.8998209162305427,10.0,6.0,0.3979677738645735,0.0,0.0,0.0,17.781315938982516
44.0,27702.796365033093,1746.8964720768251,2.774573503648121,22.0,22.0,0.5390962993534257,0.0,0.0,0.0,15.858293154658554
2.0,1335.7586868399644,133.55400532818936,0.1999672645126362,1.0,1.0,0.46607778133010547,0.0,1.0,0.0,10.00163704231508
34.0,4932.366829506777,849.613036542296,5.856588579265639,14.0,20.0,0.5550224826186572,0.0,1.0,0.0,5.8054274326818565
45.0,21673.3673229743,5956.291814821943,12.366935311563966,31.0,14.0,0.5345617332555143,1.0,1.0,0.0,3.638734970815429
33.0,19534.315016362227,1111.5628656733168,1.8778019365662135,16.0,17.0,0.6151957871598037,1.0,1.0,0.0,17.573738399878565
24.0,12249.67732445917,861.571486337614,1.6880212534917256,11.0,13.0,0.3283611680562984,1.0,1.0,0.0,14.217830462948992
50.0,38440.74957673545,3352.9783373771243,4.361229130930325,18.0,32.0,0.4762464279713793,0.0,1.0,0.0,11.464657897791795
23.0,7719.68826039283,438.7502466475571,1.3072102567494484,10.0,13.0,0.6440215158759202,0.0,1.0,0.0,17.594721186775683
43.0,3878.2462803643093,1565.2472233494814,17.354656135377052,27.0,16.0,0.44510476213878464,0.0,0.0,0.0,2.477721233113085
28.0,18537.825693903716,1356.5260653680805,2.048931220817181,17.0,11.0,0.5015155221080981,1.0,0.0,0.0,13.665661255741263
3.0,1177.7483282289074,269.29744932661197,0.6859634852504871,1.0,2.0,0.3086314505174533,1.0,1.0,0.0,4.373410632643977
32.0,4745.3401754496135,1932.5194970600503,13.031863179347791,21.0,11.0,0.3896695580337194,0.0,1.0,0.0,2.4555199482689405
4.0,1873.190087546821,200.57952634089926,0.4283164376629464,2.0,2.0,0.4854620486329386,0.0,0.0,0.0,9.338889774638316
55.0,41036.13773524872,5275.592471155399,7.070782045463088,36.0,19.0,0.45958725050573745,0.0,0.0,0.0,7.778488948798856
36.0,8904.581151748573,472.9834043479901,1.9122070164057081,11.0,25.0,0.5858619507640572,1.0,0.0,0.0,18.82641350603745
23.0,22245.58138815743,3415.3604654274595,3.531186231286807,10.0,13.0,0.5447519926366178,0.0,1.0,0.0,6.513391957698737
30.0,9972.710432780028,611.5488395467813,1.8396668899659523,19.0,11.0,0.6521130088657994,0.0,0.0,0.0,16.30730006808745
37.0,19143.88032053055,1277.1868913276637,2.4684606353522125,24.0,13.0,0.6419082806789604,0.0,0.0,0.0,14.989098659343478
17.0,4354.949779318132,325.60174489419046,1.2710203202545096,10.0,7.0,0.3964879363065238,0.0,0.0,0.0,13.3750812076678
18.0,9149.797255305652,496.9477789096258,0.9776238501007586,10.0,8.0,0.3070554916135484,0.0,0.0,0.0,18.41198943555319
26.0,12304.51132685488,1502.7317511821707,3.1753415062866437,16.0,10.0,0.6417883078815049,1.0,0.0,0.0,8.188095657907775
16.0,3233.619512540521,413.2980884649928,2.045005415694225,9.0,7.0,0.43164834564201315,0.0,0.0,0.0,7.82394016035817
45.0,47932.44272055819,14699.140281785067,13.79986654418152,18.0,27.0,0.43884388369624,0.0,1.0,0.0,3.260901100451112
8.0,3207.4605295700885,577.7695127604438,1.4410640628220235,4.0,4.0,0.36335791927938965,0.0,1.0,0.0,5.551453406126629
49.0,19654.26693840092,1116.6219890523712,2.783847275253186,28.0,21.0,0.577202906458893,1.0,1.0,0.0,17.60154029841437
22.0,15263.757869156078,1604.3599453369914,2.312400334175721,12.0,10.0,0.4120435673443179,1.0,0.0,0.0,9.513923551581792
34.0,29336.933206769587,4276.521637600875,4.956269104668304,22.0,12.0,0.37069724042489743,0.0,0.0,0.0,6.859998777704673
11.0,7978.161109609466,1829.25119760253,2.5221053946117666,5.0,6.0,0.5013562964246312,1.0,1.0,0.0,4.361435498889314
24.0,6234.3354094723845,641.065602076189,2.4678772377969675,9.0,15.0,0.6001663623685769,1.0,0.0,0.0,9.72495699236012
45.0,24425.181085451968,1702.4028651879228,3.1364405719425994,17.0,28.0,0.4078394390099873,1.0,1.0,0.0,14.34747414076735
17.0,2103.333559891018,364.56043090664286,2.946526144780406,11.0,6.0,0.5888156003955403,1.0,0.0,0.0,5.769505907868654
9.0,6123.069146380242,403.7247563170948,0.5934152824326462,3.0,6.0,0.4847900438684285,0.0,1.0,0.0,15.166444590212452
32.0,5534.795913405043,438.7727250241519,2.536810285410309,21.0,11.0,0.4615090892956407,1.0,1.0,0.0,12.614266105762123
11.0,3732.9570880596784,236.8346108998508,0.6978865972586047,4.0,7.0,0.4438083472544676,1.0,1.0,0.0,15.7618731226671
20.0,9987.193983874757,1975.4531505311966,3.9559723256016603,9.0,11.0,0.3582323861277839,0.0,0.0,0.0,5.0556470960545
28.0,16492.036742389668,1304.8517883537925,2.215363126132122,17.0,11.0,0.433053506739691,1.0,0.0,0.0,12.639011487424256
34.0,15225.644560911831,4884.681617857211,10.907858405778983,16.0,18.0,0.6517006122509927,0.0,0.0,0.0,3.117018825802396
39.0,31348.85267851648,4289.809252016791,5.336800122937453,25.0,14.0,0.34086676978882346,0.0,0.0,0.0,7.307749794184502
41.0,26430.56457397669,1822.673879966897,2.827394355102839,14.0,27.0,0.6833200060407211,0.0,0.0,0.0,14.500983892113886
50.0,31447.247540642085,2485.597826682215,3.952011735637364,25.0,25.0,0.34299861099512713,0.0,0.0,0.0,12.651784292319721
5.0,1270.5990980153363,334.55998600522827,1.3165442448676683,3.0,2.0,0.4448126569197415,1.0,1.0,0.0,3.7978214704835627
23.0,19317.092328708855,1124.7911941675175,1.3392386921195636,15.0,8.0,0.5425224695202177,0.0,0.0,0.0,17.173936308245956
2.0,678.7739422885954,609.1198137796449,1.7947648718685327,1.0,1.0,0.6351365614432594,1.0,0.0,0.0,1.1143520977863783
2.0,1695.0169731948376,142.1451164834494,0.1677211718010451,1.0,1.0,0.3574331272296016,0.0,1.0,0.0,11.924552985907159
14.0,12662.146159391601,643.4926689846584,0.7114826548659965,8.0,6.0,0.3564408896233727,1.0,0.0,0.0,19.677218979620545
36.0,21691.12703301918,2036.052708786923,3.3791650108706643,25.0,11.0,0.5513512498646902,0.0,1.0,0.0,10.653519400262836
53.0,37439.33883540186,2336.541075798491,3.3076619638438336,34.0,19.0,0.4170986529619112,0.0,0.0,0.0,16.023402808190443
46.0,1840.0,154.31244042964445,3.8578110107411114,29.0,17.0,0.5578008388071962,1.0,0.0,0.0,11.923860415122588
39.0,17978.981159175055,1147.15921594442,2.4884173928287936,20.0,19.0,0.6282332811718123,0.0,1.0,0.0,15.672611882713703
47.0,33860.35701524367,2579.030495409474,3.5798332908798174,25.0,22.0,0.330748204395018,1.0,1.0,0.0,13.129103000337981
11.0,7533.922590290986,544.4339519150634,0.7949077521427508,7.0,4.0,0.637797649231113,0.0,0.0,0.0,13.838083690023698
50.0,12802.766619001224,2786.340246097421,10.881789573364848,32.0,18.0,0.31503414254177653,0.0,0.0,0.0,4.594832464173361
53.0,23386.546377400537,1574.9229592570014,3.569185269753329,33.0,20.0,0.6595304741155251,0.0,1.0,0.0,14.849327225779708
7.0,280.0,58.378306047097404,1.459457651177435,4.0,3.0,0.6902472566400126,0.0,0.0,0.0,4.796302238953398
29.0,16895.35847300197,861.4027526317606,1.478552814741343,19.0,10.0,0.566982080984313,0.0,1.0,0.0,19.613773489094633
50.0,6166.715987731763,1342.2377489277576,10.882921733367022,17.0,33.0,0.6937021219776696,1.0,0.0,0.0,4.594354459676033
29.0,21056.771488167913,4412.709893402971,6.077312800805833,12.0,17.0,0.6287967368514416,0.0,1.0,0.0,4.771845871773243
50.0,36827.24860717409,2143.54570428128,2.9102713145175185,35.0,15.0,0.31774620005352516,0.0,1.0,0.0,17.18052875365309
56.0,22687.091678647215,4632.31790310198,11.434246674194203,29.0,27.0,0.3015243776809867,0.0,1.0,0.0,4.897567946158241
29.0,17523.40039663371,2417.017167127491,3.9999940799253992,11.0,18.0,0.3083193957689062,1.0,0.0,0.0,7.250010730151095
5.0,2282.9012759394914,159.5645427040858,0.34947753629516803,3.0,2.0,0.48076278396775224,1.0,1.0,0.0,14.307071215521589
21.0,11516.015259062438,3579.6993855286664,6.52775160548217,12.0,9.0,0.5493530444470657,0.0,1.0,0.0,3.217034174885526
14.0,3787.67361491918,1175.025699563893,4.343130234109549,9.0,5.0,0.49258872908021156,0.0,0.0,0.0,3.2234815088086695
29.0,18110.457214791473,1856.9398898068011,2.9734896345087822,18.0,11.0,0.5708521303258248,0.0,0.0,0.0,9.752850544169048
35.0,6011.703388429087,1223.943214981422,7.12576947937941,11.0,24.0,0.4798410536451514,0.0,1.0,0.0,4.9117502469429
28.0,3752.3910909554625,789.7482586651703,5.893029459515692,13.0,15.0,0.31702552124415545,0.0,0.0,0.0,4.751376213602219
13.0,6182.986376665821,26387.330144225005,55.480518794205565,4.0,9.0,0.39046668194040823,1.0,1.0,0.0,0.23431648229932794
19.0,8697.275537477137,1168.9149077704565,2.5536023496021216,12.0,7.0,0.697049694641884,0.0,1.0,0.0,7.4404693443990615
41.0,22732.874190524355,3552.511961005152,6.407152442779239,15.0,26.0,0.43834553507946594,1.0,1.0,0.0,6.3990985646371445
3.0,1110.2955058582024,1653.3118532732185,4.467221143965521,2.0,1.0,0.42990629509789174,1.0,0.0,0.0,0.6715584259920746
14.0,12279.93666419965,986.8474383536485,1.1250761721946987,7.0,7.0,0.3611168196076697,0.0,1.0,0.0,12.443601905362588
53.0,28202.412887422084,2246.887164757547,4.222511747754051,29.0,24.0,0.6948574888475838,1.0,1.0,0.0,12.551770880966913
7.0,3826.0344899227157,2616.1466755004476,4.786424894165825,4.0,3.0,0.3921837286370395,1.0,1.0,0.0,1.4624694118844948
26.0,14025.616162516635,2200.103838209043,4.078444692241681,15.0,11.0,0.5587306269015413,0.0,1.0,0.0,6.374979180043589
14.0,9808.14763305462,561.6701090392867,0.8017193277198934,8.0,6.0,0.31681898326087815,0.0,1.0,0.0,17.462470363308185
8.0,4921.627863175143,421.94183349488384,0.6858573548836696,3.0,5.0,0.32658893202534206,1.0,0.0,0.0,11.66423301147934
26.0,15298.493078483052,1850.125282993362,3.1443134373465473,12.0,14.0,0.5867006789280074,1.0,0.0,0.0,8.268895744039158
32.0,20710.29827113978,2220.042766711715,3.4302436210574747,17.0,15.0,0.5540672651386898,1.0,1.0,0.0,9.328783472858714
12.0,1620.9248710867407,385.45855376547735,2.8536193920478152,5.0,7.0,0.5720649582482622,1.0,1.0,0.0,4.205185888994312
6.0,855.7828192970671,52.67316589337544,0.3692981305932788,4.0,2.0,0.3923881628585088,0.0,0.0,0.0,16.247035939123162
9.0,4363.094258457401,238.62394830172863,0.49222304344047346,4.0,5.0,0.6939555930088963,0.0,1.0,0.0,18.284393873746804
39.0,17958.14371508116,985.7499437967816,2.1407695816460803,25.0,14.0,0.5233500648632982,0.0,0.0,0.0,18.21774764288837
51.0,31414.06040929172,6953.873204115423,11.289452200358925,18.0,33.0,0.6878192689074754,1.0,1.0,0.0,4.517491114261378
12.0,6048.040565240413,967.7997861696905,1.920224791609783,7.0,5.0,0.3656682211901521,1.0,1.0,0.0,6.249268342140315
20.0,12327.459737816844,3787.9079013146975,6.14548006138615,7.0,13.0,0.4620398039365119,0.0,0.0,0.0,3.254424357450259
21.0,5268.4998678426,852.6925963281542,3.398793769017175,11.0,10.0,0.4342742075953847,1.0,1.0,0.0,6.178662615964647
22.0,10952.723890201743,1637.3088626586168,3.2887522172190984,9.0,13.0,0.6020299706823449,0.0,0.0,0.0,6.689467173845876
16.0,3708.6184385350907,292.46719741189577,1.2617839327894653,9.0,7.0,0.5990285744420365,1.0,1.0,0.0,12.680459454439477
5.0,2886.857934371401,753.0713756163634,1.3043097248572104,2.0,3.0,0.4946175173278813,0.0,0.0,0.0,3.833445311885086
32.0,3978.975728874748,216.34311185019928,1.7398898739108901,20.0,12.0,0.3064592016869345,1.0,0.0,0.0,18.391968641136483
22.0,12532.56443357987,5948.528401577205,10.442206423774737,12.0,10.0,0.37008228367197776,0.0,0.0,0.0,2.106834428201933
21.0,4330.202600232129,23129.407719962364,112.16970820099083,14.0,7.0,0.3201062668438655,1.0,0.0,0.0,0.18721632013494444
17.0,7196.005503045895,420.6676117479102,0.9937943205695826,10.0,7.0,0.6388058276996715,0.0,0.0,0.0,17.106155316179137
55.0,37344.20460594173,2650.36580680659,3.903420113309078,30.0,25.0,0.4159086269191068,1.0,0.0,0.0,14.090207664932692
37.0,20182.61191562829,2826.9222575652916,5.182486982714184,23.0,14.0,0.34716905476026927,0.0,0.0,0.0,7.139429413602169
26.0,4442.566836633635,372.37931568078267,2.1793396844056945,10.0,16.0,0.4416689461126364,1.0,1.0,0.0,11.930219132906855
13.0,4751.776003795538,1053.6778352814822,2.8826720467711393,7.0,6.0,0.33091572646654505,0.0,0.0,0.0,4.509704811742705
48.0,9586.766155422702,2811.884993593457,14.078832997938582,22.0,26.0,0.6915428539595987,0.0,1.0,0.0,3.4093734904752506
53.0,8535.55990418495,903.2887907952156,5.608806739048701,32.0,21.0,0.4260031605391196,0.0,1.0,0.0,9.44942524601752
3.0,1570.5979056803844,221.33263690795815,0.42276760227579063,1.0,2.0,0.6732266795559213,0.0,1.0,0.0,7.096097202933168
55.0,33663.28177916114,2731.557949681145,4.462894860282596,26.0,29.0,0.5730914763442102,0.0,0.0,0.0,12.323839508179079
42.0,24701.089734011795,5611.236251315659,9.540952447565614,24.0,18.0,0.5264427949695973,0.0,0.0,0.0,4.402076231992578
7.0,4343.677540831652,327.19730068884706,0.5272907768340942,3.0,4.0,0.49019879884898265,0.0,0.0,0.0,13.275407626184343
45.0,22392.802342027633,1458.9202370519738,2.9318086081670023,18.0,27.0,0.574952042721355,1.0,1.0,0.0,15.348887330041123
8.0,3562.5756500000516,1055.7684612135774,2.3707981301978798,4.0,4.0,0.5745101334184674,0.0,1.0,0.0,3.374391053418064
4.0,1141.5445383501485,1234.1385550896364,4.324451700757334,3.0,1.0,0.3042084243043058,1.0,0.0,0.0,0.9249727541874238
8.0,3295.872525199202,373.691515911265,0.9070533233409668,3.0,5.0,0.6631134982113356,0.0,0.0,0.0,8.819768137261708
28.0,6600.449042173446,426.06135786319504,1.8074100631555143,13.0,15.0,0.44718536817506094,0.0,1.0,0.0,15.49178051554912
37.0,12245.775099260798,939.5934064457424,2.8389347147646875,26.0,11.0,0.44130924861719817,1.0,1.0,0.0,13.033057719704146
25.0,12944.634352190209,921.1597373376665,1.7790377701588147,17.0,8.0,0.46263621755319767,1.0,0.0,0.0,14.052540322271096
9.0,4287.9490424263395,530.2506949480728,1.112946121167585,3.0,6.0,0.5741131221235736,1.0,1.0,0.0,8.0866448328677
13.0,14468.292898526419,3054.2100791332637,2.7442581724880837,7.0,6.0,0.4504070944198748,0.0,1.0,0.0,4.7371636277987434
51.0,11772.884905448924,1104.5030719532217,4.784694416195547,17.0,34.0,0.4495324247708811,0.0,0.0,0.0,10.65898792352796
57.0,27073.874582517685,6560.030895861267,13.811165443809191,38.0,19.0,0.3253859518513774,1.0,1.0,0.0,4.127095590296477
45.0,9686.410999166483,666.2701953506272,3.0952804700686554,21.0,24.0,0.4666566657707713,0.0,0.0,0.0,14.538262504852062
7.0,2957.0997736420686,743.0868309060438,1.759023440029493,3.0,4.0,0.3597913908175015,0.0,1.0,0.0,3.9794807963915666
49.0,21098.486815271193,3599.9930042251576,8.360772919475616,20.0,29.0,0.6422357016239121,1.0,0.0,0.0,5.860702170951111
42.0,28096.992220358363,2766.6587741971694,4.135662194905183,22.0,20.0,0.4338044332789146,1.0,0.0,0.0,10.155568327543957
32.0,13122.134149005304,1344.4998048343052,3.2787344852711406,11.0,21.0,0.684346959224668,1.0,0.0,0.0,9.759863186162725
10.0,4617.360799887682,383.5990591576596,0.8307755789129381,6.0,4.0,0.5738112010267928,1.0,0.0,0.0,12.036945059320237
59.0,24422.248042827807,2782.5217049815033,6.722099468730967,29.0,30.0,0.6024606139309294,1.0,1.0,0.0,8.777019779973344
27.0,5934.320582091072,322.63152745733737,1.4679104576245532,14.0,13.0,0.6791004725610983,1.0,1.0,0.0,18.393492504776322
4.0,1478.318102565514,87.96012341518137,0.23800053117805417,3.0,1.0,0.395573906326666,1.0,0.0,0.0,16.806685179233906
14.0,5930.57719776531,337.1885114289993,0.7959830894343244,5.0,9.0,0.5269163878769069,1.0,1.0,0.0,17.588313352170935
25.0,12869.129417031923,1020.6421443627045,1.982733468768901,9.0,16.0,0.31629032179782485,1.0,0.0,0.0,12.608855599498579
5.0,3058.9472872248252,240.51338077246965,0.3931309666187008,2.0,3.0,0.34030347518227766,1.0,0.0,0.0,12.718407921423088
20.0,9061.613961155883,742.5413822705291,1.6388722482629616,12.0,8.0,0.4466347679875151,0.0,0.0,0.0,12.203513740133175
29.0,13037.377668908188,1494.0945435375652,3.323424607535968,9.0,20.0,0.5730007402499762,0.0,0.0,0.0,8.725938880708052
57.0,8882.729993247598,1371.635237956284,8.801709454519148,35.0,22.0,0.6326774409622138,0.0,0.0,0.0,6.476014721291889
7.0,4255.628324158892,358.8081055579671,0.5901964522247579,4.0,3.0,0.4025616809893891,1.0,0.0,0.0,11.860457604604964
35.0,12628.714789949714,22577.072695217088,62.57149341605683,18.0,17.0,0.5996308854550428,1.0,0.0,0.0,0.5593601509120837
55.0,35718.35562052753,179709.74622956914,276.7214747407323,29.0,26.0,0.38971646297921997,1.0,1.0,0.0,0.19875580690487055
48.0,36637.82349940028,2150.074908797394,2.81685934820785,15.0,33.0,0.30242224244653243,1.0,1.0,0.0,17.040254434620135
55.0,25432.934706376942,26054.071767750564,56.34324012427018,22.0,33.0,0.3217652099822937,1.0,0.0,0.0,0.9761596933135627
11.0,3248.7151823150375,308.82311585183254,1.0456608485910464,7.0,4.0,0.5342234491222885,1.0,0.0,0.0,10.51966324915169
48.0,23839.69331437154,1935.1961971859573,3.8964183070647316,22.0,26.0,0.4988590184377254,0.0,1.0,0.0,12.31900587084542
58.0,33044.943177016205,8253.980481509332,14.487265581395027,30.0,28.0,0.4081700911717729,1.0,1.0,0.0,4.003516030967591
20.0,8737.919995013117,487.61176228154324,1.11608200248991,14.0,6.0,0.3026191434411306,1.0,0.0,0.0,17.91983022338971
30.0,11615.769543724056,3023.0422025993566,7.807598604345654,10.0,20.0,0.5272041397013605,0.0,1.0,0.0,3.8424106463800807
32.0,19606.60614846345,1107.9636167162262,1.8083107023444647,15.0,17.0,0.6270426547318606,1.0,0.0,0.0,17.69607399796516
30.0,17985.46964816517,1177.7026536941949,1.9644235208742646,13.0,17.0,0.3274179511693514,0.0,1.0,0.0,15.271655873194051
18.0,7753.357294822232,1597.7007642465514,3.70918205660962,6.0,12.0,0.5945897829575231,0.0,0.0,0.0,4.852821922807669
58.0,9812.832482975999,3209.5916218792286,18.970701312995256,39.0,19.0,0.5538170407856271,1.0,0.0,0.0,3.057346117208066
57.0,33702.71131332576,5300.132996182107,8.963895455583994,39.0,18.0,0.4917419088804539,0.0,0.0,0.0,6.35884256821539
24.0,8316.829471481393,1041.0202786833129,3.0040878887888605,10.0,14.0,0.3193365419904209,1.0,0.0,0.0,7.98911379709198
48.0,26057.674323554966,5260.558752248346,9.690305319368651,33.0,15.0,0.6694285665569182,1.0,0.0,0.0,4.953404296153522
25.0,13255.786158395185,663.5229520553271,1.2513836299990084,8.0,17.0,0.49097639557069706,1.0,1.0,0.0,19.977886397650742
48.0,5866.104700390414,1266.5493910110852,10.36366956840814,33.0,15.0,0.4598427843524816,1.0,0.0,0.0,4.631564107979641
35.0,18067.57179088101,1087.0219993679536,2.1057489306382986,22.0,13.0,0.6445901608350939,1.0,1.0,0.0,16.621164798307998
29.0,17484.28864717184,5422.495278000716,8.993923987148143,11.0,18.0,0.6382312915934951,0.0,1.0,0.0,3.2243990544549317
9.0,5646.874347558876,288.0194242017224,0.4590459532601588,5.0,4.0,0.5909043812000094,1.0,1.0,0.0,19.605880274255153
39.0,20415.452858551238,4487.708675164618,8.572949105956804,24.0,15.0,0.6317439931600033,1.0,0.0,0.0,4.5491929927475425
20.0,2091.2558242016394,247.11488280972932,2.363315668508115,9.0,11.0,0.3497313923931762,0.0,0.0,0.0,8.462686667932665
14.0,10575.826974122585,944.8309947328784,1.2507422784644902,6.0,8.0,0.6043662220321366,0.0,1.0,0.0,11.193353132019734
13.0,7568.658935610709,3089.6268449043714,5.306772220211815,7.0,6.0,0.43121363319365114,0.0,0.0,0.0,2.4497000173640613
58.0,15041.495779302464,920.2190356717792,3.548364128945579,21.0,37.0,0.646997917387311,0.0,1.0,0.0,16.34556034620807
7.0,2397.1317437784173,433.479563087468,1.2658281921666303,2.0,5.0,0.44809258639474364,0.0,0.0,0.0,5.529976376982555
48.0,26219.752409227396,2381.8957426762254,4.360491047513585,19.0,29.0,0.32172158084803015,1.0,1.0,0.0,11.007934536953194
52.0,33069.75561030186,3002.1944270035206,4.720751856888551,31.0,21.0,0.4657520947081462,0.0,1.0,0.0,11.015194523330276
3.0,1207.2222861913788,99.99620505184312,0.24849492805666504,1.0,2.0,0.6027108140305445,1.0,1.0,0.0,12.07268101389941
36.0,23943.78293312934,20695.689086321665,31.11642004057402,18.0,18.0,0.5003728243917589,1.0,1.0,0.0,1.156945431160078
35.0,4950.632196298756,1450.1209637240574,10.252071193712883,13.0,22.0,0.6054535647235872,1.0,1.0,0.0,3.413944298539779
22.0,6413.180351187336,1963.7483384468526,6.736511540304999,8.0,14.0,0.3141094963464428,0.0,1.0,0.0,3.2657852463211157
40.0,3485.087921263339,573.589911551044,6.583362308324417,22.0,18.0,0.3708656814404116,0.0,1.0,0.0,6.075922625346244
25.0,8012.974285651535,2724.540057109593,8.500401848250972,9.0,16.0,0.5254431724171176,1.0,1.0,0.0,2.94103742932388
27.0,21643.616796538114,1173.5836191214855,1.4640232274556066,15.0,12.0,0.4541255015390526,1.0,1.0,0.0,18.44233034944708
27.0,24612.132066761173,2393.375075345508,2.6255802162544026,12.0,15.0,0.5720702974680798,0.0,1.0,0.0,10.28344128770045
48.0,26252.068495012252,2101.7924019949987,3.8429747093996696,27.0,21.0,0.6850216932481688,0.0,0.0,0.0,12.490324196668555
38.0,14147.938024758985,1969.9466017025657,5.29108699329157,17.0,21.0,0.5639447842802056,1.0,1.0,0.0,7.18188909919251
23.0,10480.45645608566,1884.5977670116647,4.135864580220533,15.0,8.0,0.4669451579530399,1.0,0.0,0.0,5.561110513626535
55.0,32706.738799163246,3242.019438255976,5.451814385989487,18.0,37.0,0.5169456073773362,0.0,1.0,0.0,10.08838454613265
48.0,8995.383824264809,1519.0431762584508,8.105721099273369,32.0,16.0,0.6651305926784682,0.0,1.0,0.0,5.92174334795493
56.0,21588.009229010506,3126.0981518198464,8.109200558736996,23.0,33.0,0.5691956986648852,1.0,1.0,0.0,6.905736218308797
44.0,34627.05905516219,3812.5534581706925,4.844545183357176,14.0,30.0,0.6212717991018111,0.0,0.0,0.0,9.0823799417036
24.0,6980.591667223859,688.4628850224187,2.3670069856856695,13.0,11.0,0.42060736364061335,0.0,1.0,0.0,10.139387059327893
46.0,16108.970926793805,818.2515426876356,2.3365596185306856,18.0,28.0,0.597728462735309,0.0,0.0,0.0,19.687064535047682
21.0,10555.413355122051,2342.8954816671835,4.661191699436005,10.0,11.0,0.3557725477359447,0.0,1.0,0.0,4.505285633830713
17.0,9462.683682316012,967.0478584670228,1.7373309883180739,11.0,6.0,0.5999102465620869,1.0,0.0,0.0,9.785124489408812
28.0,10499.977341282955,3462.186292781243,9.23251670427223,17.0,11.0,0.6526234371209697,0.0,1.0,0.0,3.0327592028123114
58.0,29892.786845722687,4250.672152546665,8.247440632420775,31.0,27.0,0.6600929868213686,1.0,1.0,0.0,7.032484692524053
34.0,21133.98882942819,1471.6904907783478,2.3676305069674664,23.0,11.0,0.34663602442105906,1.0,1.0,0.0,14.360348838192765
24.0,21414.968754065507,6065.670258533783,6.797865916903289,12.0,12.0,0.6319528210294937,0.0,0.0,0.0,3.530519768023462
28.0,13293.031475165228,1141.23272137766,2.4038547007335134,9.0,19.0,0.34397460910721467,1.0,1.0,0.0,11.64795858562336
18.0,8851.329664773973,1058.368219771172,2.1522899583887063,11.0,7.0,0.4913587813131051,0.0,1.0,0.0,8.363185420181743
40.0,32219.61876783608,29860.299449225196,37.07095315359085,16.0,24.0,0.573008611874466,1.0,1.0,0.0,1.0790119108692362
22.0,8583.670223488381,459.8842065467606,1.178686072578057,8.0,14.0,0.4936996446046996,0.0,0.0,0.0,18.66485106749497
34.0,7994.39937721717,963.02022390587,4.095703262725564,11.0,23.0,0.4359638408840589,1.0,1.0,0.0,8.301382648843083
23.0,12651.145288031228,806.3532190070061,1.4659640384263812,10.0,13.0,0.5735284629983421,1.0,1.0,0.0,15.689334388235766
20.0,14304.70010035166,1712.0194700142335,2.3936460855577755,9.0,11.0,0.5643515100427576,0.0,1.0,0.0,8.355454100199417
58.0,33188.14676831635,1770.0025478413263,3.09327750330438,24.0,34.0,0.5331570620662268,0.0,1.0,0.0,18.750338415496753
22.0,10573.131106792118,1808.9550801806333,3.7639760031357756,12.0,10.0,0.5113714659106927,0.0,0.0,0.0,5.844883171856504
6.0,1261.9279522381933,152.51725034679467,0.7251630336404808,4.0,2.0,0.5822959596489352,1.0,0.0,0.0,8.274001461269552
23.0,11231.501471765483,739.4330690945661,1.5142196821972809,16.0,7.0,0.4612148226804606,0.0,1.0,0.0,15.189341593172763
32.0,23892.191528424555,3459.5464567670306,4.633542573306371,11.0,21.0,0.3275072990969353,1.0,1.0,0.0,6.906162939853095
7.0,1772.23608584509,242.14436291558718,0.956424797997974,3.0,4.0,0.5149818040764894,0.0,1.0,0.0,7.318923573136828
19.0,8569.960739547569,430.722236868467,0.9549311542042039,10.0,9.0,0.5893822208975346,0.0,1.0,0.0,19.896722309613757
11.0,4647.533589251607,417.39903039644315,0.9879195590924663,4.0,7.0,0.4196639630464267,0.0,1.0,0.0,11.134509787522521
31.0,11174.231662045979,809.5427287549364,2.245865787501316,14.0,17.0,0.3563004552543729,0.0,0.0,0.0,13.803140050719454
43.0,23632.13783886345,1833.7864974207807,3.336677363967418,24.0,19.0,0.6647364776648476,1.0,0.0,0.0,12.887071571364515
58.0,34142.34079856968,2060.8536276233463,3.500917265964421,36.0,22.0,0.6454998658984783,1.0,0.0,0.0,16.567086735773618
24.0,14077.569143008495,816.4028196209948,1.3918360103125405,9.0,15.0,0.5473736877165276,1.0,1.0,0.0,17.243410733862774
52.0,15841.178458402703,1403.4938264205991,4.6070864718501525,29.0,23.0,0.6146428614816304,1.0,0.0,0.0,11.286959842782677
14.0,2391.245655865688,403.49085442117223,2.362313528114444,8.0,6.0,0.6875221259097686,0.0,1.0,0.0,5.926393695579667
47.0,25966.45130338885,51432.47092700966,93.09420472307555,30.0,17.0,0.5277035922907363,1.0,1.0,0.0,0.5048649391206407
34.0,13559.750517917966,1101.7608325402603,2.7625779882062775,14.0,20.0,0.39767267384013594,1.0,0.0,0.0,12.307344858733186
45.0,39044.811417181074,2363.7587735424904,2.7242837383152514,27.0,18.0,0.5555247962130485,0.0,1.0,0.0,16.51810322364911
45.0,39460.58726413452,4365.94515392341,4.9788293978361935,27.0,18.0,0.6658374704401815,1.0,1.0,0.0,9.038269119957608
32.0,28740.414684134656,8615.522753712083,9.592649624188525,13.0,19.0,0.576059280559392,1.0,1.0,0.0,3.3358875027927426
16.0,4991.645116688918,861.0385966561928,2.7599352967699464,9.0,7.0,0.31049615645976125,0.0,1.0,0.0,5.797237355066036
32.0,19643.9621551494,1921.3053437742924,3.1298050014141747,18.0,14.0,0.6668530415450062,1.0,0.0,0.0,10.224279143761699
49.0,33035.33466906454,1973.2259238938002,2.9268076512431507,20.0,29.0,0.6014701021015871,1.0,1.0,0.0,16.741790318604448
58.0,37796.90910911506,10872.192734925344,16.683564701156957,28.0,30.0,0.4607324053589592,0.0,1.0,0.0,3.476475264064991
55.0,23601.622613867556,1924.7163542012681,4.485259391397529,26.0,29.0,0.6949967557396263,1.0,0.0,0.0,12.262390020404808
12.0,9069.995767116783,601.4704173471705,0.7957715960941874,7.0,5.0,0.5886717331342188,0.0,0.0,0.0,15.079703848313383
36.0,18003.419901838963,961.5080949125248,1.9226508966396552,11.0,25.0,0.6301764327342767,1.0,0.0,0.0,18.72414803067972
8.0,4204.969799896703,1768.102541633805,3.3638339883958057,4.0,4.0,0.6772666236999347,0.0,1.0,0.0,2.378238648993245
40.0,7697.332385782852,415.3644844643238,2.15848537465531,15.0,25.0,0.3158313858884264,1.0,1.0,0.0,18.53151310158292
59.0,37108.226640961264,3079.70558189727,4.896559220951013,33.0,26.0,0.6097679376146714,1.0,0.0,0.0,12.049277326730866
5.0,2239.588286427589,145.94243159463727,0.3258242429626047,3.0,2.0,0.45453857414312077,0.0,1.0,0.0,15.345696669274107
40.0,23718.2308968042,21124.078772797846,35.62504954894273,20.0,20.0,0.6476300051595099,0.0,1.0,0.0,1.1228054558926814
56.0,30633.273437811724,3018.7537228551987,5.51851596346953,29.0,27.0,0.6515583423732931,0.0,0.0,0.0,10.147655705029873
51.0,27345.553081970465,2192.6501549336463,4.08933611861538,22.0,29.0,0.631447388201077,1.0,1.0,0.0,12.471461997911835
24.0,11780.574852159916,1908.9183541064215,3.8889477868012796,10.0,14.0,0.6116802342611174,1.0,1.0,0.0,6.171335105463161
8.0,5258.559575456727,607.1243021026683,0.9236359020235112,5.0,3.0,0.6177131338499731,1.0,1.0,0.0,8.66142165161999
55.0,25312.182094264273,2278.6836009307367,4.951275934428019,19.0,36.0,0.418621000288643,0.0,0.0,0.0,11.108247798827982
55.0,11492.828386017183,1037.8835395104459,4.966888285091389,33.0,22.0,0.4626112824505563,1.0,0.0,0.0,11.073331398470948
35.0,21482.689244617537,24270.456170087262,39.54188213032439,20.0,15.0,0.34602195628122434,0.0,0.0,0.0,0.8851374318664196
58.0,19615.535911024992,2224.573542790987,6.577707897817774,38.0,20.0,0.6322366087446456,1.0,1.0,0.0,8.817661243248903
2.0,470.2952629271441,108.97381506950111,0.46342722821081367,1.0,1.0,0.5584025903298635,0.0,1.0,0.0,4.3156721881050055
37.0,10935.399327344772,596.3223627635509,2.017660879294907,19.0,18.0,0.5450866860466473,1.0,1.0,0.0,18.33806680780273
4.0,2226.6659034855365,113.99641791465902,0.2047840544667495,1.0,3.0,0.3984312156426191,0.0,0.0,0.0,19.532770802960513
56.0,26918.989405337677,4465.691400368111,9.29004854732871,37.0,19.0,0.546014433620636,1.0,1.0,0.0,6.027955582223778
41.0,3011.999156682651,849.659454250879,11.56575278150266,23.0,18.0,0.4818206900724616,0.0,0.0,0.0,3.5449486751586217
54.0,22856.51581503117,5160.523696465653,12.19207169912941,30.0,24.0,0.6981075226662466,1.0,1.0,0.0,4.429107811419444
34.0,24950.7723298284,2604.150108657997,3.5486317827733886,20.0,14.0,0.645227309094975,1.0,1.0,0.0,9.581157494291427
6.0,2458.4451948799456,140.51159457716247,0.34292794861515913,2.0,4.0,0.5103931527626229,0.0,0.0,0.0,17.49638670230791
3.0,1400.7140679434447,139.71203268584017,0.2992303052063325,2.0,1.0,0.6233822269194701,1.0,1.0,0.0,10.025722488005911
21.0,14880.564036774042,12882.806255967515,18.180690644974234,13.0,8.0,0.3658020003433353,0.0,1.0,0.0,1.155071631220188
45.0,29659.403323840823,35070.09575913099,53.20923998131623,15.0,30.0,0.3405601996506406,0.0,0.0,0.0,0.8457177741272229
10.0,7043.502175303422,1535.7200340602471,2.1803358554284693,7.0,3.0,0.5522603198701456,1.0,0.0,0.0,4.586449365175828
51.0,2040.0,120.9728566805749,3.024321417014373,33.0,18.0,0.590714331175557,0.0,0.0,0.0,16.863286988308104
15.0,12700.569115326332,1020.2459124323993,1.2049608602199062,10.0,5.0,0.3212225757277872,0.0,1.0,0.0,12.448537122826123
30.0,18818.402612567574,1668.14886037547,2.659336546335909,19.0,11.0,0.38038534047912814,1.0,1.0,0.0,11.281009183036515
13.0,12899.83867646279,2011.3748462695714,2.026992248299521,5.0,8.0,0.5149071907689895,0.0,0.0,0.0,6.41344337202371
29.0,9962.509021509153,535.8481758746261,1.559807581284395,15.0,14.0,0.3251266398355299,1.0,1.0,0.0,18.592036830671436
28.0,4124.676608366101,619.5993538873594,4.206095060557583,10.0,18.0,0.46962113451347987,0.0,0.0,0.0,6.657005986994542
2.0,1002.8873826900706,60.027468538369476,0.11970929054338336,1.0,1.0,0.4928319117833204,1.0,0.0,0.0,16.707141032426286
34.0,15127.468157651307,844.0124922858502,1.8969747243000854,12.0,22.0,0.668723892855337,1.0,1.0,0.0,17.923275183618887
47.0,29644.441445979322,3058.482222856858,4.84909337004118,30.0,17.0,0.42627059855835225,1.0,0.0,0.0,9.692533513661928
56.0,40039.197459367184,2237.9430289366037,3.1300529873914846,22.0,34.0,0.36746738937401374,0.0,1.0,0.0,17.891070926140817
21.0,10133.364591506113,1818.548879571669,3.76869164492669,8.0,13.0,0.30300330348758975,0.0,1.0,0.0,5.572225583451389
53.0,23948.49471438511,1816.2410504722684,4.019491697622623,17.0,36.0,0.34864324241745936,0.0,1.0,0.0,13.185746852356353
52.0,31436.286122967722,17417.413985260646,28.810831015176266,30.0,22.0,0.600346399528463,1.0,1.0,0.0,1.804876783061506
59.0,26475.321744828525,2785.4136101352183,6.207267453891419,22.0,37.0,0.4779687529864586,0.0,0.0,0.0,9.504987571143259
23.0,9936.082335874777,2265.527735149059,5.244233707715228,9.0,14.0,0.37949001709462604,1.0,1.0,0.0,4.385769453059041
51.0,36078.77637448792,27707.56265547271,39.16667463335401,19.0,32.0,0.6732110777288268,0.0,0.0,0.0,1.3021273947155274
34.0,25566.489426944292,205644.22669670425,273.4792247354555,14.0,20.0,0.6150153273754897,1.0,0.0,0.0,0.1243238861485336
5.0,3583.966243863094,548.9467668163734,0.765836965898252,3.0,2.0,0.3457458765399392,1.0,1.0,0.0,6.528804722994127
17.0,7928.018976733213,671.2325897902782,1.439319716555053,8.0,9.0,0.4075829419573398,1.0,1.0,0.0,11.811135361008418
40.0,2881.688097974536,315.5647035732366,4.380275627956251,16.0,24.0,0.6397765930105183,0.0,0.0,0.0,9.131845435640589
11.0,5173.946609935734,852.3382264672537,1.8121022882484377,4.0,7.0,0.5769726671189681,0.0,1.0,0.0,6.070297505463946
27.0,9406.907931543938,474.51063637615744,1.3619552009427902,8.0,19.0,0.6782180857049485,0.0,0.0,0.0,19.82444061398621
46.0,21806.529825102592,1160.3214591216026,2.447651577196447,21.0,25.0,0.33049977522785606,0.0,0.0,0.0,18.793524547594572
10.0,3657.8182145647825,1430.632767877822,3.9111642076177993,3.0,7.0,0.610164489167492,0.0,0.0,0.0,2.556783471408062
30.0,14875.560867206388,1785.4830012091643,3.6008383491851674,9.0,21.0,0.33056456633742576,1.0,0.0,0.0,8.331393162036472
14.0,4090.0282381516204,314.7508093646183,1.077379195087431,5.0,9.0,0.43466477427687306,1.0,1.0,0.0,12.994496333172536
33.0,8047.2649176587,548.0615280175845,2.247475460251444,14.0,19.0,0.6002675072701305,0.0,1.0,0.0,14.683141410722238
15.0,11168.074447712677,1517.5819436420984,2.0382859427744675,9.0,6.0,0.5844039897010516,1.0,0.0,0.0,7.359124490444333
57.0,17445.90320760875,1167.8622951090065,3.8156895649965974,19.0,38.0,0.3008471292560973,1.0,1.0,0.0,14.938322164070186
6.0,3000.3979503076243,1187.4333347367296,2.374551684948961,3.0,3.0,0.38077717314024184,1.0,1.0,0.0,2.5267927575680313
57.0,39381.46925127233,5904.567577171108,8.54616037180684,31.0,26.0,0.6114294706214245,0.0,0.0,0.0,6.669661873891209
47.0,32094.45878655798,2237.663854070376,3.2768959227739267,31.0,16.0,0.3504590050458886,0.0,1.0,0.0,14.342841856330306
51.0,33607.45169013658,2681.6513734692385,4.069461181047236,19.0,32.0,0.4305515623838401,1.0,0.0,0.0,12.532371665694484
51.0,28589.238447915657,1706.5814080875982,3.044350130942819,32.0,19.0,0.3735558027585292,1.0,1.0,0.0,16.752343786490016
12.0,7737.607940488439,7857.054000869176,12.185244940761157,8.0,4.0,0.34458181416425837,1.0,1.0,0.0,0.9847976022097439
56.0,43378.587085188934,12291.633994715605,15.868001932665436,39.0,17.0,0.6346502981292046,1.0,1.0,0.0,3.5291147705698176
36.0,21060.16267676669,20698.621585475226,35.381985814342684,22.0,14.0,0.32453669794073403,0.0,1.0,0.0,1.0174669163257308
57.0,7555.893246318306,1946.0516016312768,14.680586090470799,20.0,37.0,0.5144199793291696,1.0,1.0,0.0,3.8826787737717656
52.0,20503.254656038996,151380.24938665752,383.9279714446531,35.0,17.0,0.5770682046836965,0.0,0.0,0.0,0.1354420721270534
35.0,22374.590502054612,2213.334693948827,3.4622628861563003,22.0,13.0,0.32303608746175533,0.0,0.0,0.0,10.108995518493382
23.0,8615.358704936742,813.5469955701033,2.171886457541267,9.0,14.0,0.5533707082592458,1.0,0.0,0.0,10.589872191586696
8.0,6592.1698231338305,500.3566849821266,0.607213343595889,3.0,5.0,0.4336262060964532,0.0,0.0,0.0,13.174941039049596
7.0,3411.548240566996,441.3956235477356,0.9056795176141589,5.0,2.0,0.633418089509638,0.0,0.0,0.0,7.729003321660817
24.0,12409.194102525293,108858.85434749337,210.53845098677033,9.0,15.0,0.6190638488871623,0.0,0.0,0.0,0.11399342916942092
49.0,35522.49314923701,2632.440699606916,3.6312089283493734,30.0,19.0,0.6175620148866585,0.0,1.0,0.0,13.494128530432361
31.0,14366.330636682385,12678.703859127072,27.358399968142727,14.0,17.0,0.45946539366482336,0.0,1.0,0.0,1.133107200570856
29.0,15522.40680722348,895.6905454844164,1.673389065345226,17.0,12.0,0.6290192759001649,1.0,1.0,0.0,17.330100094813993
16.0,10877.19514879716,21670.004924540615,31.875871863068618,5.0,11.0,0.5519928016044102,1.0,1.0,0.0,0.5019470547733503
34.0,6988.559812330934,657.2532498758313,3.197598803740491,20.0,14.0,0.4514734261206097,0.0,0.0,0.0,10.632978708969818
39.0,17274.674333377112,964.8709194060872,2.1783314191996657,20.0,19.0,0.33226798218216735,0.0,1.0,0.0,17.90361175359114
58.0,38618.178226397795,3366.5430990484474,5.056155124669724,38.0,20.0,0.32672756507149503,1.0,1.0,0.0,11.471167036986163
44.0,22577.28130541483,1852.4319364345058,3.6101337490785483,17.0,27.0,0.4005606537753528,1.0,0.0,0.0,12.187914093551402
37.0,29358.270209373353,2151.0827043782206,2.71099283078957,13.0,24.0,0.41983385780186694,0.0,1.0,0.0,13.648136424331245
54.0,9980.027731581284,4004.7357203306324,21.66885049963579,20.0,34.0,0.6710113165788576,0.0,1.0,0.0,2.4920565122228164
26.0,4211.990806680108,311.65774994153793,1.9238174702633912,9.0,17.0,0.6999752215476039,0.0,1.0,0.0,13.514795661170663
56.0,36620.48898617444,2079.1644165633656,3.17945528721657,39.0,17.0,0.3574695389800721,0.0,0.0,0.0,17.613079896155664
23.0,15482.713188690763,794.5677459440292,1.180352431385318,8.0,15.0,0.6771072959850881,0.0,0.0,0.0,19.485705615064564
9.0,4152.1499877027,467.11695253134303,1.0125001710518902,3.0,6.0,0.5826160046741,0.0,0.0,0.0,8.888887387199023
26.0,15082.050880237766,2178.583012315319,3.7556668366912,16.0,10.0,0.4994432673466098,1.0,0.0,0.0,6.92287179096706
9.0,5841.372559736532,387.39676794356785,0.596875285018521,4.0,5.0,0.6818746557395616,1.0,1.0,0.0,15.078526831146526
8.0,2697.8188706372057,247.9534980480426,0.735271002057978,3.0,5.0,0.5854772729285201,1.0,0.0,0.0,10.880342047501527
53.0,19007.40722447743,3667.0985245399147,10.225288462822363,30.0,23.0,0.5374618088476304,1.0,0.0,0.0,5.183227856377858
48.0,25821.37132030691,7410.246018632576,13.775093680428741,22.0,26.0,0.3838107056079005,0.0,0.0,0.0,3.484549805145574
14.0,9531.449087702416,2765.8699134580897,4.0625699651874605,9.0,5.0,0.39777758074831593,1.0,1.0,0.0,3.4460944968252365
50.0,13340.430736420154,1448.3808851386232,5.428538679731153,28.0,22.0,0.6646006944264982,0.0,1.0,0.0,9.210581880292734
5.0,2302.052368064981,668.4275470178471,1.4518078656475186,2.0,3.0,0.3860155124778343,0.0,1.0,0.0,3.4439818920322196
18.0,8120.748125864021,18315.01478921925,40.596046213521824,10.0,8.0,0.3129224057178632,1.0,1.0,0.0,0.4433929330291411
42.0,24510.85648235922,22504.13857657671,38.56143586400074,27.0,15.0,0.4064908391538183,1.0,0.0,0.0,1.0891710606453155
19.0,9466.94619396643,508.9428584165282,1.0214396608778618,8.0,11.0,0.4922222878448925,1.0,0.0,0.0,18.601196651861667
44.0,17196.224462534836,11421.670498704902,29.224641899617076,26.0,18.0,0.45278590429286325,1.0,1.0,0.0,1.5055787561447083
52.0,38985.08411987702,25818.709746397682,34.43811747806778,24.0,28.0,0.6743211994440224,0.0,1.0,0.0,1.5099547770901431
5.0,1960.7425183791797,216.62768063134178,0.5524123606255399,3.0,2.0,0.46742961777620057,1.0,1.0,0.0,9.051209488393972
3.0,1324.7421821871278,268.179971160645,0.6073181063455325,2.0,1.0,0.6556210750659262,0.0,1.0,0.0,4.939750632583899
56.0,10175.226477700215,528.4255622196583,2.90822337460042,18.0,38.0,0.5378651735957082,0.0,0.0,0.0,19.25574235084133
32.0,11432.79438818627,627.342477479575,1.7559101124122591,15.0,17.0,0.509649868964741,0.0,1.0,0.0,18.224167497981195
31.0,18699.67167330211,2301.6034836701556,3.815559398063775,10.0,21.0,0.36407825306175723,1.0,1.0,0.0,8.124627810991779
28.0,15795.370955587214,1754.6135180860097,3.1103529410323896,17.0,11.0,0.40841276551208905,1.0,0.0,0.0,9.002193812354372
27.0,16737.391746355115,2221.7233869171955,3.5839832368043534,15.0,12.0,0.646866710727611,0.0,1.0,0.0,7.533517378857625
42.0,25628.251201943633,31819.378668824742,52.146121620240955,18.0,24.0,0.6119828845931096,1.0,1.0,0.0,0.8054290270304081
35.0,32113.99825406608,5450.168616658473,5.939961137006484,12.0,23.0,0.47896934577963246,1.0,1.0,0.0,5.892294443131438
11.0,3854.710579616798,1543.5291901932153,4.404694137585099,7.0,4.0,0.6636088617073159,1.0,1.0,0.0,2.4973357187590826
38.0,6692.379549895609,3198.593731765427,18.161934914313424,16.0,22.0,0.6276714812347415,1.0,0.0,0.0,2.0922880838016984
40.0,11595.576031427809,1031.7093760950295,3.5589758483709963,16.0,24.0,0.3448337332516018,1.0,1.0,0.0,11.239188380080938
8.0,2874.157062669454,1422.5972655018757,3.9596924857839153,3.0,5.0,0.5423721975209211,0.0,0.0,0.0,2.020358911385567
23.0,7018.096091562211,3336.4217357851517,10.934261788652265,12.0,11.0,0.6195372826963236,0.0,1.0,0.0,2.1034799097155084
47.0,24380.41196786163,2530.0729519292872,4.87741671048991,19.0,28.0,0.6233376511736697,0.0,0.0,0.0,9.636248610646005
37.0,27769.646301121957,3129.4914578759253,4.169703232292556,24.0,13.0,0.3365364711640505,1.0,1.0,0.0,8.873533184196644
9.0,7271.386331345847,2600.811937618015,3.2190983083455174,5.0,4.0,0.38984446781214455,0.0,0.0,0.0,2.795813963390769
4.0,2403.4468014772833,17321.134803907673,28.827157386235804,1.0,3.0,0.46521572672356704,1.0,0.0,0.0,0.13875804493681687
35.0,32488.905508178108,8330.830127532823,8.974726907628591,18.0,17.0,0.40065243777647724,0.0,1.0,0.0,3.899840113268484
28.0,12004.310883228054,2524.0083040742848,5.887237776624096,11.0,17.0,0.3435752586791981,0.0,1.0,0.0,4.756050470931712
57.0,9889.282921172338,617.5029543195697,3.55917296297181,17.0,40.0,0.5515201718643846,0.0,1.0,0.0,16.01495644999691
32.0,22740.339634484284,1241.7597186576174,1.747393030875676,18.0,14.0,0.5029893806150918,1.0,0.0,0.0,18.31299509301794
56.0,7407.742812410497,909.082693924308,6.872353988109836,21.0,35.0,0.36199590171942153,1.0,1.0,0.0,8.148590729884997
14.0,4885.991536440549,600.9620353974767,1.721957238938219,9.0,5.0,0.5345527985108307,0.0,1.0,0.0,8.130283193694508
27.0,16308.6060550831,1143.3401719820108,1.8928769595174941,14.0,13.0,0.3248059813625857,0.0,1.0,0.0,14.264001611009341
10.0,4795.2370399024385,381.8747361806238,0.796362584378922,4.0,6.0,0.45321642370932436,1.0,0.0,0.0,12.557094213308545
35.0,16163.330659899459,4340.784423137117,9.399514122836372,24.0,11.0,0.6170071854161547,0.0,0.0,0.0,3.723596724533512
12.0,3166.1039212319856,1440.1868705841193,5.458520275065581,6.0,6.0,0.6560198546260809,1.0,0.0,0.0,2.1983979898024337
30.0,14935.185663399978,1700.9769980446567,3.416717481215626,11.0,19.0,0.3980938531198229,0.0,0.0,0.0,8.780357218568264
21.0,14715.382452698725,1300.1377283260617,1.855398076306205,11.0,10.0,0.6438035195956854,1.0,1.0,0.0,11.318325845097121
12.0,6047.922999686445,2146.772392816786,4.259523263629022,8.0,4.0,0.656703112051038,1.0,0.0,0.0,2.8172166830182443
7.0,2337.683768502515,396.16345493234195,1.1862785813424321,3.0,4.0,0.5427529218415758,0.0,1.0,0.0,5.900806193498468
31.0,7765.261544296551,1261.9131100866912,5.0377319797322055,15.0,16.0,0.6928711590499119,0.0,1.0,0.0,6.1535627787899685
56.0,18932.54067089752,3597.3596061094177,10.640523184074972,27.0,29.0,0.39847032895712275,1.0,1.0,0.0,5.2628991104320715
13.0,7520.067756277333,813.6675380699751,1.406593442735941,5.0,8.0,0.32758969284091743,1.0,0.0,0.0,9.242187262521231
25.0,14218.011311798551,1087.118743007479,1.911516876669935,9.0,16.0,0.6373772607534226,0.0,1.0,0.0,13.078618507178785
15.0,5098.478698212994,499.2474398861386,1.4688129619756687,8.0,7.0,0.4963722636798217,0.0,0.0,0.0,10.212328178139048
48.0,2776.7095489722424,682.3960888554547,11.79634084421455,32.0,16.0,0.4385815516407287,0.0,1.0,0.0,4.069058416834516
26.0,15184.06637109526,7218.017228002702,12.359564515953398,15.0,11.0,0.3220931325963604,0.0,1.0,0.0,2.103633988595625
58.0,18586.594171887085,1130.1372581900184,3.5266257157626435,20.0,38.0,0.32584979152841936,1.0,1.0,0.0,16.44631573482907
16.0,10204.999932848907,1061.6795247327254,1.6645636950025358,7.0,9.0,0.33628658027275704,1.0,1.0,0.0,9.612128420219825
6.0,2092.6684294467004,1622.630223033563,4.652328673384493,2.0,4.0,0.37345700822226147,0.0,0.0,0.0,1.2896767234708502
35.0,10584.696824311339,2035.7049974615898,6.7313855175810655,15.0,20.0,0.6881603696894223,0.0,0.0,0.0,5.199523918008682
39.0,20694.740876624757,1286.1486263582053,2.4237943701255418,22.0,17.0,0.41256165682486,1.0,1.0,0.0,16.090473878763888
59.0,57320.85091431116,3809.4689173699903,3.921062973416441,25.0,34.0,0.6268189201809058,1.0,1.0,0.0,15.04694017923232
52.0,33789.91190761236,1928.3681695592302,2.9676059852197922,33.0,19.0,0.3077655121597768,0.0,1.0,0.0,17.522541826302685
53.0,27943.924571582025,2316.7576276729847,4.394091243416087,26.0,27.0,0.4287260244392803,0.0,1.0,0.0,12.061652128733757
38.0,21727.27167649536,2560.0730292098556,4.47745011699814,22.0,16.0,0.6624769731944178,1.0,0.0,0.0,8.486973390443199
22.0,3295.090209463372,384.87892729542597,2.5696827286189334,14.0,8.0,0.3740163131525949,1.0,0.0,0.0,8.561368201211291
26.0,7163.830072086707,1827.3674081200036,6.632143997419072,15.0,11.0,0.41360940816539044,1.0,0.0,0.0,3.920300887634227
9.0,360.0,27.621258840665377,0.6905314710166345,6.0,3.0,0.6306059526852195,1.0,0.0,0.0,13.033439282281742
27.0,22841.319030713763,1948.5652551951093,2.3033372906146004,17.0,10.0,0.34855667458082906,0.0,0.0,0.0,11.722121684052437
23.0,18525.97573411644,5900.847316053291,7.325902301560937,12.0,11.0,0.3212732763089537,1.0,1.0,0.0,3.1395450080052756
4.0,2314.254820971928,130.60884095604015,0.22574668921063373,2.0,2.0,0.6863907019948976,1.0,1.0,0.0,17.718975254905228
13.0,6851.299268018933,925.7335771800261,1.7565334738063705,5.0,8.0,0.46191670347487035,0.0,0.0,0.0,7.40094065604641
33.0,6259.505983515972,6005.541413296386,31.661103473769856,21.0,12.0,0.5631485079112462,0.0,1.0,0.0,1.0422883721453162
23.0,10491.22018284682,1591.6951987408129,3.4894882514137406,7.0,16.0,0.3508463645605406,0.0,0.0,0.0,6.591224369556687
59.0,50650.224165165935,2910.3233530727566,3.3900951212252175,40.0,19.0,0.3880709591467453,1.0,0.0,0.0,17.403641458495937
29.0,15262.212789535142,832.0327419436219,1.580960103826462,12.0,17.0,0.4839923032639695,1.0,0.0,0.0,18.3432838879426
57.0,22063.030285184384,2243.6717347900612,5.7965423257798285,34.0,23.0,0.570061286971511,1.0,0.0,0.0,9.833448424329688
40.0,5935.434719971092,310.28492685302086,2.0910679098802865,17.0,23.0,0.41729916445063653,0.0,1.0,0.0,19.128981804464686
4.0,3104.244582184644,177.2732252493566,0.22842687881841933,3.0,1.0,0.6538535004160166,1.0,0.0,0.0,17.511074093778923
13.0,6317.782117328094,382.58627375677537,0.7872417038879328,4.0,9.0,0.6124576014493016,0.0,0.0,0.0,16.513352806129546
42.0,6243.435631752236,362.9647873630575,2.4416878732150877,19.0,23.0,0.5206231563434155,1.0,0.0,0.0,17.20121579041001
33.0,10399.84649832782,1356.1925395738087,4.303366767301006,21.0,12.0,0.483684473375859,0.0,1.0,0.0,7.668414472768028
19.0,4645.355534039105,306.7951357120236,1.2548248537308573,8.0,11.0,0.5478170170970036,1.0,0.0,0.0,15.141555368073096
32.0,15156.841435443379,1310.248554732567,2.7662725067108047,13.0,19.0,0.5926652665788181,1.0,0.0,0.0,11.567913111369178
54.0,29239.260871818442,2029.4196384517488,3.7479969468728545,36.0,18.0,0.35398011811628793,1.0,1.0,0.0,14.407695834719119
24.0,9584.558091463081,2664.721576231124,6.672536930681225,15.0,9.0,0.6410565450243542,1.0,0.0,0.0,3.5968328462364534
4.0,2621.6372771895053,179.05758013659099,0.27319962482155047,1.0,3.0,0.49576111346309804,1.0,1.0,0.0,14.641308539910092
20.0,10315.208961889766,538.5415904352059,1.0441700064921302,11.0,9.0,0.6741375959238206,0.0,0.0,0.0,19.153969062173726
56.0,39897.89871504786,6553.3878563767885,9.198221755440134,22.0,34.0,0.6822169584456461,0.0,1.0,0.0,6.08813328150952
46.0,19713.814481657388,999.4877320496947,2.3321937881207355,18.0,28.0,0.31228672840723404,1.0,0.0,0.0,19.72391841291476
50.0,55453.25592011145,7297.823942197936,6.580158208123543,27.0,23.0,0.45379239030755875,0.0,1.0,0.0,7.598601495367153
54.0,20903.52178648126,5181.213508620975,13.384612044008572,19.0,35.0,0.5104893652985061,1.0,0.0,0.0,4.034483765569606
8.0,2554.672013190605,1115.5235756394616,3.4932815480958794,4.0,4.0,0.5158381952509483,1.0,1.0,0.0,2.2901102845147556
18.0,5305.318019655273,337.7034588954037,1.1457677442891998,7.0,11.0,0.6289573467388037,1.0,1.0,0.0,15.709990170099147
5.0,2289.059273445695,205.87348646526218,0.449690160612056,3.0,2.0,0.3564415949715074,0.0,1.0,0.0,11.118766737512539
2.0,312.1855636536865,50.5377939765732,0.3237676552695163,1.0,1.0,0.5489930758779691,1.0,0.0,0.0,6.1772693085574755
50.0,27945.628438278105,2292.7705487884846,4.102198942944501,19.0,31.0,0.6770387951381049,0.0,1.0,0.0,12.18858487738547
56.0,6660.597780874163,997.7797772356075,8.388986899290094,38.0,18.0,0.6986764775217146,0.0,1.0,0.0,6.675418697428044
11.0,5855.676032925909,651.011348581674,1.2229373336455247,7.0,4.0,0.3040342163918974,1.0,1.0,0.0,8.994737258702752
43.0,9879.235000771363,572.3725110390135,2.491287834812705,17.0,26.0,0.6890269131593768,0.0,0.0,0.0,17.260149308774167
33.0,13983.46351129139,1045.1080606774647,2.466382236025249,23.0,10.0,0.3488840111121184,1.0,1.0,0.0,13.379921213340337
6.0,3725.4484789588314,244.13294985050163,0.3931869430958776,2.0,4.0,0.5147802150877449,1.0,0.0,0.0,15.259916702109093
55.0,52844.41452263989,4520.211023565071,4.7045957182393865,23.0,32.0,0.39854792371337583,0.0,0.0,0.0,11.690696351818048
52.0,14788.794583875968,745.8393637556384,2.622502239471127,24.0,28.0,0.5425564149576132,0.0,0.0,0.0,19.82839107526814
34.0,15977.841343900534,3283.4796117710976,6.987070681036316,12.0,22.0,0.3148106366801591,0.0,0.0,0.0,4.866130822503308
43.0,15275.675396930337,2891.6369216379812,8.139763669986044,25.0,18.0,0.3953330722691175,0.0,1.0,0.0,5.282708656340354
25.0,8150.648387196023,4297.616635206642,13.181824411533423,13.0,12.0,0.4202302532795889,0.0,1.0,0.0,1.8965508278297407
47.0,16779.250698286283,1511.2780875040646,4.2332087046023785,31.0,16.0,0.6662428728318734,1.0,0.0,0.0,11.102689066310674
27.0,17949.95896843947,1460.9477453858065,2.197530879862846,11.0,16.0,0.5334518187393849,0.0,1.0,0.0,12.286516766346939
59.0,23740.94080208152,1633.595928805782,4.059744750767868,22.0,37.0,0.5832838889438894,1.0,1.0,0.0,14.532933379331455
5.0,4749.312698270855,704.4214915258159,0.7416036132789107,2.0,3.0,0.5704060733268281,0.0,1.0,0.0,6.742146222687757
11.0,6415.154362968415,21781.49097863172,37.34850125322363,4.0,7.0,0.4569153346396731,0.0,1.0,0.0,0.29452319720729264
58.0,17283.876330380728,1364.9138933894371,4.5802807369915675,39.0,19.0,0.30560842742483424,1.0,0.0,0.0,12.662979264911984
18.0,7679.861344277722,384.49338777785516,0.9011726474929334,11.0,7.0,0.3428083053064803,1.0,0.0,0.0,19.973975075781635
20.0,6792.612039840042,1146.1887411317673,3.3748099682688744,12.0,8.0,0.48352339376148,0.0,1.0,0.0,5.92625960811035
47.0,31020.645337699112,8340.021328864059,12.636133071681773,28.0,19.0,0.67651791154716,1.0,1.0,0.0,3.7194923267569435
12.0,2066.928824243393,364.4573117972551,2.1159353385900905,5.0,7.0,0.39950312297341645,1.0,1.0,0.0,5.671250808635746
31.0,7186.101441297977,841.7557510833282,3.631235725900067,11.0,20.0,0.5793274878473815,0.0,1.0,0.0,8.537038721802093
18.0,6870.433972503091,1358.9446363136078,3.5603287290938206,8.0,10.0,0.6306383372405427,1.0,1.0,0.0,5.055712932603665
13.0,8275.661662159646,1187.0104330147528,1.864640709002212,8.0,5.0,0.662714113673104,0.0,0.0,0.0,6.971852506082221
57.0,42556.8871329796,3329.3803711965024,4.459317726063994,25.0,32.0,0.41739456480308035,0.0,0.0,0.0,12.782224434658284
13.0,10089.409696009392,1455.2085678094368,1.8750067597121263,4.0,9.0,0.6725132698243015,1.0,0.0,0.0,6.933308337510163
7.0,4241.722127926542,533.4576248733384,0.8803507777014,4.0,3.0,0.5431929042152717,1.0,0.0,0.0,7.95137594843391
41.0,19820.305801864233,23355.824223348678,48.313522643390705,16.0,25.0,0.5033627136471095,1.0,1.0,0.0,0.8486236928453157
52.0,34264.108448065526,1865.9367380015394,2.8317885615832528,27.0,25.0,0.6113570527443539,0.0,0.0,0.0,18.36295290737625
9.0,2439.8988886229213,298.73722198461866,1.101945252894899,3.0,6.0,0.39548504534458606,0.0,1.0,0.0,8.167374900301331
43.0,5635.947890660453,854.3893548503853,6.518644773037693,22.0,21.0,0.6250320926163856,1.0,1.0,0.0,6.5964631448941455
33.0,19381.808012730828,10917.116034532251,18.587782362869678,15.0,18.0,0.5599850777766946,0.0,0.0,0.0,1.7753597150954208
50.0,14943.2158285115,1176.4500547684038,3.936401870485432,33.0,17.0,0.6197464515381401,1.0,0.0,0.0,12.701955147133914
9.0,4382.447882102135,253.5653442920371,0.5207336538897256,5.0,4.0,0.6422888780197836,1.0,1.0,0.0,17.28330775776191
58.0,30387.67338412465,34888.00477348215,66.58964150638458,18.0,40.0,0.5469389772095126,1.0,1.0,0.0,0.8710063410453861
37.0,20336.084737919395,6897.83027327612,12.550091298317842,23.0,14.0,0.3146940432033877,1.0,0.0,0.0,2.948185723952408
50.0,34377.91538525052,11573.19662354464,16.832312974552842,31.0,19.0,0.41909906405266617,0.0,0.0,0.0,2.970477086279836
22.0,14661.130828483618,1215.14007354293,1.823398340188567,12.0,10.0,0.6512078979846344,1.0,1.0,0.0,12.065383364188468
56.0,30184.00075227813,1637.8935489357782,3.038763465889487,38.0,18.0,0.550782604384279,0.0,1.0,0.0,18.42854852923146
38.0,15640.683868432518,1780.6935048882835,4.326304000193067,24.0,14.0,0.6560225450482308,0.0,1.0,0.0,8.783478922956917
9.0,4693.971759617378,679.4056226587753,1.3026602879322402,3.0,6.0,0.4538114008197151,0.0,0.0,0.0,6.90893864146732
55.0,20941.685416575863,1366.1908080219357,3.5880824750490663,25.0,30.0,0.5018909823229298,1.0,0.0,0.0,15.328521677653992
48.0,22114.28234874076,1487.7493455629797,3.229223877169561,21.0,27.0,0.6450369768683655,1.0,1.0,0.0,14.864252782025245
19.0,19449.05900960557,3911.0999356256166,3.8207966123289454,10.0,9.0,0.6048125431033451,1.0,0.0,0.0,4.972784978580332
33.0,17702.452025831368,5432.723177806346,10.127402949941892,22.0,11.0,0.4510004525149075,0.0,1.0,0.0,3.2584859280423264
24.0,14161.176081780231,1970.0285314356115,3.3387541035723722,13.0,11.0,0.3090521144165821,1.0,1.0,0.0,7.188310146686359
33.0,11843.82771639961,762.9716052698005,2.125838333416527,14.0,19.0,0.652135825263082,1.0,1.0,0.0,15.523287674921294
57.0,40128.83694730049,2883.5407440483345,4.095853129922617,39.0,18.0,0.6145427385931277,1.0,1.0,0.0,13.916514628803817
54.0,35210.94216476499,2640.7319122815206,4.049863891625686,31.0,23.0,0.47966433228658567,0.0,1.0,0.0,13.333781441806295
14.0,9148.587153034237,551.2160122501385,0.8435208674754219,6.0,8.0,0.5184961948560745,0.0,1.0,0.0,16.597099775255916
58.0,31492.738462340174,5645.124800302707,10.3965947200524,38.0,20.0,0.38172480685362187,0.0,0.0,0.0,5.578749731210805
27.0,19084.62651714056,2795.5898999132387,3.9550644195140743,12.0,15.0,0.46484043593434743,1.0,0.0,0.0,6.8266903231167255
42.0,31682.15565173176,35412.03284280302,46.94457649116531,21.0,21.0,0.3652781708045815,0.0,0.0,0.0,0.894672039653061
46.0,25604.510058013515,1473.0916279506566,2.646495274941708,23.0,23.0,0.3842278294363344,0.0,1.0,0.0,17.381478227280493
30.0,14312.325845998063,1226.4757445650093,2.5708101347649586,20.0,10.0,0.638547797329371,0.0,0.0,0.0,11.669473211697452
28.0,19009.59754464266,3169.5659257562047,4.668581000347633,11.0,17.0,0.4449889511112677,0.0,1.0,0.0,5.997539723079681
28.0,8936.898283265436,6228.412189277866,19.51410162364052,12.0,16.0,0.6258893291705445,1.0,1.0,0.0,1.4348598024148427
52.0,18533.213081600603,1279.7395397007288,3.590659416229551,29.0,23.0,0.4895599456191113,1.0,0.0,0.0,14.48201958809107
24.0,11744.158354152474,783.6066378671148,1.6013543705463722,16.0,8.0,0.3283111103623087,0.0,1.0,0.0,14.98731351500377
18.0,2731.1145536226763,204.72717265304422,1.3492986234746998,6.0,12.0,0.44461087544248046,0.0,0.0,0.0,13.3402641096947
22.0,14641.419203679068,3557.688476284763,5.345734958438828,8.0,14.0,0.363309381844406,0.0,0.0,0.0,4.115430370387254
13.0,3996.4238925888603,218.75845367150887,0.7116011649823711,9.0,4.0,0.577430565850537,0.0,1.0,0.0,18.268660367246667
24.0,9736.843096791566,645.871877906132,1.5919867369388905,15.0,9.0,0.6645576187269877,1.0,1.0,0.0,15.075502479466483
8.0,3658.7526469123663,277.7624018666421,0.6073379179673088,4.0,4.0,0.6052302256453375,0.0,1.0,0.0,13.172238655500207
7.0,3555.0015501987705,272.69954068766145,0.5369608867559842,3.0,4.0,0.6113750434584183,0.0,0.0,0.0,13.036331272264661
43.0,18544.58182276184,1025.0191965641848,2.3767494933836013,21.0,22.0,0.6447466186775065,1.0,1.0,0.0,18.09193611682824
6.0,2919.1547433235814,157.19965594176333,0.3231065217792152,3.0,3.0,0.6106658603127659,1.0,0.0,0.0,18.569727305287618
34.0,16594.532099745185,1390.6459985971749,2.8492496002963517,18.0,16.0,0.5274293009626767,0.0,1.0,0.0,11.932966489304288
47.0,19297.908998305014,2307.657118932275,5.620292053369266,29.0,18.0,0.585710515784001,1.0,0.0,0.0,8.362554748702841
44.0,15195.888772778866,2079.7787662230685,6.022041032423308,14.0,30.0,0.46638190155839704,1.0,1.0,0.0,7.306492892210353
27.0,19339.959191520247,1179.940465571796,1.6472833398948974,17.0,10.0,0.3283151903595174,1.0,1.0,0.0,16.390622879560414
13.0,1028.5451741065729,79.67118599010149,1.0069809707395532,4.0,9.0,0.582231918137915,0.0,0.0,0.0,12.909876529694955
55.0,25237.13325089569,15857.876422091542,34.559519678570474,36.0,19.0,0.5886643856360572,0.0,0.0,0.0,1.59145730356039
50.0,20311.005281157843,7036.280803015451,17.321350434443744,16.0,34.0,0.38948903617160224,0.0,0.0,0.0,2.886610959649792
37.0,21599.057001776004,1199.367343473514,2.0545615350184554,13.0,24.0,0.6815766255301222,0.0,1.0,0.0,18.008708607341685
7.0,1463.990084873388,82.73122490563819,0.39557547576529656,3.0,4.0,0.32100457305579727,0.0,1.0,0.0,17.695738054684792
4.0,1600.1717270051167,84.04679378088157,0.21009443514711673,2.0,2.0,0.5943836193111534,1.0,1.0,0.0,19.039057351514504
20.0,9590.561064040976,1117.0484449721944,2.3294746522400573,9.0,11.0,0.6873913554509301,0.0,0.0,0.0,8.585626798200058
11.0,7854.161942815011,500.51965213155415,0.7009934622603149,6.0,5.0,0.4236599110799921,1.0,1.0,0.0,15.692015107432107
51.0,28888.286661313323,1743.0839928055502,3.077277814199092,34.0,17.0,0.6649861672433521,1.0,0.0,0.0,16.573089294920717
13.0,3422.9306517409595,539.2010093901343,2.0478396541590875,7.0,6.0,0.6305745012921877,0.0,0.0,0.0,6.3481532714719515
18.0,7245.083812605626,2456.3874938034105,6.102755472825909,9.0,9.0,0.5976437861084938,0.0,0.0,0.0,2.9494873389814873
58.0,39278.19569086402,1969.7524727286552,2.908627583543385,25.0,33.0,0.6815166271231448,0.0,1.0,0.0,19.9406759147015
49.0,12732.40631395394,19502.11461393288,75.05286844603978,30.0,19.0,0.5616228299233608,0.0,1.0,0.0,0.6528731148394306
14.0,6779.796048557361,566.5480184324553,1.1698983570076733,5.0,9.0,0.4979522609462932,0.0,1.0,0.0,11.966851578293287
24.0,11956.221827873876,918.1742638216266,1.8430723893350212,10.0,14.0,0.5702724087208262,0.0,0.0,0.0,13.021734869925092
31.0,13108.14502849126,960.1842665435626,2.270779900447627,11.0,20.0,0.4647295170309749,1.0,1.0,0.0,13.651697372294485
40.0,41566.01426239132,8071.425728817571,7.767331914833652,15.0,25.0,0.42995486936515404,0.0,1.0,0.0,5.149773492183339
56.0,23377.407654187453,1618.3169892120486,3.8766381942970263,30.0,26.0,0.332898250012611,0.0,0.0,0.0,14.445505923762074
52.0,30677.557657425095,7024.583108408093,11.907020947243172,18.0,34.0,0.45120343136415825,0.0,0.0,0.0,4.367171287461247
58.0,20110.9070054563,1212.2808678260076,3.4962267149279724,20.0,38.0,0.6212780233942743,1.0,0.0,0.0,16.589313202246064
4.0,2422.1983935995236,547.8379334326987,0.9046953955222151,3.0,1.0,0.678174315302619,1.0,0.0,0.0,4.421377647988459
15.0,10112.362790555806,724.937700213605,1.0753239107837036,5.0,10.0,0.690060687029217,0.0,0.0,0.0,13.949285280067746
34.0,13001.844550126534,829.2469175031401,2.16849194638559,18.0,16.0,0.382610348384006,1.0,0.0,0.0,15.679099042387818
4.0,1956.2385478251736,512.17569838341,1.0472663447979094,2.0,2.0,0.5285727047903814,1.0,0.0,0.0,3.8194677217206654
22.0,7060.7690124801575,1471.6587253429675,4.585405909798026,14.0,8.0,0.5302992633470041,0.0,1.0,0.0,4.797830428270425
10.0,2711.1923759002166,173.87106926506416,0.6413084914615567,6.0,4.0,0.3704190178221347,0.0,1.0,0.0,15.59311958775062
56.0,39612.10884400231,22434.484401230395,31.71583546375931,18.0,38.0,0.5326512811077756,0.0,0.0,0.0,1.7656794841173094
5.0,1945.999054116352,504.7095579881542,1.2967877782893757,3.0,2.0,0.445105136127115,0.0,0.0,0.0,3.855681001709949
10.0,400.0,43.774013432409596,1.0943503358102398,5.0,5.0,0.6769625743864617,1.0,0.0,0.0,9.137841578488809
13.0,11089.92600688342,596.0041294774907,0.6986569322823463,5.0,8.0,0.40208088009028653,0.0,1.0,0.0,18.607129478458173
10.0,3395.8093538747876,301.5960363606654,0.8881418387534897,6.0,4.0,0.6339844782033397,0.0,1.0,0.0,11.25946280611556
34.0,15324.66330251339,1968.695089542775,4.367837108269534,20.0,14.0,0.6587422513250885,0.0,0.0,0.0,7.784173071754098
23.0,19048.169925273847,973.410512707163,1.1753592014400764,10.0,13.0,0.5943489022131463,0.0,1.0,0.0,19.56848593333841
54.0,25469.18538277349,2738.3156992917898,5.805802012881432,24.0,30.0,0.38587091115578565,1.0,1.0,0.0,9.301040559114707
17.0,7944.655552513665,912.86268370406,1.9533465636605178,6.0,11.0,0.40414762734658743,0.0,1.0,0.0,8.703012725065268
33.0,8394.057905966481,1015.9463730833886,3.994043249084741,18.0,15.0,0.6884471461878968,0.0,1.0,0.0,8.262304121910084
40.0,6921.330402979467,1102.4751080462072,6.371463541585115,27.0,13.0,0.33033162644845754,1.0,1.0,0.0,6.277992448505585
38.0,17735.464389069424,2708.6922479979125,5.803643094192552,18.0,20.0,0.34683436288165037,0.0,0.0,0.0,6.547611454264808
48.0,27482.973831118994,1995.5182040101438,3.485244150836021,34.0,14.0,0.6914278937512093,0.0,1.0,0.0,13.772349345593486
13.0,7294.36606134801,8436.009868253765,15.034634588524078,5.0,8.0,0.610757909676288,1.0,0.0,0.0,0.8646701669705287
31.0,12516.18130109086,916.7856652385461,2.2706890335567387,19.0,12.0,0.5985535404240843,0.0,0.0,0.0,13.652243676644062
48.0,24194.474873730647,5953.321317956735,11.81093719757435,32.0,16.0,0.3640831044582801,0.0,1.0,0.0,4.064029737611162
52.0,6893.016048589141,893.4622193086562,6.740160631652604,30.0,22.0,0.4955755326105676,0.0,0.0,0.0,7.714949663929633
37.0,21905.235953146537,7366.936560832898,12.443447463146978,13.0,24.0,0.6363050409938247,0.0,0.0,0.0,2.973452502578623
39.0,20758.96558920636,1873.9954168056922,3.520687046825832,17.0,22.0,0.43154828048368904,0.0,1.0,0.0,11.077383329245773
52.0,46526.07329950172,3186.5991882634,3.56151177261442,17.0,35.0,0.37710605296576416,0.0,1.0,0.0,14.600541376795185
38.0,19056.845312860758,2674.5027881344513,5.333049845376144,21.0,17.0,0.3043781271072532,1.0,1.0,0.0,7.125378742324474
57.0,17753.569385534698,5363.355702919715,17.219707678361967,40.0,17.0,0.5490169939443044,0.0,1.0,0.0,3.3101607219282454
9.0,4408.698358640126,964.9604975393506,1.9698885637830201,4.0,5.0,0.4175241241127178,0.0,0.0,0.0,4.568786359526952
22.0,9557.680879930318,583.8052017276109,1.3438107632341327,8.0,14.0,0.6454689707514162,1.0,1.0,0.0,16.371352724585172
8.0,4695.532590032637,871.2222297426405,1.484342341215159,3.0,5.0,0.4134072347038161,0.0,0.0,0.0,5.3895922644440555
7.0,3537.6488864152607,228.157150730084,0.4514580464001184,4.0,3.0,0.3606303248738013,0.0,1.0,0.0,15.50531673057398
29.0,7192.309133894666,1080.343483217708,4.356036487039625,15.0,14.0,0.6841790048017272,0.0,0.0,0.0,6.6574281657839105
15.0,2592.770135417941,679.586996533075,3.931626953252042,6.0,9.0,0.6859108049018038,1.0,0.0,0.0,3.815214459142102
25.0,13814.54101316508,948.8135512620748,1.7170558731518255,15.0,10.0,0.574009531341096,1.0,1.0,0.0,14.55980576456725
27.0,20968.81852177389,2231.325141079758,2.8731127004888055,9.0,18.0,0.6713542810385085,0.0,0.0,0.0,9.397473338030375
38.0,19603.043918793064,29085.447779435333,56.381397715431504,21.0,17.0,0.36473343249951307,0.0,1.0,0.0,0.6739811629323879
56.0,37108.93036390632,1932.6711013990455,2.916537356830288,26.0,30.0,0.48413634398811767,0.0,0.0,0.0,19.200851265920754
51.0,35830.653372876724,11952.789717596457,17.01314986510605,18.0,33.0,0.3816635563857112,0.0,0.0,0.0,2.997681229188543
23.0,12727.242490655475,1792.450916634606,3.2392225663072685,13.0,10.0,0.49151330327801157,1.0,1.0,0.0,7.100469180239172
20.0,6742.0340485543675,872.5685075197688,2.5884428979022007,11.0,9.0,0.6164711994987222,1.0,1.0,0.0,7.726652968164361
46.0,24796.83438241919,2526.6471149691038,4.6871211661994305,22.0,24.0,0.6379711388000253,1.0,0.0,0.0,9.814126490205345
9.0,6672.731197680865,424.48457324391217,0.572533351938857,6.0,3.0,0.30166575770708,0.0,1.0,0.0,15.719608245566704
33.0,19997.277627359435,116601.46795268297,192.41861388042506,17.0,16.0,0.4558013586799449,1.0,0.0,0.0,0.17150107951877894
26.0,16890.87578270901,905.5401872339116,1.3938913038590615,11.0,15.0,0.6976274748449902,1.0,0.0,0.0,18.65281742415469
12.0,4889.889019939617,377.96273632618596,0.9275369681028546,8.0,4.0,0.535725984726014,0.0,1.0,0.0,12.937489731050073
37.0,17002.582177883432,894.1458931714793,1.945786687058561,25.0,12.0,0.4184783718791807,1.0,0.0,0.0,19.015445139021264
20.0,9525.090756398531,582.327847540528,1.2227239874839955,7.0,13.0,0.45559770401670513,0.0,0.0,0.0,16.35692127145889
12.0,5876.78879391169,316.63097330091534,0.6465387497926269,8.0,4.0,0.42902549865351713,1.0,0.0,0.0,18.560372450760177
39.0,28610.0748648964,2376.2597641210323,3.2392131526516317,24.0,15.0,0.4790393720121737,1.0,0.0,0.0,12.039960991166778
12.0,480.0,66.86806763603806,1.6717016909009517,4.0,8.0,0.47779465343665417,1.0,0.0,0.0,7.178314208399637
41.0,20750.41409757107,2335.1448961728893,4.6139291627098356,21.0,20.0,0.5027453220789854,1.0,0.0,0.0,8.886135559116394
11.0,5325.107973471321,404.0985872983318,0.8347407193293015,3.0,8.0,0.4858024028769293,1.0,0.0,0.0,13.177744592163053
27.0,6093.893836201596,711.2976691298752,3.1515214381347647,14.0,13.0,0.5064454739825937,0.0,0.0,0.0,8.56729060233841
48.0,30448.965279239663,2078.8715308288583,3.277150227098848,32.0,16.0,0.3111955801300732,1.0,1.0,0.0,14.646872030182395
15.0,5326.499424165227,2829.680300709296,7.968686585804237,7.0,8.0,0.3217707585908973,0.0,0.0,0.0,1.88236792079659
46.0,19715.29962595093,1187.0798571777768,2.7697105530316755,23.0,23.0,0.44845758928319107,1.0,0.0,0.0,16.60823364724853
43.0,37399.52440668477,9069.710135096146,10.427874204181759,17.0,26.0,0.6539766256967872,1.0,0.0,0.0,4.123563360857983
54.0,37907.715415021805,2007.6373089491058,2.8599036765030372,28.0,26.0,0.6163329213606337,1.0,1.0,0.0,18.881754810018215
11.0,6763.871266119256,2145.12328536409,3.48858740958021,7.0,4.0,0.3440614567646255,0.0,0.0,0.0,3.153138708748495
43.0,24774.681637941874,9431.414319752777,16.369567192672914,17.0,26.0,0.49793238349733915,0.0,0.0,0.0,2.6268257122428365
56.0,26155.583748612164,1609.878685659817,3.4468053652877604,29.0,27.0,0.5418349083912625,1.0,1.0,0.0,16.246928406218487
46.0,41394.270841404934,2526.644355814532,2.807771172314331,20.0,26.0,0.49247569713403583,1.0,0.0,0.0,16.383101462675135
12.0,7925.202315456574,535.912098241504,0.8114550169092509,7.0,5.0,0.5790266547916244,1.0,0.0,0.0,14.788250426630883
49.0,17154.410843140526,892.8737516441648,2.550411916248267,28.0,21.0,0.6989052632358084,1.0,1.0,0.0,19.212582754898857
8.0,1759.8363548517536,323.06784478211597,1.4686267567615094,5.0,3.0,0.3385896519748685,0.0,1.0,0.0,5.447265592274049
36.0,22081.233614322737,1334.8876221990654,2.176325618329377,16.0,20.0,0.5062136125828008,1.0,1.0,0.0,16.541642342856235
30.0,14664.785220729333,2073.2861284305172,4.241356618370041,16.0,14.0,0.5049485851850213,0.0,1.0,0.0,7.073208574366245
32.0,6854.795731544527,636.4061321079326,2.970912194179299,18.0,14.0,0.5249515190922729,1.0,1.0,0.0,10.771102580108348
32.0,18742.951460554126,2096.592535139358,3.5795302178345367,18.0,14.0,0.3667869823931831,1.0,1.0,0.0,8.939720592541509
3.0,1338.5837038130876,8029.513199798553,17.99554225169265,2.0,1.0,0.5553431163956877,1.0,1.0,0.0,0.16670795233846436
31.0,18790.122538270312,1632.430272117812,2.693188313837923,20.0,11.0,0.3177363690355105,1.0,1.0,0.0,11.510520761106196
56.0,32947.49040330616,2201.9686891907186,3.7426294107762,22.0,34.0,0.5964493947727287,1.0,0.0,0.0,14.962742460890862
27.0,10215.374283663268,2891.9730183947026,7.643701476658577,9.0,18.0,0.5652638102560448,1.0,0.0,0.0,3.532320052326661
18.0,11278.241151927137,605.1683689021127,0.9658448062512577,12.0,6.0,0.43216946736506523,1.0,1.0,0.0,18.636534444766095
59.0,23624.720024908187,2222.149732996263,5.549561396221839,19.0,40.0,0.6955957444400197,1.0,0.0,0.0,10.63147081139915
7.0,2893.9653775466404,802.5399743587665,1.9412049169965673,5.0,2.0,0.6315113530684713,0.0,1.0,0.0,3.6060077628643152
30.0,11806.371560271731,912.629457660111,2.3189922145033006,16.0,14.0,0.5158142540176093,0.0,0.0,0.0,12.936654039791861
31.0,22512.04145239888,5803.780713281217,7.992042946977861,21.0,10.0,0.6962041639742426,1.0,1.0,0.0,3.8788580348811124
29.0,12872.68014928471,9770.607164257044,22.011547282886458,15.0,14.0,0.632036257491312,0.0,0.0,0.0,1.3174902984919614
55.0,42596.87498620677,3104.267136860683,4.00815065853124,35.0,20.0,0.35519091205464587,0.0,1.0,0.0,13.722039086263884
26.0,22274.12132497167,9862.950329432451,11.512764289280886,15.0,11.0,0.5364242416757707,1.0,1.0,0.0,2.258362921944615
58.0,20430.858012488392,9419.317281033442,26.7399637335838,30.0,28.0,0.5323430546731798,0.0,1.0,0.0,2.1690380951098844
5.0,200.0,13.502680271640783,0.33756700679101953,2.0,3.0,0.5611780686877998,0.0,1.0,0.0,14.811874085477175
44.0,31191.683980787202,27092.94058799558,38.21817977529151,13.0,31.0,0.6763026366309715,0.0,1.0,0.0,1.1512845525010196
36.0,15537.802339006985,958.8338722356937,2.221550940561843,14.0,22.0,0.4968127653223371,1.0,0.0,0.0,16.204895122006697
15.0,4901.440760604026,307.6250022667946,0.9414323786366172,10.0,5.0,0.3309525854735261,1.0,0.0,0.0,15.933167735024162
15.0,5733.8456815410955,1997.299671952514,5.225026403437395,6.0,9.0,0.4917325442101398,0.0,0.0,0.0,2.8707988901514314
43.0,17932.60113625215,1725.6667956237216,4.1379201850316925,26.0,17.0,0.6151177547660571,1.0,1.0,0.0,10.39169391317553
38.0,28858.667489272422,14592.193238232889,19.214447211014654,19.0,19.0,0.44344350991742004,0.0,1.0,0.0,1.9776785448304
37.0,19683.34317094961,1553.5643531834687,2.920331194175647,16.0,21.0,0.31084196236837675,1.0,1.0,0.0,12.669795834730445
4.0,3026.8789040865086,2318.641226293645,3.0640686988347094,3.0,1.0,0.4212972887626571,0.0,1.0,0.0,1.305453758762404
36.0,21558.38485880517,1141.1145620019502,1.9055288464846056,11.0,25.0,0.5728599778811847,0.0,0.0,0.0,18.892393083638808
58.0,25412.923602174378,6059.022677919469,13.828527595670291,31.0,27.0,0.3344037712343526,1.0,0.0,0.0,4.194228170623154
3.0,1265.7856780744457,92.57049656948415,0.21939850838802044,1.0,2.0,0.4503859234756994,1.0,1.0,0.0,13.67374838617547
29.0,17757.330754347688,6805.103108888031,11.11360670631392,10.0,19.0,0.3532523340003342,1.0,1.0,0.0,2.609413916323345
30.0,19922.55377599625,4708.210614721516,7.089769716763247,12.0,18.0,0.4903714366924756,1.0,1.0,0.0,4.231449144119191
54.0,37765.36100556939,4174.607698184936,5.969195307539673,31.0,23.0,0.35660539670883507,1.0,1.0,0.0,9.046445495223244
18.0,8058.4613590473255,701.7567947711689,1.5674980300922303,6.0,12.0,0.3436147900038841,0.0,1.0,0.0,11.48326801976325
29.0,15516.193967145939,776.6904013580372,1.451646047160505,18.0,11.0,0.579119516771401,0.0,0.0,0.0,19.977321645814076
43.0,26522.747519595807,46758.50947166699,75.80722569545922,24.0,19.0,0.3632006354548043,1.0,0.0,0.0,0.5672282504143356
5.0,2116.034974063138,37603.243326369025,88.85307612417331,2.0,3.0,0.361918317833531,1.0,0.0,0.0,0.05627267189953487
48.0,13104.575675493437,1861.4920674995378,6.818352722940293,20.0,28.0,0.5370076701864444,1.0,0.0,0.0,7.039823539563212
49.0,16598.543546319193,2256.825400178895,6.662298068512673,17.0,32.0,0.3174375246263394,1.0,1.0,0.0,7.354819537658276
43.0,19427.095194087324,1098.6589633134613,2.4317755665734904,27.0,16.0,0.3131970515200771,1.0,0.0,0.0,17.6825528601677
39.0,24665.215685918345,1351.0728635321998,2.1362814073358445,20.0,19.0,0.47257850757884257,0.0,0.0,0.0,18.256021826561174
45.0,33830.79746014892,1920.4069353478585,2.554427284560771,14.0,31.0,0.4460381932898237,1.0,0.0,0.0,17.61647327836841
47.0,10753.156237894565,3699.7993304404595,16.171118942539312,24.0,23.0,0.5178477608661981,1.0,1.0,0.0,2.9064160721966528
54.0,20548.673849556188,2484.276740694287,6.528447771357708,27.0,27.0,0.6973938469160993,0.0,0.0,0.0,8.271491461862416
26.0,11139.11501527109,746.0689807214117,1.7414124436423752,14.0,12.0,0.47388259841031666,1.0,1.0,0.0,14.930408987785713
28.0,18450.415380917206,2934.8840987359695,4.453924373410068,9.0,19.0,0.5304233509828765,0.0,1.0,0.0,6.286590802295616
39.0,15380.7378239697,1158.0486813020193,2.936393499952537,12.0,27.0,0.6676974504716106,0.0,1.0,0.0,13.281598668785497
13.0,5382.695929136574,1125.8514522670498,2.71909635471818,6.0,7.0,0.4932716412085534,0.0,0.0,0.0,4.781000120662285
51.0,11097.675713067716,1706.7533270976794,7.84348199862114,29.0,22.0,0.6124482102288551,0.0,1.0,0.0,6.50221419631812
46.0,27447.347306953983,1594.3326249596705,2.671999589904406,26.0,20.0,0.5194610143770928,0.0,0.0,0.0,17.215571504502254
38.0,17773.367033066184,3521.1134838755775,7.528247863128102,16.0,22.0,0.5548828991294616,1.0,1.0,0.0,5.047655269975452
19.0,7014.628867077534,363.6733875810622,0.9850548753150172,7.0,12.0,0.6730009761108682,1.0,0.0,0.0,19.288265533353016
22.0,9858.141812278775,1600.3793300911675,3.571499166115875,13.0,9.0,0.3002815073270752,0.0,0.0,0.0,6.159878240690095
27.0,19585.77571042882,37709.49465846057,51.98447949326299,8.0,19.0,0.6603759557007902,0.0,1.0,0.0,0.5193857909743832
40.0,11960.904733441257,2329.1662705293766,7.78926451614419,21.0,19.0,0.4990768078628155,1.0,0.0,0.0,5.13527303086128
47.0,15588.399467626197,4498.117400198176,13.562105477754224,22.0,25.0,0.5427057476966216,0.0,0.0,0.0,3.4655385977563435
40.0,30018.01957972497,2954.181155657709,3.9365437121015776,16.0,24.0,0.4800231887850045,1.0,1.0,0.0,10.161197976040118
55.0,28333.523108207435,12325.967524370777,23.926717875900714,28.0,27.0,0.4043674517409294,0.0,0.0,0.0,2.298685523240807
57.0,36135.19670251586,2881.669294565842,4.545572316721801,22.0,35.0,0.32640287604676926,0.0,0.0,0.0,12.539675101045924
42.0,24374.716044047767,1392.503814895728,2.3994191407166148,22.0,20.0,0.6780502837933078,0.0,0.0,0.0,17.50423645760207
23.0,11337.461059447838,1556.8620172695794,3.1583637826354973,8.0,15.0,0.5495504825098944,0.0,1.0,0.0,7.282251691984527
36.0,15492.246342130395,4541.27667189448,10.55276017291368,17.0,19.0,0.6493882949847242,1.0,1.0,0.0,3.411429750142818
26.0,17324.10171691586,2157.2884122976657,3.2376569727116964,13.0,13.0,0.41632331322195193,1.0,1.0,0.0,8.030498665899039
38.0,27833.75791536478,1769.465385891501,2.4157602027126717,12.0,26.0,0.41119957967951504,1.0,1.0,0.0,15.73003808794001
49.0,35125.04580075775,2964.094087575277,4.134958602333134,27.0,22.0,0.4343137778829158,0.0,0.0,0.0,11.850179097887931
23.0,6046.830485220655,2924.272030988441,11.122894362116359,14.0,9.0,0.39241529157576305,0.0,1.0,0.0,2.067807105885682
31.0,23590.448310634838,2191.019138386366,2.879198919647387,21.0,10.0,0.4991882853538526,0.0,0.0,0.0,10.766883728824316
4.0,1713.651796641884,182.5305096058112,0.42606207390206735,2.0,2.0,0.6744966188644804,1.0,1.0,0.0,9.388303360039085
44.0,15355.740069605457,2335.1578599072395,6.691109993408378,17.0,27.0,0.6504250686519927,0.0,1.0,0.0,6.57588950762217
30.0,13984.03381938916,6221.47511233184,13.346953803212989,13.0,17.0,0.4980401815847958,1.0,0.0,0.0,2.247703891263799
28.0,18654.319237392898,950.626568965758,1.4268836933853855,18.0,10.0,0.4395049863304099,1.0,0.0,0.0,19.623183115624485
32.0,19458.9707777796,5462.835454699716,8.983555016692307,15.0,17.0,0.5446751211054233,0.0,1.0,0.0,3.562064231870449
14.0,6284.91804680805,1613.4947355242507,3.5941481064835603,6.0,8.0,0.5449032533916168,0.0,0.0,0.0,3.895220671275372
36.0,24031.194241521418,8134.105054787699,12.18531959041825,21.0,15.0,0.573505635601606,0.0,1.0,0.0,2.9543747074396047
45.0,23758.745226834915,2079.4761555288505,3.9386098089517803,14.0,31.0,0.5142400103325819,0.0,0.0,0.0,11.425351122043816
22.0,8478.925551626753,952.5589719075664,2.471574641665042,11.0,11.0,0.310702104082681,1.0,1.0,0.0,8.901208010929873
9.0,3225.536490674712,641.4298803842162,1.7897391457662248,4.0,5.0,0.33041860693891734,1.0,0.0,0.0,5.028665781429791
24.0,13969.127253223774,1621.113257660104,2.785193196293896,13.0,11.0,0.6895099941619351,1.0,0.0,0.0,8.616996491279487
13.0,6285.453886879435,466.04621525637316,0.9639082407365793,8.0,5.0,0.5984941180532749,0.0,1.0,0.0,13.486760928681273
23.0,5172.676294297274,912.3005584407626,4.056490615364932,10.0,13.0,0.6792987594408889,1.0,1.0,0.0,5.6699256033976715
38.0,25438.427347328223,1389.3830602246194,2.075464633393727,21.0,17.0,0.4358102404073213,1.0,1.0,0.0,18.30915323180609
8.0,3231.559954200927,524.467030726077,1.2983624952878532,4.0,4.0,0.5139797673253176,1.0,1.0,0.0,6.161607431695231
45.0,36829.07683189915,9198.82545680043,11.239682912645888,16.0,29.0,0.4287807676346597,0.0,1.0,0.0,4.003671664915922
15.0,3291.0300445358675,172.36273538893502,0.7856023785400139,10.0,5.0,0.663574018712915,0.0,0.0,0.0,19.093628545112647
53.0,24584.48887826588,1515.625889623023,3.2674330773268587,32.0,21.0,0.4150933532664373,1.0,1.0,0.0,16.220684171857677
44.0,15840.196376934799,2297.1469413080094,6.380884618623088,29.0,15.0,0.5775245215485945,0.0,1.0,0.0,6.895595615627137
17.0,5183.5634307170485,307.87534739016115,1.009707120514339,10.0,7.0,0.37002222995645306,0.0,0.0,0.0,16.836565430320327
34.0,13689.823126043038,1316.2855738071798,3.2691225516497897,14.0,20.0,0.34210058043066904,0.0,1.0,0.0,10.40034427061831
8.0,6832.90817445917,980.6530236517959,1.1481530248773353,4.0,4.0,0.3622538257225365,0.0,1.0,0.0,6.967712340308203
7.0,3700.718238111305,220.2775536844684,0.4166604363206596,3.0,4.0,0.5117821066464616,1.0,1.0,0.0,16.800251211307327
57.0,19474.52835770931,1293.4992928672068,3.7859432762202823,18.0,39.0,0.6378164162036786,0.0,1.0,0.0,15.055693083945586
48.0,6445.1672607609125,1075.5204610865385,8.009874692694792,22.0,26.0,0.6997118900691623,1.0,1.0,0.0,5.992603110729961
10.0,1557.2749073046275,128.13664267607604,0.8228260923940419,4.0,6.0,0.5490732175311122,1.0,1.0,0.0,12.153236379396578
18.0,7068.7326811725525,952.7447837340582,2.426093457019558,5.0,13.0,0.5134414127388665,0.0,0.0,0.0,7.419334959219954
13.0,4852.411241239483,68356.47820543262,183.1325030983224,8.0,5.0,0.614753036186069,1.0,0.0,0.0,0.07098685257974333
24.0,10924.556610074469,567.8568139568873,1.2475164001070058,9.0,15.0,0.3254976810218235,0.0,1.0,0.0,19.238224040935574
18.0,820.1383184309349,74.45582095430531,1.6341204246395131,9.0,9.0,0.6237588941383759,0.0,0.0,0.0,11.015100067653092
21.0,10114.937300804559,843.7037918608456,1.7516450277619078,13.0,8.0,0.6033518163967309,1.0,1.0,0.0,11.988730403232374
32.0,22577.47056094149,1878.6638814791186,2.6627094494514925,17.0,15.0,0.5118166104419818,0.0,0.0,0.0,12.017833942262033
12.0,9894.81899367407,896.6517951570899,1.0874197444909321,4.0,8.0,0.30919479029856,0.0,0.0,0.0,11.035297143347085
53.0,6418.870832078324,1099.7894061407483,9.080855504080409,29.0,24.0,0.38087879220986565,0.0,0.0,0.0,5.836454503233189
44.0,14947.743718695434,769.1960598287448,2.2641963408922137,27.0,17.0,0.44788503976172456,1.0,1.0,0.0,19.43294369191572
46.0,15141.048479034276,1215.925325041208,3.694101173333212,30.0,16.0,0.6764888903715782,0.0,0.0,0.0,12.452284829679934
11.0,5820.58714055643,433.24440898137874,0.818764221497349,5.0,6.0,0.5553955296760191,0.0,1.0,0.0,13.43488114305153
43.0,11009.9567762625,1206.819837591065,4.713302156489642,13.0,30.0,0.5040370452995306,0.0,1.0,0.0,9.123115508475145
50.0,41822.63248726681,7219.717620467005,8.631352441366642,27.0,23.0,0.49537056816232583,1.0,1.0,0.0,5.792834939791112
12.0,6104.453932045775,4576.868318597375,8.99710611867333,5.0,7.0,0.6119902926476598,1.0,0.0,0.0,1.3337621943898406
45.0,21391.683396307093,3039.846873527087,6.394686513186424,28.0,17.0,0.4294520955858433,1.0,0.0,0.0,7.03709242152933
22.0,18007.940428644222,5053.947265268029,6.174322948061175,13.0,9.0,0.3378099215140573,0.0,0.0,0.0,3.5631437139044224
47.0,23349.152333616526,1761.0490545483415,3.5448526944854617,29.0,18.0,0.5708173231159082,0.0,1.0,0.0,13.258660951727386
29.0,16821.759757692394,956.5357555810394,1.6490270525451522,20.0,9.0,0.43160640316156434,1.0,1.0,0.0,17.586127501814254
48.0,16792.336576396327,2757.3807003921647,7.881825916046964,26.0,22.0,0.4302371347927026,1.0,1.0,0.0,6.089959422000763
10.0,2258.995869891233,337.61665545853486,1.4945430399338915,7.0,3.0,0.48188609443765185,0.0,1.0,0.0,6.691008377010228
24.0,9070.264168779693,675.6867048393191,1.7878730557773173,13.0,11.0,0.39709360869413945,0.0,1.0,0.0,13.423771851388784
17.0,15935.717852412403,5262.847244640452,5.614331527923209,6.0,11.0,0.6686810119228508,1.0,0.0,0.0,3.0279651131126646
16.0,10025.66703451826,539.2382663329569,0.8605723920036292,10.0,6.0,0.638788168868999,1.0,0.0,0.0,18.592276662220097
19.0,10543.23238102199,1442.550651323218,2.5996261283661806,11.0,8.0,0.6964353323892245,0.0,0.0,0.0,7.308743281458387
24.0,7313.407727111041,3534.8762171872386,11.600205045043515,17.0,7.0,0.685819518372265,0.0,0.0,0.0,2.0689289462391542
9.0,6140.251441770923,1737.0142623555346,2.546007848286263,4.0,5.0,0.4257821380854203,0.0,1.0,0.0,3.534945898166798
43.0,9823.837840901395,526.5134632418954,2.3046063347198062,19.0,24.0,0.45223918347231407,0.0,1.0,0.0,18.65828421634879
33.0,6157.427432096284,1236.4238118482865,6.626466367806223,21.0,12.0,0.5793031961200291,1.0,1.0,0.0,4.9800298029619485
50.0,19411.128771183543,1463.6362816294393,3.7700957499242786,16.0,34.0,0.3063383610212927,1.0,1.0,0.0,13.262262636434164
42.0,37417.72366047616,11820.492328228565,13.268062009608686,23.0,19.0,0.6975555541555143,0.0,1.0,0.0,3.165496209588389
10.0,8795.788464785222,2242.491386544857,2.5495058180660948,5.0,5.0,0.3043372328264466,1.0,0.0,0.0,3.922328762358115
6.0,2458.5156860993475,139.7614287752847,0.341087338752014,2.0,4.0,0.5125943700409245,1.0,0.0,0.0,17.59080246705455
26.0,9494.16510537048,3161.2835519224127,8.65725121037648,10.0,16.0,0.5674801248521482,1.0,0.0,0.0,3.003262741046108
29.0,4985.900164753278,11757.140852701623,68.38425830077145,18.0,11.0,0.6656585231820544,1.0,1.0,0.0,0.4240742053887693
15.0,7734.0921765602525,769.5918779376381,1.4925964037577226,5.0,10.0,0.557654528311244,1.0,1.0,0.0,10.049602131049213
47.0,25022.91986868832,1449.6460297541385,2.722838252129846,28.0,19.0,0.5387875198813604,1.0,1.0,0.0,17.261399924595548
35.0,23026.893779378384,3513.667313855598,5.3406402601760625,21.0,14.0,0.42014371966012287,1.0,0.0,0.0,6.553521356041713
45.0,30696.367619926477,11775.329295466396,17.262297117917335,25.0,20.0,0.5363685579848145,1.0,0.0,0.0,2.606837299381924
8.0,3684.1249317365873,187.53017152733514,0.4072178332756788,4.0,4.0,0.5998806051969097,0.0,1.0,0.0,19.645505049834473
49.0,29949.07317264393,2210.111089581443,3.6159864702728055,15.0,34.0,0.5062366715820703,0.0,0.0,0.0,13.550935658313795
13.0,4678.338943599006,274.8523885274232,0.7637499321730976,8.0,5.0,0.6118541193148498,1.0,1.0,0.0,17.02127810736572
27.0,16400.0296801477,1089.3295905347784,1.7934052265796954,9.0,18.0,0.32784521874967393,0.0,1.0,0.0,15.055158532962029
27.0,10760.946777803383,769.7423511266298,1.9313396775912146,11.0,16.0,0.4341509803998378,0.0,0.0,0.0,13.979933366084344
49.0,29002.69345647599,3755.8267125895895,6.345462678942901,33.0,16.0,0.6839255736256158,1.0,1.0,0.0,7.72205313926186
18.0,10362.604771027314,1589.2144899474122,2.760489418551619,8.0,10.0,0.42937776522625115,1.0,0.0,0.0,6.520582864412605
15.0,7706.410877085193,536.9077492765584,1.0450540942600908,6.0,9.0,0.5487421207262343,0.0,0.0,0.0,14.353323988094758
21.0,13837.06681626929,964.3614045292351,1.4635753201178885,14.0,7.0,0.5079539030667266,0.0,0.0,0.0,14.348424513135742
22.0,4090.2440860129846,215.11480132416344,1.1570276808943896,7.0,15.0,0.6746496053290858,1.0,1.0,0.0,19.01423826177941
12.0,3444.2010762697446,302.2617465250983,1.0531153315327249,4.0,8.0,0.36510875056242087,0.0,0.0,0.0,11.39476336607403
12.0,5351.856783472718,902.8569014279423,2.0243970000454956,6.0,6.0,0.41975523980390367,0.0,1.0,0.0,5.9276910604640864
15.0,3170.2098369800315,322.9602370998979,1.5281018625294809,9.0,6.0,0.6449509221723444,0.0,0.0,0.0,9.816099546643025
29.0,12140.185815582709,987.5215604174833,2.3589527942272634,19.0,10.0,0.5664810179092794,1.0,0.0,0.0,12.293590643682087
21.0,8926.552760674289,1042.4246467187788,2.452337219977488,13.0,8.0,0.5172197442676199,0.0,0.0,0.0,8.563259501559404
24.0,18286.48217600013,1154.952312847496,1.5158112556344587,17.0,7.0,0.4579601567964754,0.0,0.0,0.0,15.833105811022987
43.0,22725.789839706576,1940.2138376278963,3.6711241108210797,13.0,30.0,0.464526173208204,0.0,0.0,0.0,11.713033583705963
15.0,10588.288728191636,44443.2748088725,62.96098824337065,8.0,7.0,0.6739690731058005,0.0,0.0,0.0,0.23824276617162843
54.0,30258.086963144953,2649.962925501447,4.729248023887789,19.0,35.0,0.5684302418135248,1.0,1.0,0.0,11.418305770228569
45.0,17678.99455891141,1393.100358279539,3.5459887672729384,30.0,15.0,0.6716393545660546,1.0,1.0,0.0,12.690395529540126
12.0,6320.92033859163,345.22698425185143,0.6553988326239943,8.0,4.0,0.6888744435151972,0.0,0.0,0.0,18.30946196830421
20.0,12917.705335728693,1555.6476768436569,2.408551110917413,8.0,12.0,0.5188032024412779,1.0,0.0,0.0,8.303747389600561
12.0,8864.163183462195,770.0849854075764,1.0425146326425736,8.0,4.0,0.5439555780925249,1.0,1.0,0.0,11.5106298024636
17.0,8050.145786022927,845.0532753131797,1.7845522382050363,9.0,8.0,0.5625459716284266,0.0,1.0,0.0,9.52619914175176
23.0,3921.4510382764574,367.98519248408974,2.158297870997768,8.0,15.0,0.6356676011519409,1.0,1.0,0.0,10.656545747954263
9.0,1407.9559366405765,1010.9424495000148,6.462192323439734,5.0,4.0,0.5636286850425205,0.0,1.0,0.0,1.3927162098464794
2.0,869.4349559532452,48.434304428892005,0.1114155903147207,1.0,1.0,0.3458589688729721,0.0,1.0,0.0,17.950809167285374
27.0,1080.0,59.29919493366547,1.4824798733416367,11.0,16.0,0.6769720438216665,1.0,1.0,0.0,18.21272617964093
42.0,36078.87751218938,3284.7387000516487,3.8238170063788512,13.0,29.0,0.5643737433814534,1.0,0.0,0.0,10.983789216360522
19.0,11768.346279318988,1055.1464323221132,1.703534357189248,13.0,6.0,0.6479669087158167,0.0,1.0,0.0,11.153282538632864
51.0,19016.196503128103,15870.06794034607,42.56232127305322,24.0,27.0,0.4698950983127872,1.0,1.0,0.0,1.198242917081893
23.0,6395.621067559539,533.897727495676,1.9200086438339057,11.0,12.0,0.4898865431562469,1.0,1.0,0.0,11.979112736739149
54.0,38103.68623654199,4424.704196583765,6.270627601021502,32.0,22.0,0.5755425410890134,0.0,0.0,0.0,8.611578208089291
15.0,4159.088533046983,292.98804889613496,1.056678812802848,8.0,7.0,0.6105615945328193,1.0,1.0,0.0,14.195420423177024
33.0,9779.703360233054,9877.0706726897,33.32854997669303,14.0,19.0,0.33138348399281986,1.0,0.0,0.0,0.9901420860816691
46.0,15953.297351754436,1120.9290875784245,3.2321053692976522,16.0,30.0,0.4629371334104177,0.0,0.0,0.0,14.232209270453321
5.0,2614.0874145743255,452.7709401652611,0.866021039772669,3.0,2.0,0.6079425521175356,0.0,1.0,0.0,5.7735317854546615
55.0,34328.77183062138,2630.2505991184203,4.2140681194563605,27.0,28.0,0.6968943720585243,0.0,0.0,0.0,13.051521342539504
23.0,16986.29227371205,1352.2865671868033,1.8310406146390628,13.0,10.0,0.3046569804785013,1.0,1.0,0.0,12.561163207476854
30.0,21269.827793680208,4648.64721916949,6.556678217043278,19.0,11.0,0.40592329097669394,0.0,0.0,0.0,4.575487618413039
38.0,19005.880190184038,2150.710417080612,4.30009002641576,12.0,26.0,0.48593943276152274,0.0,1.0,0.0,8.837024287064523
39.0,27460.071395299405,1642.2619872659095,2.332412635836562,25.0,14.0,0.38917668070731165,0.0,1.0,0.0,16.720883518113826
3.0,1097.4002316141837,90.45834489673148,0.2472890262571063,2.0,1.0,0.31076887942306125,0.0,1.0,0.0,12.13155328971574
52.0,7062.993449595548,4969.2877800085225,36.585474190867366,35.0,17.0,0.5158172096421365,1.0,0.0,0.0,1.4213291244693087
38.0,13899.403855000139,1564.1858064482924,4.27637481902885,15.0,23.0,0.5597594436158658,1.0,1.0,0.0,8.886031184850554
59.0,19986.12593153981,3187.6609308360903,9.410127583682224,25.0,34.0,0.46642482439924526,0.0,0.0,0.0,6.2698406026194435
29.0,10834.474983564774,843.0952625128085,2.256663350089434,16.0,13.0,0.4479512318753357,1.0,0.0,0.0,12.850831294287072
37.0,11400.627003610021,926.0858711633324,3.005551994832669,25.0,12.0,0.694244224071794,1.0,0.0,0.0,12.310550628840454
27.0,11010.008281069555,42766.92586974711,104.8779409610943,19.0,8.0,0.49101140928806775,1.0,0.0,0.0,0.25744212512730363
53.0,33072.182469391926,2716.730063614163,4.353710055416189,25.0,28.0,0.6192277812966753,1.0,1.0,0.0,12.173525412898336
50.0,42152.57102662572,2865.5236529569224,3.398990361877228,26.0,24.0,0.41486966887832083,0.0,0.0,0.0,14.710250596999488
54.0,8366.258078002547,543.752035815492,3.509646685564226,20.0,34.0,0.6320753012287328,0.0,0.0,0.0,15.38616414641143
31.0,7516.045313215386,6127.710631509784,25.273800470947176,18.0,13.0,0.6294798756799587,1.0,0.0,0.0,1.226566619279725
47.0,16060.405167955225,2629.4111822596424,7.694844823266523,30.0,17.0,0.4070808485772093,1.0,0.0,0.0,6.107985421341885
22.0,14369.264260721007,1699.6181228109335,2.6021929879911845,14.0,8.0,0.5623419808566821,0.0,0.0,0.0,8.454407533002902
28.0,12852.294319350922,3534.3013033338934,7.699826508357366,12.0,16.0,0.5728059906749403,0.0,1.0,0.0,3.6364455705084904
46.0,16338.19514744667,1934.9704316405696,5.447886933176732,32.0,14.0,0.47704621157748706,0.0,1.0,0.0,8.443640729741947
6.0,3860.0796092465057,2627.630796393658,4.084315966073937,2.0,4.0,0.6095120251509754,0.0,1.0,0.0,1.4690342397205671
43.0,29724.956290540933,12875.277015797936,18.625322986782304,21.0,22.0,0.4227541044787957,1.0,1.0,0.0,2.3086847959906787
2.0,992.4960162305479,74.11963276711562,0.14936006100783844,1.0,1.0,0.49370873564704626,1.0,1.0,0.0,13.390460518726218
35.0,11786.465413656193,2228.772857177535,6.618358198449567,18.0,17.0,0.6960606823319161,0.0,1.0,0.0,5.2883206001450915
29.0,16067.621489965277,1128.1424506917758,2.036152711868009,17.0,12.0,0.3714702686611997,0.0,1.0,0.0,14.24254665721747
29.0,13147.044390975112,13019.90329154464,28.719549750207374,16.0,13.0,0.3591130888068996,0.0,0.0,0.0,1.0097651339325262
30.0,13553.920537287237,1202.0228447412157,2.660535395868115,10.0,20.0,0.3568794749587587,0.0,1.0,0.0,11.275925908217882
30.0,11925.598688388984,1517.3674092156166,3.8170848664217365,11.0,19.0,0.6992437087338287,0.0,1.0,0.0,7.859400838557463
25.0,17124.916236610443,1073.6907819382066,1.5674394652553403,13.0,12.0,0.3639653106374381,0.0,0.0,0.0,15.949579268713533
28.0,15399.329267430046,981.4845232138111,1.7845950412990317,16.0,12.0,0.37609569473277626,1.0,0.0,0.0,15.689834025100959
34.0,24042.765996849488,3187.674825731978,4.507840075018376,17.0,17.0,0.577914634162969,0.0,0.0,0.0,7.542414867027287
46.0,35294.200538398756,2829.615283384131,3.6879232579318058,20.0,26.0,0.6037986499219565,0.0,0.0,0.0,12.473144581049901
34.0,20121.069228293156,4384.057330104914,7.4080530975943315,11.0,23.0,0.5108245221864651,1.0,1.0,0.0,4.589599932948787
39.0,15549.478503895814,1337.116079449695,3.353651190647513,24.0,15.0,0.6930676476670473,0.0,1.0,0.0,11.629116381799383
50.0,35403.26232219785,21183.947556215804,29.918072751919063,25.0,25.0,0.31556355212849746,1.0,0.0,0.0,1.6712306442530729
59.0,34994.84348688458,4013.0065356433624,6.765779240924292,30.0,29.0,0.5483283476195131,0.0,0.0,0.0,8.720355468166272
8.0,8165.388442892223,2209.5985102132727,2.1648434983020812,4.0,4.0,0.5425877277606468,1.0,1.0,0.0,3.695417246685277
43.0,24166.884841054303,1367.4114886783445,2.433027442299165,17.0,26.0,0.42849791491456335,1.0,0.0,0.0,17.673454582725878
15.0,9593.064117042251,1074.76023917681,1.6805270340070162,6.0,9.0,0.659776188031139,1.0,1.0,0.0,8.925771318438294
13.0,7255.102117369683,612.9723870150298,1.0983499477033407,4.0,9.0,0.5211526824420347,1.0,0.0,0.0,11.835936285318821
47.0,22568.473236439688,3117.3568663925003,6.4920551419437205,27.0,20.0,0.39853610726328587,1.0,0.0,0.0,7.239618113583707
5.0,2241.2084504124336,385.72469293694905,0.8605283744712967,2.0,3.0,0.3353434064802969,1.0,0.0,0.0,5.810383653034067
51.0,28501.287215517383,6954.50240860234,12.444336992808374,21.0,30.0,0.3428475574152704,0.0,1.0,0.0,4.0982496720775945
46.0,27794.81691668747,1523.685102543905,2.5216757112344657,32.0,14.0,0.6589316985080078,1.0,0.0,0.0,18.241838074207042
59.0,43121.77721580421,2695.221856442206,3.6876515718329377,27.0,32.0,0.4001235049353664,1.0,0.0,0.0,15.999342359417705
40.0,22470.804466430112,8296.218605155625,14.767995720935803,20.0,20.0,0.6628021206446971,0.0,1.0,0.0,2.7085598313990658
52.0,21185.95257557762,1417.3897087107996,3.4789214499576064,24.0,28.0,0.3480471635195967,0.0,0.0,0.0,14.947161282021376
8.0,3477.0336054416266,413.947897911803,0.9524162142441565,3.0,5.0,0.6935741028039817,1.0,1.0,0.0,8.399689001881232
53.0,12476.868405226283,34933.23523656915,148.39152000373977,16.0,37.0,0.6333396283449237,0.0,0.0,0.0,0.3571632664633686
11.0,9154.670455859083,864.3879384301467,1.0386247510030495,7.0,4.0,0.34649149663880574,0.0,1.0,0.0,10.590928041505629
20.0,7835.305545916606,2962.9507971142384,7.563076589038419,10.0,10.0,0.33442260112653627,1.0,1.0,0.0,2.6444264796930783
9.0,6241.392828248232,1472.6554251965852,2.1235482514067665,5.0,4.0,0.6213748729686066,1.0,1.0,0.0,4.238189546217213
25.0,13882.754287212669,996.1780405040791,1.7939128286338206,17.0,8.0,0.3312265021158714,1.0,1.0,0.0,13.936017180410655
45.0,25233.586477554665,4871.364125166374,8.687286122703004,14.0,31.0,0.4048723942699039,1.0,1.0,0.0,5.179983640966862
17.0,8100.677224074055,453.99317461693306,0.9527455242323956,10.0,7.0,0.6204999237067083,1.0,0.0,0.0,17.843169626744242
49.0,16779.5708914586,1274.9913851341366,3.72325241662613,17.0,32.0,0.6630320049393297,1.0,1.0,0.0,13.16053668056219
37.0,11332.838036359384,680.4851839269851,2.2216810762246397,18.0,19.0,0.6070608233034749,0.0,1.0,0.0,16.65405552397064
38.0,32136.33695491752,2607.827262583646,3.0836568622365848,24.0,14.0,0.655957128301148,0.0,0.0,0.0,12.323031289687172
56.0,29276.364082977154,1684.1419153747795,3.221436480079358,18.0,38.0,0.5239553252149708,1.0,0.0,0.0,17.383549340889218
27.0,19576.445829413315,2694.39837883364,3.7161370793468733,19.0,8.0,0.6118444648198033,0.0,1.0,0.0,7.265609266691896
21.0,16316.609138110052,1482.6064099037712,1.9081620662996113,11.0,10.0,0.43767453139576956,0.0,0.0,0.0,11.005354508867315
59.0,24652.006224829274,2383.6756982934517,5.704885229895224,27.0,32.0,0.6140856275984061,1.0,0.0,0.0,10.342013488864454
34.0,19879.839208309342,1099.5106429869174,1.8804660072869082,10.0,24.0,0.5718963629697948,0.0,1.0,0.0,18.08062462615551
37.0,18833.079738635974,5638.541282586379,11.077637346147943,20.0,17.0,0.529932025463624,0.0,0.0,0.0,3.34006240174184
19.0,5102.587548535822,440.5499911553904,1.6404323791277824,9.0,10.0,0.6969205282729,1.0,1.0,0.0,11.582312225574514
14.0,6480.656067468083,429.15687606381414,0.9270969177107913,5.0,9.0,0.48791180994993644,0.0,1.0,0.0,15.100902324828258
11.0,6792.5144985263005,913.8945374046268,1.4799879946714805,5.0,6.0,0.5476988950282206,0.0,1.0,0.0,7.432492722646524
14.0,5602.718085969597,322.7697278757377,0.8065328508275846,4.0,10.0,0.5039622747455388,1.0,0.0,0.0,17.358251416088727
13.0,5655.407692033161,754.8953522991328,1.7352665120347233,9.0,4.0,0.4042045358303832,1.0,1.0,0.0,7.491644603200794
45.0,20939.698301529195,5969.961521072359,12.829615048877622,19.0,26.0,0.43214619238669016,0.0,0.0,0.0,3.5075097599235256
5.0,4611.529331310104,394.08836644277994,0.4272859805608372,2.0,3.0,0.6915143071823764,1.0,0.0,0.0,11.701764690330384
38.0,5061.228078006259,599.6479993665313,4.502192674332984,23.0,15.0,0.4568441832058827,0.0,0.0,0.0,8.440331800244385
57.0,34218.733608910756,96925.2286626678,161.45360891828534,33.0,24.0,0.571762506974698,1.0,1.0,0.0,0.3530425884059907
46.0,20669.280489280085,14321.047635559049,31.871849219781975,30.0,16.0,0.5268389054674857,1.0,1.0,0.0,1.4432799202453892
25.0,9296.725457487832,2356.118703529315,6.335883301877098,17.0,8.0,0.6559221087238054,0.0,0.0,0.0,3.9457797451214707
5.0,2222.1242928437346,144.31128353260368,0.3247146975471908,2.0,3.0,0.6030760312252019,1.0,1.0,0.0,15.398132692387138
50.0,31673.762438334226,1774.8194643162124,2.8017187218784243,23.0,27.0,0.33226056239994284,0.0,1.0,0.0,17.84618834487328
2.0,1289.8094376082242,117.94661954030124,0.1828899930504729,1.0,1.0,0.44217674857549755,0.0,0.0,0.0,10.935535436583738
41.0,22025.340403964976,10215.688288955198,19.01642436235689,13.0,28.0,0.5847654171031236,1.0,0.0,0.0,2.156030977156763
40.0,28741.930531653015,2683.238231726185,3.734249136495795,23.0,17.0,0.36454272320468023,0.0,1.0,0.0,10.711658097224827
13.0,9798.965787261499,572.3919332486375,0.7593755600111998,4.0,9.0,0.5013756726239078,1.0,0.0,0.0,17.119328938909053
44.0,29184.108289165404,1945.3376342592112,2.9329268881304955,29.0,15.0,0.42710761933154706,1.0,0.0,0.0,15.002078700995664
12.0,4689.138117246675,800.548267157766,2.0486876192791468,7.0,5.0,0.3259016919174012,0.0,1.0,0.0,5.85740836576263
15.0,8983.324647638628,3562.5244884955073,5.948562411298291,8.0,7.0,0.6988584351354495,0.0,0.0,0.0,2.5216176553027383
49.0,29392.166459557982,1631.2125584644925,2.719412176531412,23.0,26.0,0.6717458398036585,0.0,0.0,0.0,18.018599910256746
58.0,19538.675369700002,1143.343365284806,3.3939821370570695,40.0,18.0,0.5990104617233303,1.0,1.0,0.0,17.08907049531261
17.0,3163.9077602155226,2820.8336435075303,15.156627681320717,10.0,7.0,0.38041033410133834,0.0,1.0,0.0,1.1216215346472544
55.0,5249.468164879889,318.49112265895985,3.336911701538739,34.0,21.0,0.695410477435788,0.0,1.0,0.0,16.482306072000057
54.0,27754.439293211235,13951.216032796732,27.143969936200353,34.0,20.0,0.5523169131864085,1.0,1.0,0.0,1.989392123809543
46.0,25741.965376775646,19612.799188794263,35.047392437971695,14.0,32.0,0.6864301751469176,1.0,1.0,0.0,1.3125084863706387
10.0,2636.436844695171,173.63155840468028,0.658584174902759,3.0,7.0,0.3170315629167478,0.0,0.0,0.0,15.184087898067876
19.0,13474.922863695178,1253.5515229152293,1.7675410224098291,7.0,12.0,0.36938828693406833,0.0,1.0,0.0,10.749396907402913
41.0,21748.18882423058,2613.8917760531513,4.927746567051002,23.0,18.0,0.5708987540846318,1.0,1.0,0.0,8.320233080601861
59.0,45423.54085600116,2512.079040922705,3.262904225901148,32.0,27.0,0.6628718844582694,1.0,0.0,0.0,18.082050809721636
49.0,28131.25152583919,1675.0669005967056,2.9176902440279924,21.0,28.0,0.37031288511712407,0.0,1.0,0.0,16.794106262751686
26.0,7455.065426228413,6214.686898162624,21.67410346041376,18.0,8.0,0.42683929585004987,1.0,1.0,0.0,1.1995882573637793
15.0,8874.843639870447,719.1383555092413,1.2154665220441094,5.0,10.0,0.535270932603436,0.0,1.0,0.0,12.34094047672639
57.0,36139.261921541955,2338.091623944138,3.6877129049881154,35.0,22.0,0.6998644080624925,1.0,0.0,0.0,15.456734693988793
18.0,7028.555090806779,637.0895761172424,1.631574658226666,9.0,9.0,0.619866034713232,1.0,0.0,0.0,11.032287066510294
21.0,4443.209411298524,225.99148147451675,1.0681065580426672,10.0,11.0,0.6694251115931564,0.0,0.0,0.0,19.660959706569955
57.0,29643.375133095313,2157.977385913377,4.1494840059468805,18.0,39.0,0.5700050138390971,1.0,1.0,0.0,13.736647717718588
34.0,10194.256479849942,4791.315118057313,15.980048602460371,20.0,14.0,0.6509485082666608,1.0,1.0,0.0,2.1276531033056547
17.0,12311.018054407847,3073.11001533861,4.243586519804615,10.0,7.0,0.5028180129268226,0.0,1.0,0.0,4.006045339399071
2.0,837.129327829363,50.63200516478974,0.1209657898286186,1.0,1.0,0.3496634539768768,0.0,0.0,0.0,16.533600142929266
26.0,21967.925753765154,1101.9613735527535,1.3042194348941205,13.0,13.0,0.5838229676925983,0.0,1.0,0.0,19.935295629228786
59.0,4434.927723277737,2204.382642702696,29.32597418370919,32.0,27.0,0.5405899689599583,0.0,0.0,0.0,2.0118683741041745
27.0,14227.8962623838,6935.1262780466295,13.160653272565163,12.0,15.0,0.49414002564594345,1.0,1.0,0.0,2.051569891008715
42.0,33006.898176851086,2160.1978615475687,2.748768142309988,23.0,19.0,0.4099963662071092,0.0,0.0,0.0,15.279571730158505
16.0,5151.026189160651,3861.721322613911,11.995190646058573,8.0,8.0,0.613681204876943,0.0,0.0,0.0,1.3338679202449644
46.0,21535.351392231274,15189.548263703795,32.445220298677484,30.0,16.0,0.6281640325665949,1.0,0.0,0.0,1.417774315493707
46.0,19292.071427850795,1084.9281314112695,2.586901786651646,27.0,19.0,0.44567425097403934,0.0,1.0,0.0,17.781888836042768
37.0,13440.119448073108,839.0125143470061,2.309760947495886,13.0,24.0,0.6711066238378236,0.0,0.0,0.0,16.018973755753095
46.0,25250.528298251385,1431.664242311168,2.608125832791955,29.0,17.0,0.447896677747444,1.0,0.0,0.0,17.637185837294425
35.0,8432.048793006274,647.2379136675258,2.6865744654078108,15.0,20.0,0.343024997925113,1.0,0.0,0.0,13.027742372548436
23.0,10989.543605880963,1694.7137625105668,3.546863995051083,16.0,7.0,0.3666113470042316,0.0,1.0,0.0,6.484601617680226
44.0,26540.749291624245,1463.8368096492522,2.4267897984663644,24.0,20.0,0.4978061881635668,1.0,1.0,0.0,18.130948147139183
50.0,22849.062886133568,3802.1353497844702,8.320112226772931,16.0,34.0,0.33194519734045475,1.0,1.0,0.0,6.009534323239913
50.0,14997.958000142246,2704.0686688817786,9.014789442856596,30.0,20.0,0.5873650176053362,1.0,0.0,0.0,5.5464412471242435
14.0,9884.519116084204,557.3865353789341,0.7894578788974443,5.0,9.0,0.6180383421191369,0.0,1.0,0.0,17.733688362895787
41.0,26488.10708525817,1943.0244311765293,3.0075384934763543,27.0,14.0,0.5197873330781245,1.0,0.0,0.0,13.632410720239497
2.0,583.5251314785035,32.565224948725586,0.11161550100237716,1.0,1.0,0.6573393811920836,1.0,0.0,0.0,17.918658089949393
35.0,8441.24704484221,2671.08568680543,11.075140739461395,20.0,15.0,0.6817145866985007,1.0,0.0,0.0,3.1602307206167493
35.0,10836.529088043231,568.8968084052494,1.8374322748926575,18.0,17.0,0.4790324350842632,1.0,0.0,0.0,19.048321115424347
23.0,14008.256561241189,1141.275984073614,1.8738482921794317,12.0,11.0,0.3356508672892407,1.0,0.0,0.0,12.274206026171525
59.0,32751.76020775804,2448.3088768742336,4.410456806573812,28.0,31.0,0.3925056438568294,1.0,0.0,0.0,13.377299129663882
53.0,34874.87675192457,1907.2412782006654,2.8984701068243046,18.0,35.0,0.5630464174853964,0.0,0.0,0.0,18.285508577512708
4.0,1739.0798255595082,227.44897422191545,0.5231478644719234,3.0,1.0,0.46231375321992085,1.0,0.0,0.0,7.646021845157841
14.0,4410.7441349997,306.1842810720487,0.9718496026541729,6.0,8.0,0.5740037576598578,0.0,1.0,0.0,14.405521144182451
14.0,9572.770167560597,746.4267362857807,1.091635349547295,6.0,8.0,0.5666940744611155,1.0,0.0,0.0,12.824795391433456
54.0,21022.756054727426,1333.4517594206563,3.425164370516644,20.0,34.0,0.5421472546446855,0.0,0.0,0.0,15.765666741375906
32.0,17193.907557465463,958.1976830109701,1.7833250384690882,22.0,10.0,0.3631330267595936,0.0,1.0,0.0,17.94400869707448
44.0,8360.661415784707,613.9773800548583,3.2312042527413145,30.0,14.0,0.4143661184228491,1.0,1.0,0.0,13.617214065830389
48.0,18529.819926501128,13241.174266450196,34.30019111414114,21.0,27.0,0.45114465061832487,0.0,0.0,0.0,1.3994091123361339
46.0,32286.44615266192,8717.467100562071,12.42018042895668,19.0,27.0,0.6297671959726356,1.0,0.0,0.0,3.703649899703115
7.0,2497.2156066621997,130.86853099430328,0.36684045803500454,4.0,3.0,0.5728891347053865,0.0,1.0,0.0,19.081864736228326
10.0,6629.007642902999,342.1498008501517,0.5161403022614652,5.0,5.0,0.5579737064010997,1.0,1.0,0.0,19.374576943875663
24.0,960.0,49.61267075720509,1.2403167689301273,16.0,8.0,0.568854937884389,1.0,0.0,0.0,19.34989560828233
21.0,8150.555029498619,10394.153443870553,26.78065745600014,14.0,7.0,0.5012808325805584,0.0,1.0,0.0,0.7841480379823537
45.0,20957.808187096805,2728.937789458295,5.859496347582258,27.0,18.0,0.31585268618722534,0.0,0.0,0.0,7.679840950590894
11.0,9333.588667353291,613.8309696752732,0.7234238519686873,4.0,7.0,0.38044827499958467,0.0,0.0,0.0,15.20547044456052
23.0,6122.310751933522,406.256243507118,1.5262037454914823,13.0,10.0,0.3561208623201605,0.0,1.0,0.0,15.070071782973725
15.0,9512.979886341269,5393.204511710421,8.503967068385135,10.0,5.0,0.32559866575748425,1.0,0.0,0.0,1.7638826537516723
12.0,8536.636274997105,699.1911059159205,0.9828570646222,5.0,7.0,0.4277906591933194,1.0,0.0,0.0,12.209303297435904
12.0,4268.4248466137415,1471.744325631128,4.137575930752169,8.0,4.0,0.6150920766785393,0.0,1.0,0.0,2.900248889890106
13.0,5528.837733191007,559.0599212309371,1.3145220255555472,6.0,7.0,0.34605272145752175,1.0,1.0,0.0,9.889526190712477
34.0,17963.075661920942,3717.731880525112,7.036817431316019,23.0,11.0,0.3445690068327687,1.0,1.0,0.0,4.831729731780373
25.0,5092.575164037354,4585.569903039144,22.51105656437548,14.0,11.0,0.34970560767660697,0.0,1.0,0.0,1.1105653761078171
27.0,11042.442655948675,6707.073755514251,16.399541029206002,9.0,18.0,0.40792867650257647,0.0,0.0,0.0,1.646387539255861
29.0,21901.449837489214,1201.9027561644882,1.5914553688179927,14.0,15.0,0.38088285521904947,0.0,1.0,0.0,18.22231434711167
44.0,26599.3623356069,1784.5109964344606,2.9518934646793578,14.0,30.0,0.30558444658943756,1.0,1.0,0.0,14.905686985820605
51.0,23901.136847270926,1282.2575053955127,2.736067877986234,23.0,28.0,0.4106009254337418,1.0,1.0,0.0,18.639888436370363
32.0,16723.663115753494,1774.1494142647725,3.394757527912257,21.0,11.0,0.6985177858624468,0.0,1.0,0.0,9.426299150054376
39.0,24031.061851132217,2896.9891359003923,4.70152242959635,15.0,24.0,0.43459457714237154,1.0,1.0,0.0,8.295185354108446
44.0,28797.209301609,3999.4871493864043,6.110919732877356,30.0,14.0,0.38450361278952905,0.0,1.0,0.0,7.200225485416806
42.0,16326.12116201554,1322.4535677057452,3.40209712352669,14.0,28.0,0.4982855717968687,1.0,1.0,0.0,12.345326566239196
9.0,7262.497697903405,1028.156698104672,1.2741360710673126,5.0,4.0,0.39174738569979073,0.0,1.0,0.0,7.063609770078105
59.0,45032.908774215,3014.6240133822157,3.9496186595743876,40.0,19.0,0.5238580805282852,0.0,0.0,0.0,14.938151017941024
11.0,6989.966786777068,435.8845380575938,0.6859445924269241,6.0,5.0,0.46026233856033194,1.0,0.0,0.0,16.03628065800645
25.0,8285.200670770544,472.81593105653343,1.426688229545804,16.0,9.0,0.6587365273117797,1.0,0.0,0.0,17.52309963891615
39.0,11542.253527189372,2358.5083670279782,7.969139310396817,27.0,12.0,0.6711677048853002,1.0,0.0,0.0,4.893878558393281
25.0,10866.981017017033,1028.6717679400463,2.366507695028657,14.0,11.0,0.5852245032106587,0.0,1.0,0.0,10.56408988338289
16.0,8194.448312462115,1817.869815303396,3.549466167309944,10.0,6.0,0.38627769909609455,1.0,1.0,0.0,4.507720103760285
55.0,8046.589478850426,10067.81792227552,68.81548849740277,17.0,38.0,0.4895594191493793,0.0,0.0,0.0,0.7992386772358058
6.0,3593.6317602543077,253.58850071851606,0.4233964707066768,3.0,3.0,0.42216926681629896,0.0,0.0,0.0,14.171114818188261
16.0,12119.87924431511,1101.589248085947,1.454257721061243,7.0,9.0,0.6193109876439491,0.0,1.0,0.0,11.002176415005737
59.0,36302.394850004355,2504.935140685172,4.071113597631078,37.0,22.0,0.31166964366148125,1.0,1.0,0.0,14.49234922708402
44.0,16050.73533532273,8926.611373338288,24.47058606483385,25.0,19.0,0.5649966777379314,0.0,1.0,0.0,1.7980770825604153
7.0,2387.835243639313,119.92695256410589,0.3515689242735491,4.0,3.0,0.429290730457651,0.0,0.0,0.0,19.910747272285743
45.0,25198.67109756671,1267.0764506176592,2.262755843632588,30.0,15.0,0.4924018329793527,1.0,0.0,0.0,19.887253910593287
58.0,27221.676902077113,2918.668031474911,6.218674420187095,19.0,39.0,0.42919798851562635,0.0,0.0,0.0,9.32674651879508
7.0,4120.257643958271,237.7821000903151,0.4039734512896066,5.0,2.0,0.4459160109033456,1.0,0.0,0.0,17.327871367917528
26.0,16128.951137549302,3285.4589667911473,5.296186491488695,9.0,17.0,0.5697450555171388,1.0,0.0,0.0,4.909192688320858
29.0,20832.96506758904,1411.0225738619902,1.9641781431131284,13.0,16.0,0.5381977333719001,1.0,1.0,0.0,14.764444916404775
9.0,2462.1778279268606,139.97157621635841,0.5116381813119985,5.0,4.0,0.39763569827793455,1.0,0.0,0.0,17.59055584343064
13.0,7076.20926440821,434.05424492010565,0.7974192075329019,6.0,7.0,0.3174550512590509,1.0,0.0,0.0,16.30259200831153
12.0,5127.659990492823,315.64751053736654,0.7386936991671229,7.0,5.0,0.6424087239412282,0.0,0.0,0.0,16.24489286091109
12.0,5763.275894555132,620.549076437981,1.2920757314934295,7.0,5.0,0.4969226726494121,0.0,0.0,0.0,9.287381310172858
25.0,16822.04426334372,1025.1843412560588,1.5235727673865405,16.0,9.0,0.5474920896996733,1.0,1.0,0.0,16.408799458186518
28.0,19449.504889086962,1406.3718191254254,2.0246485018550255,10.0,18.0,0.49539970898558305,1.0,1.0,0.0,13.829561019774944
15.0,11695.330951150963,4343.822435379963,5.571226398196724,6.0,9.0,0.5475760827732239,1.0,1.0,0.0,2.6924053929768768
18.0,10532.124901325764,4524.14971517706,7.732028971944326,6.0,12.0,0.5507889887194292,1.0,1.0,0.0,2.327978861087176
13.0,6213.956344034935,402.20181469311905,0.8414323019874039,6.0,7.0,0.3060162147017616,1.0,1.0,0.0,15.449846611896065
48.0,21572.366693276315,1721.9310292601626,3.8314150032619754,17.0,31.0,0.5133036466398433,1.0,1.0,0.0,12.52800857101983
14.0,2142.685993294928,205.79887386461206,1.3446600403048377,6.0,8.0,0.5008431875616265,0.0,0.0,0.0,10.41155353796798
54.0,41469.13848490492,2284.817040189101,2.9752274746465437,34.0,20.0,0.33832700651562253,0.0,0.0,0.0,18.149872727434122
33.0,14375.470469014579,1088.322967263524,2.4983292197015796,22.0,11.0,0.5983527443985223,0.0,1.0,0.0,13.208827619580811
48.0,28856.611776027938,3628.3350847774386,6.035361511637936,30.0,18.0,0.3943437478175097,1.0,0.0,0.0,7.953127564511588
38.0,24160.37359564249,2908.1065627664557,4.573937937990176,11.0,27.0,0.32181013910159384,1.0,1.0,0.0,8.307939573114867
17.0,4265.927269229526,351.83993482881715,1.402105219944403,9.0,8.0,0.6212635896333637,1.0,1.0,0.0,12.12462499831082
36.0,11351.905974290632,745.9774598131891,2.3656986425094977,13.0,23.0,0.6460527005249102,1.0,0.0,0.0,15.21749192949265
17.0,13759.86768398868,1216.7346406725544,1.5032476595325408,8.0,9.0,0.39627790252601053,0.0,0.0,0.0,11.308848473635026
8.0,4464.696825093671,437.72483328701844,0.7843306731633852,4.0,4.0,0.575018206780143,0.0,0.0,0.0,10.199779600272635
16.0,6142.125874244749,422.09081766963135,1.0995302312238144,11.0,5.0,0.30198026962499874,1.0,1.0,0.0,14.551669017950928
17.0,8070.420162166351,571.5583774519362,1.2039636377586949,9.0,8.0,0.5884599833529218,0.0,0.0,0.0,14.120027770645375
9.0,6455.22642869911,388.5081830320867,0.5416655303899894,4.0,5.0,0.48592817737625743,0.0,1.0,0.0,16.615419470240543
3.0,2060.5886878405827,1587.6229066740489,2.311411660234556,2.0,1.0,0.6169932425873197,1.0,1.0,0.0,1.2979081362320235
56.0,11579.884262915997,766.3065432888499,3.705837247579656,38.0,18.0,0.45721358906637066,0.0,0.0,0.0,15.111295035035479
31.0,25632.55983076573,2488.713779942828,3.0098487114668693,10.0,21.0,0.44043029100831266,0.0,1.0,0.0,10.299520996486216
25.0,17330.7401549934,11252.793941975133,16.23241973703722,16.0,9.0,0.6363139500549883,1.0,1.0,0.0,1.54012774466138
55.0,25822.772257242552,1899.2569377234872,4.045233042145349,21.0,34.0,0.31545867916606635,0.0,1.0,0.0,13.596250061981918
15.0,3924.832670739839,273.6032763395563,1.0456621948980371,5.0,10.0,0.37486599475056676,1.0,1.0,0.0,14.344976870338758
25.0,17770.043200304626,1692.971635831966,2.381777602829553,16.0,9.0,0.4648515475550343,0.0,1.0,0.0,10.496362032416455
51.0,30359.560503005123,1911.0542020551734,3.2103153896172656,15.0,36.0,0.5385352645565761,1.0,1.0,0.0,15.886289604112768
38.0,7920.732326608984,1311.3904307089065,6.291443052497752,23.0,15.0,0.3020450052468161,0.0,0.0,0.0,6.039949767154565
25.0,11339.609623208114,2780.645744136442,6.130382430550028,8.0,17.0,0.5300590778669498,0.0,1.0,0.0,4.07804900970215
16.0,18003.753416935964,2554.7594408159753,2.270423844763603,9.0,7.0,0.45139701585352016,0.0,1.0,0.0,7.047142337278405
4.0,2013.2014059315372,244.60233432320715,0.4859967484674513,2.0,2.0,0.5520008174799853,1.0,0.0,0.0,8.230507740254753
6.0,2109.635286797212,151.40334121645267,0.43060525816187567,4.0,2.0,0.6627895358356917,1.0,1.0,0.0,13.93387536792327
11.0,3281.3074243253914,193.95221743829686,0.6501903405956817,7.0,4.0,0.47634880465064,0.0,1.0,0.0,16.91812276067064
47.0,40157.73044423655,2782.4865516787704,3.256580152369426,27.0,20.0,0.5218314573198286,0.0,0.0,0.0,14.432317892069596
39.0,26112.524018705968,7416.114694252805,11.076235788951987,18.0,21.0,0.48511596739714286,0.0,1.0,0.0,3.52105180343855
27.0,21100.17121515303,2868.417991854135,3.67045769393772,10.0,17.0,0.3474088012846427,1.0,1.0,0.0,7.3560308417651346
47.0,25832.941670466284,8046.759025230922,14.640131929621893,26.0,21.0,0.6172451950988481,1.0,1.0,0.0,3.2103535832831707
11.0,8258.842317732131,600.636622177562,0.7999914019144826,5.0,6.0,0.6540782882295164,1.0,0.0,0.0,13.750147781183124
14.0,4624.70290926585,924.7502737163603,2.799423895119836,5.0,9.0,0.6245866325133917,0.0,0.0,0.0,5.001028970427037
24.0,12780.43670839228,1213.5473533382708,2.2788842936011307,16.0,8.0,0.67903862974083,0.0,1.0,0.0,10.531469310394344
55.0,30657.5886647001,1934.5982376824045,3.4706872819076984,23.0,32.0,0.4872114071187537,1.0,1.0,0.0,15.847005371733951
37.0,28730.107295876634,2138.4143810847213,2.75395184867584,11.0,26.0,0.5609287022010956,1.0,0.0,0.0,13.43523853468622
51.0,28752.199009432647,4789.988550633394,8.496373303557053,34.0,17.0,0.3673366419952431,1.0,1.0,0.0,6.0025611137693975
16.0,5998.362426444112,896.523516251704,2.391382054006822,8.0,8.0,0.6907232484721043,0.0,1.0,0.0,6.690691674796
51.0,26153.553156987815,1998.8015027224217,3.8977065956182346,30.0,21.0,0.5322216199495877,0.0,0.0,0.0,13.084617517730484
6.0,988.3041570477112,89.74889060809315,0.5448660109425834,2.0,4.0,0.4046652432403518,1.0,1.0,0.0,11.011881599331886
15.0,600.0,304.09770516932883,7.60244262923322,7.0,8.0,0.6221497113475529,0.0,0.0,0.0,1.9730500750273856
32.0,21320.584768693036,1219.2853466685153,1.8300216207336355,18.0,14.0,0.5345964468834259,1.0,0.0,0.0,17.486132206007245
4.0,1700.2048909549248,165.4437475871826,0.3892324941948865,2.0,2.0,0.6798699927875297,0.0,0.0,0.0,10.276634298669892
51.0,22833.54355040127,2405.1633189985523,5.372067151914776,30.0,21.0,0.6079909516194579,0.0,0.0,0.0,9.493552213289435
52.0,34641.84546541279,8641.310567726756,12.971253219475006,20.0,32.0,0.6509059292844788,1.0,0.0,0.0,4.008864765813633
33.0,25720.268541294354,3397.1969192091833,4.35872192212583,13.0,20.0,0.518660003550134,1.0,0.0,0.0,7.571026688462219
19.0,11531.054228344816,1723.6625456292086,2.8401209220274293,6.0,13.0,0.5069233701381788,1.0,0.0,0.0,6.689856003186227
7.0,6199.301962304937,1137.2410228769616,1.2841263756055046,3.0,4.0,0.6029305884842686,1.0,1.0,0.0,5.451176872447065
37.0,22219.899592023852,1954.2978318648952,3.2542460185084483,15.0,22.0,0.34200559019814203,1.0,1.0,0.0,11.369761164203124
33.0,18494.608859627966,1994.588450555618,3.558951658178482,20.0,13.0,0.32161263659342504,0.0,0.0,0.0,9.272393437591628
46.0,25211.57716704231,1417.2172305332485,2.585795889427786,24.0,22.0,0.6934808984285428,1.0,0.0,0.0,17.789493822027612
36.0,8744.431952637962,464.3929420948749,1.9118618574614303,13.0,23.0,0.6665182114827103,1.0,1.0,0.0,18.82981234209086
9.0,6220.797490152221,1404.7204777744698,2.0322931778415554,5.0,4.0,0.6822643764979627,1.0,0.0,0.0,4.428494913100413
9.0,360.0,175.8582477558041,4.3964561938951014,4.0,5.0,0.3249456253985583,1.0,0.0,0.0,2.0471033039058497
47.0,17989.223141607687,1144.5357900432118,2.9903004542542737,22.0,25.0,0.4077205647640195,0.0,0.0,0.0,15.717484152180601
11.0,5550.446771248748,278.95217765090376,0.5528336872005695,7.0,4.0,0.6606169516776071,0.0,1.0,0.0,19.897485002590248
56.0,19154.661977770334,1108.5629940521178,3.240961795043112,33.0,23.0,0.33579183075045305,0.0,0.0,0.0,17.278821393590377
8.0,3277.1905230834855,6268.977420235428,15.303296835698138,4.0,4.0,0.4805738048433591,0.0,1.0,0.0,0.5227631722687577
44.0,38186.50498279961,7542.703670707984,8.691001223092815,18.0,26.0,0.43651654124471,0.0,0.0,0.0,5.062707836593996
58.0,41806.67707506747,45706.42079469499,63.41026342113394,20.0,38.0,0.6519401914002412,0.0,1.0,0.0,0.9146784269732152
27.0,9796.530523643609,596.4566076635756,1.6438807971913387,16.0,11.0,0.5072304529348589,1.0,0.0,0.0,16.424548571971272
5.0,2030.4334890276234,174.300062792227,0.42921884349853656,3.0,2.0,0.4161496728827615,0.0,1.0,0.0,11.649069177031711
52.0,12719.158935060825,1235.02748779621,5.049188369552818,29.0,23.0,0.5097204703152034,0.0,1.0,0.0,10.298684896282724
12.0,7691.985086414728,692.2684377320084,1.079984056060636,8.0,4.0,0.3449784822448672,0.0,0.0,0.0,11.111275145830724
32.0,14401.648317372956,2831.40156586033,6.291283338604537,14.0,18.0,0.5924810930225857,0.0,0.0,0.0,5.086402610996993
59.0,6295.695643444336,522.3479582273633,4.895174621013574,37.0,22.0,0.5473350217839641,0.0,1.0,0.0,12.052685464320314
45.0,23407.052326290523,35368.43808093841,67.99573442464539,24.0,21.0,0.540283512424374,0.0,1.0,0.0,0.6618062203573983
4.0,2351.1831068814604,181.72786522845763,0.3091683751836684,2.0,2.0,0.4751377412033637,0.0,1.0,0.0,12.93793389321825
49.0,33938.781537115516,2308.453653959845,3.332890101559199,16.0,33.0,0.4176976612375963,0.0,0.0,0.0,14.701954912067675
11.0,5338.619451931096,396.1318824647359,0.8162130203035749,6.0,5.0,0.32615226109380857,0.0,0.0,0.0,13.476873961050952
45.0,19145.959534922567,2867.9886659322383,6.740821202068455,19.0,26.0,0.6788130016512215,1.0,0.0,0.0,6.6757444903287935
38.0,34095.611571720416,2062.158259773175,2.298302047069767,22.0,16.0,0.4666215686235606,0.0,1.0,0.0,16.533945156794477
18.0,9023.710161958386,629.9228929919358,1.2565354904300319,10.0,8.0,0.49836868157955433,1.0,0.0,0.0,14.325102742493767
26.0,16741.721524309258,6415.604077550545,9.963473933914711,13.0,13.0,0.45030670191724054,0.0,0.0,0.0,2.6095315923393434
8.0,3136.7365705979864,795.4946446580026,2.0288465460938587,4.0,4.0,0.6951509402694711,0.0,0.0,0.0,3.9431271997393846
59.0,37640.933889302825,2949.844126292674,4.623711089716836,32.0,27.0,0.6184688042474797,0.0,0.0,0.0,12.760312842905861
15.0,3133.113022787706,537.9795186613165,2.5756149622523643,7.0,8.0,0.3383040899125476,1.0,1.0,0.0,5.823851864442721
19.0,7744.143326269192,3183.3699721195685,7.810293136634198,12.0,7.0,0.5432700258829051,1.0,0.0,0.0,2.432687181852427
31.0,8008.699715558467,2549.2168436917914,9.867484730501582,10.0,21.0,0.4938538294609749,0.0,1.0,0.0,3.1416314133403493
40.0,15160.21342504426,4519.955214610774,11.925835310851049,28.0,12.0,0.6173408140878562,0.0,0.0,0.0,3.3540627517809924
31.0,23252.91424943264,2426.7467690385947,3.23525683848561,10.0,21.0,0.6989264048627413,0.0,1.0,0.0,9.581928591026726
31.0,11703.579486317074,961.8848230278761,2.547804246446617,12.0,19.0,0.5977226962409647,1.0,1.0,0.0,12.167339795918473
35.0,22527.79287831859,6311.675632319522,9.806049279856095,20.0,15.0,0.6459715283219973,0.0,0.0,0.0,3.569225383345578
51.0,40976.10485698181,2872.631931907275,3.5753576148492447,17.0,34.0,0.501054200942326,1.0,0.0,0.0,14.264307376746261
24.0,11867.62889470407,2098.16231855666,4.243130290991081,10.0,14.0,0.4494391961443854,1.0,0.0,0.0,5.656201519655492
50.0,34937.6710505628,5576.122872145156,7.9801009976813155,18.0,32.0,0.5573118726021458,1.0,1.0,0.0,6.265584860959518
47.0,28492.208006503544,6319.247663482019,10.424065418722954,28.0,19.0,0.5997673654944389,1.0,1.0,0.0,4.508797490428446
57.0,29827.381008652275,1898.0364082442945,3.627139615058452,30.0,27.0,0.3910135732816122,0.0,1.0,0.0,15.71486241206666
54.0,35103.40836462284,1828.4657507861052,2.8127511014559152,18.0,36.0,0.5013549919439126,1.0,0.0,0.0,19.198285967090698
48.0,41663.405663921796,4218.920132177448,4.860576400740047,23.0,25.0,0.34551639471634604,0.0,1.0,0.0,9.87537198112795
16.0,5960.739479972632,6708.681704999349,18.00764949393199,6.0,10.0,0.3865411253116937,1.0,0.0,0.0,0.8885112965682443
46.0,14175.35171838011,2700.911806939819,8.764646238592904,32.0,14.0,0.6527435560572921,0.0,0.0,0.0,5.248357862688243
44.0,13042.351998232978,4071.7862475392617,13.736678393283706,15.0,29.0,0.3578927930522905,0.0,0.0,0.0,3.2031033078209785
18.0,12579.940691051595,746.0037024186771,1.0674189150261961,10.0,8.0,0.6245393007208848,0.0,0.0,0.0,16.863107582797756
41.0,29760.814509652493,17076.074049340867,23.524861384284424,20.0,21.0,0.44903829730121614,1.0,1.0,0.0,1.742837049292443
16.0,6281.4818133314075,324.9400703437,0.8276774939418107,8.0,8.0,0.5654085502175197,0.0,0.0,0.0,19.331201001733255
32.0,2329.5132835881795,197.56958272524486,2.7139689186359255,22.0,10.0,0.664130548656962,1.0,1.0,0.0,11.79084984366129
48.0,17522.335296738376,1688.263739012362,4.62476365736921,21.0,27.0,0.6123594720331033,0.0,1.0,0.0,10.378908752129558
12.0,7314.850026736791,431.43634457888305,0.7077706468380186,7.0,5.0,0.6303764479193827,0.0,0.0,0.0,16.954644917262776
21.0,10219.762816272101,17045.010304398747,35.02480662490978,10.0,11.0,0.40445962804133717,1.0,1.0,0.0,0.5995750447645504
48.0,25731.338368851524,1654.3019089148565,3.0859837327403383,27.0,21.0,0.44466984145081995,0.0,0.0,0.0,15.554197350669842
28.0,11069.271257656652,4658.292668910691,11.783268445904147,12.0,16.0,0.5931168082158635,1.0,1.0,0.0,2.376250709091905
57.0,40060.61602169132,2381.2263249386046,3.388113164510696,22.0,35.0,0.6108938346485142,0.0,1.0,0.0,16.82352307386162
2.0,1137.2767207018546,107.21878853200324,0.18855356234819376,1.0,1.0,0.6160209070403513,0.0,0.0,0.0,10.607065573795344
43.0,26543.5858623287,20908.17301551527,33.87076050425848,15.0,28.0,0.5960431925617153,0.0,0.0,0.0,1.2695315770838311
49.0,26058.84369366148,1562.9143466049782,2.938841181286637,34.0,15.0,0.39264904449701793,0.0,0.0,0.0,16.673238524086422
55.0,33268.04979971928,55920.52366759312,92.44992779058465,34.0,21.0,0.41563465606237116,0.0,0.0,0.0,0.5949166355714703
11.0,6508.857713998115,2315.911241767792,3.9139008377243334,4.0,7.0,0.6768164030256223,0.0,0.0,0.0,2.8104953232273893
59.0,18548.719387997775,1161.7201069038756,3.6952139322178468,30.0,29.0,0.5215441526981309,0.0,0.0,0.0,15.966599250341247
24.0,13790.702857800614,1479.025979091086,2.573953181661633,14.0,10.0,0.6017801605109492,0.0,1.0,0.0,9.324178920964926
22.0,14482.635956564685,821.3042149949761,1.247610779148205,10.0,12.0,0.5396782718237686,1.0,0.0,0.0,17.633704651878933
22.0,16082.622451257314,1263.6801685902394,1.7286337345320093,10.0,12.0,0.6698007460987271,0.0,1.0,0.0,12.726813992182116
39.0,22745.63575661296,1821.19543098884,3.122648343118517,23.0,16.0,0.6475127272385267,1.0,0.0,0.0,12.48939864968964
40.0,12277.99585014771,2088.0624417537856,6.802616541782477,16.0,24.0,0.40454991654224953,0.0,1.0,0.0,5.880090367333696
29.0,9794.359488470784,3604.9409828560842,10.673825953181247,15.0,14.0,0.6538837887823554,1.0,1.0,0.0,2.716926444857084
6.0,2477.8223024964827,128.8828162034887,0.3120873100713524,2.0,4.0,0.42001574351212523,1.0,1.0,0.0,19.225389198388818
59.0,31735.674116010996,14824.808742341314,27.5608992139499,18.0,41.0,0.4763921805722646,1.0,1.0,0.0,2.1407138984107332
14.0,6657.73891633874,627.8657752018669,1.3202862057648916,8.0,6.0,0.6404934312475612,1.0,0.0,0.0,10.603761471467674
7.0,1926.7751081167207,351.10517605962866,1.2755698483252955,4.0,3.0,0.4296076301356028,1.0,1.0,0.0,5.4877433871538654
36.0,9866.015752931631,1854.651511914593,6.7674181859162115,25.0,11.0,0.41630876727499977,0.0,1.0,0.0,5.319606238450021
25.0,2007.3911254665816,168.5184650272554,2.0987248435215426,9.0,16.0,0.567462739758368,0.0,0.0,0.0,11.911995075091122
37.0,1480.0,92.68081077525551,2.3170202693813877,22.0,15.0,0.6998705449655903,1.0,0.0,0.0,15.968785637718433
52.0,24629.469041268778,1583.4069739956165,3.343034415797154,35.0,17.0,0.35242279243657926,1.0,0.0,0.0,15.55473068248401
7.0,6748.3225251999975,388.2229914531402,0.40270169809221473,4.0,3.0,0.5804242586078812,1.0,0.0,0.0,17.38259369941139
18.0,15468.406285649136,2624.6955971984985,3.0542591057621897,12.0,6.0,0.5107821551620872,1.0,1.0,0.0,5.893409621351723
31.0,9434.965244837578,1009.9794234233709,3.31843958230325,22.0,9.0,0.46424699612348136,0.0,0.0,0.0,9.341740065215722
47.0,24909.09099547174,105446.58211805896,198.96307578826253,29.0,18.0,0.5999434998831263,1.0,0.0,0.0,0.23622473573949787
36.0,7455.027527638806,498.6704002457032,2.4080574273253164,25.0,11.0,0.5219345317638436,1.0,0.0,0.0,14.949809581570491
24.0,5701.8742518810195,937.5391717494675,3.946235768802561,13.0,11.0,0.6191244592165583,1.0,0.0,0.0,6.081745087238546
37.0,9638.70277753519,856.6368237729099,3.288363923148469,18.0,19.0,0.5975415778996332,1.0,1.0,0.0,11.25179598874022
58.0,26384.215260474735,7697.7104394086555,16.921754203337585,39.0,19.0,0.6940475935738513,0.0,0.0,0.0,3.427540626288041
29.0,13441.734260770538,819.7668920083689,1.7686140349928263,18.0,11.0,0.6243463394120184,1.0,1.0,0.0,16.397020167329853
53.0,29178.640890552702,1784.1264959763805,3.2406822730857163,18.0,35.0,0.32671991897143876,1.0,0.0,0.0,16.35458077460164
47.0,29734.23406322026,1693.7578819834093,2.677271601614571,20.0,27.0,0.6118317182176501,0.0,0.0,0.0,17.555185649321462
19.0,8219.852491098398,8505.262810367736,19.659719389367385,8.0,11.0,0.5598812880831803,0.0,0.0,0.0,0.9664430922791205
16.0,8115.84630612041,408.86799907010584,0.8060635623654251,10.0,6.0,0.335916140090778,0.0,1.0,0.0,19.849551260011523
46.0,12936.924938450076,2590.908977261816,9.212530297661466,18.0,28.0,0.5421956914072374,0.0,0.0,0.0,4.993199318071905
14.0,3235.4083320798923,519.8944712108905,2.2496457478903276,6.0,8.0,0.6003214402270158,1.0,0.0,0.0,6.223202036644621
21.0,4204.316146597099,836.8050932549813,4.179730150069189,11.0,10.0,0.3788778052977555,1.0,1.0,0.0,5.0242477973494
15.0,9447.743403384682,1753.7139487033169,2.7843378156444905,5.0,10.0,0.47396465918943065,0.0,1.0,0.0,5.387277332412321
37.0,15999.481924147,1444.570995086438,3.3406785964444787,25.0,12.0,0.5169945152975631,1.0,0.0,0.0,11.07559405426775
19.0,2389.7430012672685,494.33886415360183,3.930313181767944,9.0,10.0,0.46526108743833583,0.0,0.0,0.0,4.834220358860402
40.0,19495.28837853112,2465.9670243243195,5.059616408731715,15.0,25.0,0.6504019211805097,0.0,1.0,0.0,7.905737662438075
56.0,14013.201083995866,1067.3186163374808,4.265252611208198,23.0,33.0,0.36756128216942513,1.0,1.0,0.0,13.129351319742147
50.0,41603.78818972972,2486.9674023044495,2.9888713390267436,31.0,19.0,0.6086222210227419,0.0,1.0,0.0,16.72872276137565
56.0,21517.196718227544,1551.3264181916848,4.037434827425351,31.0,25.0,0.6112364770152263,0.0,1.0,0.0,13.870192930324247
3.0,1908.9035914914725,160.32125255848962,0.2519581186914108,1.0,2.0,0.4792119843570637,1.0,0.0,0.0,11.906740753507098
28.0,20098.192953355927,6705.690220094152,9.342099889198488,12.0,16.0,0.5157911967603919,1.0,1.0,0.0,2.99718482269432
14.0,4326.200332840284,264.89904032225957,0.8572387497545293,9.0,5.0,0.36142497972518095,0.0,1.0,0.0,16.33150625074859
55.0,28336.518293101784,35704.76786663124,69.30146506893809,33.0,22.0,0.3780630288482616,0.0,1.0,0.0,0.7936340154611218
43.0,26259.82395193806,4935.478531027459,8.081759315013146,25.0,18.0,0.512665924840847,1.0,1.0,0.0,5.3206236815442765
20.0,10462.184689640426,8804.141317769667,16.830406992312913,10.0,10.0,0.3898723131733966,1.0,0.0,0.0,1.1883253927926258
34.0,19455.485163306763,1455.6814283571048,2.543918496439563,24.0,10.0,0.6225861538514358,0.0,0.0,0.0,13.365208062910028
37.0,8660.742487662264,1170.5282959412384,5.000673673362626,22.0,15.0,0.5464872333528097,0.0,1.0,0.0,7.399003097740613
30.0,18324.217318287145,1403.2548619283143,2.2973775701643175,14.0,16.0,0.32263147136176135,1.0,1.0,0.0,13.058367239937091
29.0,11680.247673798289,1675.0034962044992,4.158738987949421,20.0,9.0,0.4431506673353233,1.0,1.0,0.0,6.973267638106626
5.0,2849.4512232841407,311.68700799911574,0.5469246243841301,3.0,2.0,0.6433703725472977,0.0,1.0,0.0,9.142027579449909
28.0,19151.9375350882,2084.831907317637,3.048009805689093,17.0,11.0,0.4109776192134482,0.0,0.0,0.0,9.186322152815308
22.0,13942.757433080405,14533.787859105767,22.932575169220687,13.0,9.0,0.5878871554996692,1.0,1.0,0.0,0.9593340406675148
49.0,27917.453309796845,3233.7995156836446,5.6758821984988455,23.0,26.0,0.3375200551984146,0.0,0.0,0.0,8.63301920060277
52.0,32678.134280318976,2545.1778640340785,4.050085840105074,26.0,26.0,0.6722134615797498,1.0,0.0,0.0,12.839234044148293
45.0,28695.699484999066,2622.1103050702127,4.111938926243722,17.0,28.0,0.4797382725335174,0.0,1.0,0.0,10.943742309204904
3.0,2397.3006968303553,1544.740957962042,1.933100374105496,2.0,1.0,0.4966262542366997,0.0,0.0,0.0,1.5519111372518308
50.0,24659.49300537229,1843.3259698248698,3.737558532576653,22.0,28.0,0.5279320524916677,1.0,0.0,0.0,13.37771691445064
24.0,12786.993568523467,2058.496562631273,3.8636069720691424,11.0,13.0,0.44537293584005,1.0,0.0,0.0,6.211811960559455
26.0,17846.74740667578,52805.0404758209,76.92892273792046,18.0,8.0,0.5901141204807046,0.0,1.0,0.0,0.33797431544149076
56.0,22507.658770648657,7135.929412690381,17.754491979049348,20.0,36.0,0.30583342628252436,1.0,0.0,0.0,3.154131363830692
52.0,12113.21828414895,1214.1976356670468,5.212345354768979,33.0,19.0,0.36488170705795103,0.0,0.0,0.0,9.976315163465362
4.0,2394.5841396662163,383.5929700440212,0.6407675782860411,2.0,2.0,0.3755283670440508,0.0,0.0,0.0,6.242513097649869
22.0,10093.495787689844,725.9971611321586,1.5823989904852456,7.0,15.0,0.5541360735731187,1.0,0.0,0.0,13.90294112438334
45.0,11632.253294390688,2397.8901179189334,9.276367404962377,14.0,31.0,0.6562403258301847,1.0,1.0,0.0,4.851036837537
33.0,19803.576733906924,1280.35260074618,2.133535592703429,16.0,17.0,0.32545589659253327,1.0,0.0,0.0,15.467283561079615
16.0,12579.625648093595,2181.9854493925695,2.7752628072499035,8.0,8.0,0.6409834399889807,1.0,0.0,0.0,5.765219768809899
32.0,5569.64770374985,447.85656673943606,2.573126865100124,14.0,18.0,0.627805438301012,1.0,0.0,0.0,12.436230966309093
52.0,36632.179950251404,2290.317612466569,3.251144649595014,30.0,22.0,0.330650264864792,1.0,0.0,0.0,15.994366786011044
14.0,560.0,72.33418092123641,1.8083545230309104,7.0,7.0,0.35729136951156754,1.0,1.0,0.0,7.74184476644279
45.0,18897.420328366374,19209.40821810351,45.74292971179229,15.0,30.0,0.44001812969219434,1.0,0.0,0.0,0.9837585892186357
44.0,38196.54002773471,3559.080167551364,4.099835410708725,19.0,25.0,0.34586784574203805,1.0,0.0,0.0,10.732138145124674
53.0,23019.765085763614,1156.2834091919747,2.6621914019910937,18.0,35.0,0.6033144540401933,0.0,0.0,0.0,19.90841077781278
19.0,9841.76590411977,507.79469659663874,0.9803219594257404,6.0,13.0,0.501627725505795,1.0,0.0,0.0,19.381387734219427
14.0,9136.025362165954,2048.715113253702,3.139440889068629,5.0,9.0,0.4643058433146081,1.0,1.0,0.0,4.459392769186156
33.0,5171.274807199694,341.87657748182147,2.181652972917408,19.0,14.0,0.5899790501039166,0.0,1.0,0.0,15.126145363013835
32.0,16461.406725374432,2374.77029652233,4.61641284712173,19.0,13.0,0.41715814922570654,1.0,1.0,0.0,6.931789044810315
25.0,12821.065359806542,3948.057926357582,7.69838117106587,16.0,9.0,0.6486125660458641,1.0,1.0,0.0,3.247435979652675
47.0,41005.81714853815,3075.052301971696,3.524559885470349,28.0,19.0,0.5615866954723233,0.0,0.0,0.0,13.334998277019741
48.0,12136.888022420897,1208.5727742124147,4.779766695962692,25.0,23.0,0.43860212481809,1.0,1.0,0.0,10.042331154059042
16.0,6779.074187359611,627.2477756434361,1.4804328928879735,7.0,9.0,0.5159490761286118,0.0,0.0,0.0,10.807649625230763
48.0,15087.78440809329,911.2915980253059,2.8991663402713317,15.0,33.0,0.4037793904377567,0.0,1.0,0.0,16.556483611598395
15.0,4396.764588925861,650.0198803865413,2.2176075176633776,8.0,7.0,0.6939922963046672,1.0,0.0,0.0,6.76404633395409
25.0,18137.01363532289,1357.709227213204,1.8714619376050228,10.0,15.0,0.47424173065695135,1.0,0.0,0.0,13.358540453135477
3.0,1515.9909012004905,206.10248486146196,0.40785696938864047,1.0,2.0,0.6587096610741503,1.0,1.0,0.0,7.355519765904374
21.0,8166.6177750086135,9050.471060061005,23.27277919665839,14.0,7.0,0.6912081829098693,0.0,0.0,0.0,0.9023417367795623
57.0,22596.556726975097,2976.598859953899,7.508495080351329,21.0,36.0,0.5143169839895598,0.0,0.0,0.0,7.591401391360161
27.0,10458.573784494862,550.3589206796389,1.420814268230356,8.0,19.0,0.5919982280388061,1.0,1.0,0.0,19.003187540922486
43.0,17425.292674293833,1798.074203809118,4.437066981253753,29.0,14.0,0.5288987147764833,0.0,0.0,0.0,9.691086517663921
8.0,1976.8874491371769,894.8442609867542,3.621224916480961,3.0,5.0,0.3366270531122887,1.0,1.0,0.0,2.2091972148955197
38.0,17033.65547650448,1236.8193314968746,2.759192509306643,17.0,21.0,0.6809672210469416,1.0,0.0,0.0,13.772145246055706
23.0,9847.649218400134,511.05068168954523,1.1936011750801518,8.0,15.0,0.4826545804061058,0.0,1.0,0.0,19.269418026884498
45.0,15679.829642369918,863.2600006832711,2.4774950313092647,21.0,24.0,0.6576252494246118,0.0,0.0,0.0,18.16350766855793
55.0,29205.50881935472,2548.336136772785,4.7990428240585565,38.0,17.0,0.5622421383754247,0.0,1.0,0.0,11.460618714272366
32.0,17535.292672756215,2320.4651044004836,4.234596178493326,18.0,14.0,0.34207635641364753,1.0,0.0,0.0,7.556800849753197
7.0,2720.693899991609,233.84669243004768,0.6016578517029726,3.0,4.0,0.4668211883865252,1.0,0.0,0.0,11.634519486759347
29.0,13664.021925555722,836.8550118738109,1.776109221469468,12.0,17.0,0.3783392618783279,1.0,1.0,0.0,16.327824690875026
9.0,8385.522708421542,486.6339375069914,0.5222936708721096,4.0,5.0,0.36794394579502393,0.0,0.0,0.0,17.231684973268163
28.0,25874.426248171967,1579.0631081701495,1.708782509984657,15.0,13.0,0.5860354974733577,1.0,0.0,0.0,16.3859355046017
5.0,1445.9098098702643,158.25202795731306,0.5472403149803388,2.0,3.0,0.3120079949285846,0.0,0.0,0.0,9.136753749912668
39.0,12367.308980609243,5107.889764791374,16.107602805040464,14.0,25.0,0.6864562275575916,0.0,0.0,0.0,2.4212168919260875
20.0,5762.386892032014,505.2504961442151,1.753615318134415,12.0,8.0,0.4799693503784337,0.0,0.0,0.0,11.405009863438588
13.0,9248.340243927823,2916.7626940770465,4.09996972677312,8.0,5.0,0.49590307242349274,1.0,0.0,0.0,3.170755119265636
3.0,1260.8824202545834,995.8642576290212,2.369445972832139,2.0,1.0,0.4197715583884618,1.0,1.0,0.0,1.2661187612622269
53.0,29040.546982120773,2904.5126594308367,5.30083579502167,34.0,19.0,0.3342464291249712,1.0,0.0,0.0,9.998423276905775
50.0,44969.67333280884,3426.339055939985,3.809610791013026,26.0,24.0,0.5352970713446019,1.0,0.0,0.0,13.124700328430228
49.0,24397.44501575747,1427.5660717422018,2.867133729379823,30.0,19.0,0.43790179940217117,1.0,1.0,0.0,17.09023876280754
5.0,3206.2487217573207,204.6423832619144,0.31913054946927427,3.0,2.0,0.5496290464177667,1.0,1.0,0.0,15.667569301388356
22.0,13289.851296921732,774.8304227078736,1.2826531252100293,7.0,15.0,0.5223079231229415,0.0,1.0,0.0,17.151948229493136
58.0,22176.678720326985,1457.7096223359447,3.8124355392311053,27.0,31.0,0.3867643387237578,1.0,1.0,0.0,15.213371977876767
35.0,24914.132122193012,1769.5166177231226,2.4858614908420007,13.0,22.0,0.48466156896305135,1.0,1.0,0.0,14.07962596827748
9.0,2970.5385436196657,11776.425223583783,35.67966732493751,6.0,3.0,0.4232252037558341,0.0,1.0,0.0,0.25224450435695767
10.0,7679.759572888352,612.3848263064017,0.7974010390485234,7.0,3.0,0.3958896324904658,1.0,1.0,0.0,12.540741120593749
17.0,6502.666718288993,2650.2424743463885,6.928560852914727,11.0,6.0,0.6078817437187609,0.0,0.0,0.0,2.4536119925753974
58.0,23455.574441781304,19219.43288478582,47.52503973349377,24.0,34.0,0.3047626367996833,1.0,1.0,0.0,1.220409290034194
11.0,3105.3267880210583,979.467831864219,3.469569190614069,7.0,4.0,0.40755314345004995,0.0,1.0,0.0,3.170422434507825
54.0,17017.998363180213,1032.9790798912798,3.2777574144568864,17.0,37.0,0.512434273468795,0.0,1.0,0.0,16.474678620762916
41.0,17000.53255690601,1141.757298132228,2.7535636937682404,15.0,26.0,0.4904583953721831,0.0,0.0,0.0,14.889795392345427
55.0,2200.0,115.92364319729442,2.8980910799323603,30.0,25.0,0.6760661307678246,0.0,1.0,0.0,18.978009483843987
49.0,22213.343056479156,1134.4580796800044,2.502479962740514,30.0,19.0,0.6374629925028976,1.0,0.0,0.0,19.58057636007569
21.0,8366.508203585629,468.16075954954994,1.1750871105734557,14.0,7.0,0.6006410508753031,0.0,1.0,0.0,17.871015528160942
50.0,32900.11098611832,12176.771476198053,18.505669299012165,21.0,29.0,0.5056312533081437,1.0,1.0,0.0,2.7018747169911332
11.0,6430.5576243850155,365.918649338261,0.6259340756791384,5.0,6.0,0.47156269295365294,0.0,1.0,0.0,17.573735681453357
18.0,6452.505248042531,384.5168931309029,1.0726537693953737,9.0,9.0,0.31462782743151824,1.0,1.0,0.0,16.780810839033474
14.0,5716.05787360746,327.97822151579936,0.8032975177564685,4.0,10.0,0.6286672998555276,1.0,1.0,0.0,17.428162904200963
9.0,4077.6875306623842,1325.5909536836573,2.9257559568854314,6.0,3.0,0.4722851616648448,0.0,1.0,0.0,3.0761280614740034
7.0,5580.339176266189,2344.683317034703,2.941180222350702,3.0,4.0,0.4283869566890624,1.0,0.0,0.0,2.3799969640776846
12.0,4026.4687669045397,217.88266056262603,0.6493511009552803,5.0,7.0,0.5426537519777126,0.0,0.0,0.0,18.479987147702428
8.0,2848.382936078953,809.6961771687475,2.2741216903464943,4.0,4.0,0.6016551275598971,1.0,1.0,0.0,3.5178416502333647
24.0,6582.7960722376765,889.0860251135916,3.2414895385742666,14.0,10.0,0.5092205282130943,0.0,0.0,0.0,7.4040035342998936
6.0,1221.552624676578,133.54829783933414,0.6559601042551537,4.0,2.0,0.35983327019015665,0.0,0.0,0.0,9.146897747406502
5.0,2807.0036236254946,1108.3361420704093,1.9742335434517442,2.0,3.0,0.6686585882816178,0.0,1.0,0.0,2.5326284301998103
59.0,31894.259306663876,69086.92681410848,127.80132759442222,22.0,37.0,0.34513979597055183,0.0,1.0,0.0,0.4616540462493208
7.0,5295.866593969493,266.3634775142228,0.35207539871241333,5.0,2.0,0.6878286525986974,0.0,1.0,0.0,19.882104871853965
6.0,4249.690809272315,242.29518244064735,0.3420886741858796,3.0,3.0,0.47699084077226567,0.0,1.0,0.0,17.539312034457474
3.0,2938.2700287190846,160.99102612529825,0.16437327871681112,1.0,2.0,0.6786492776905098,1.0,0.0,0.0,18.251141690545214
9.0,4367.0290184260275,762.5290166017008,1.5714942860372374,3.0,6.0,0.6658599038951704,0.0,1.0,0.0,5.727033231978764
32.0,14332.610791704275,3227.3194476582476,7.2055415322405265,22.0,10.0,0.4625069061961054,1.0,1.0,0.0,4.441026376271509
49.0,11757.78181769308,1375.8167286264907,5.733651189312945,29.0,20.0,0.6200101162101601,1.0,1.0,0.0,8.546037835599762
44.0,28129.887873791668,3093.330728102242,4.8385031837722945,17.0,27.0,0.3359090127307062,1.0,0.0,0.0,9.093721411111236
35.0,18329.739690124374,113350.28820108985,216.43843033819022,12.0,23.0,0.33309370770872,0.0,1.0,0.0,0.16170880534160068
6.0,3781.51956601282,242.46572310215734,0.38471157248218557,2.0,4.0,0.44238264148854245,1.0,1.0,0.0,15.596099595568665
46.0,12520.057183006722,628.0910290850094,2.3076721548145436,18.0,28.0,0.5439140400572673,0.0,1.0,0.0,19.933507410933245
4.0,2281.2833512213597,215.2685603298441,0.3774516834387855,1.0,3.0,0.303728427927794,0.0,1.0,0.0,10.597382858536683
38.0,20559.51709644996,2637.268791005772,4.874443966172912,15.0,23.0,0.5060700500039005,1.0,0.0,0.0,7.795760965498402
25.0,13195.175199468435,1673.3678377832066,3.1704161037790124,9.0,16.0,0.690258761499416,1.0,1.0,0.0,7.8854002697630055
53.0,19257.381373180448,9791.529765976815,26.948164318930136,24.0,29.0,0.6433781714400783,0.0,0.0,0.0,1.9667387868334085
19.0,14019.433664502914,2615.6009822613487,3.5448235536644055,9.0,10.0,0.39298824790089965,0.0,0.0,0.0,5.359928276362035
39.0,35492.39911602849,3525.4259647732615,3.873832596570388,19.0,20.0,0.5112275047720299,0.0,0.0,0.0,10.067549133260892
27.0,7504.142257992878,865.9923715630049,3.1158516494402155,17.0,10.0,0.3685635076466712,1.0,0.0,0.0,8.665367622637213
32.0,20610.84146939493,1886.844755297243,2.9294792383498116,13.0,19.0,0.4053040589451995,1.0,0.0,0.0,10.923443177575049
56.0,2240.0,131.85110954073107,3.296277738518277,37.0,19.0,0.6692003353909098,1.0,0.0,0.0,16.98885969031626
43.0,27250.045565549142,5997.478187318954,9.463894709253415,29.0,14.0,0.6991112539044055,0.0,0.0,0.0,4.5435839388572585
26.0,3275.195993982875,5441.425100514487,43.19651491797605,18.0,8.0,0.3970243952471387,1.0,0.0,0.0,0.6019004090809235
27.0,10665.176321344006,13124.793727052906,33.226776562637404,10.0,17.0,0.38482714920314703,1.0,1.0,0.0,0.8125976333906779
42.0,9970.592841264295,3656.695301030131,15.403417338200226,17.0,25.0,0.4535437297366296,1.0,1.0,0.0,2.7266676658718243
22.0,10051.309422222657,879.2922961178897,1.9245682032058982,12.0,10.0,0.47834256894081795,0.0,1.0,0.0,11.43113554684783
11.0,7345.346136409224,454.1653254814125,0.6801338544867739,4.0,7.0,0.3356994670523552,0.0,1.0,0.0,16.1732869602566
29.0,3727.5830703832676,210.10199584941384,1.6345599184746076,10.0,19.0,0.35908346557495757,1.0,0.0,0.0,17.7417784886486
5.0,2140.5203104843613,168.27317326017211,0.3930660513613508,2.0,3.0,0.4699309069694444,0.0,1.0,0.0,12.720508379400677
11.0,4370.588708604675,540.0650523852572,1.3592483695713438,6.0,5.0,0.3941682272265932,0.0,1.0,0.0,8.092707886395324
26.0,21221.45315613375,6774.45797141371,8.29989850180674,16.0,10.0,0.6379739077913589,1.0,0.0,0.0,3.132568427715141
48.0,28144.905675362737,3492.6622356366443,5.956594392047052,19.0,29.0,0.600618624857125,0.0,0.0,0.0,8.058295871897407
47.0,12434.159135229827,1860.9325139069688,7.034157050943268,32.0,15.0,0.5145353723522907,1.0,1.0,0.0,6.681681921460282
17.0,6897.599111296641,396.25395778730984,0.9766176859063566,10.0,7.0,0.47305172762736053,1.0,1.0,0.0,17.4070163230999
26.0,21091.742039604764,2161.027722870657,2.663920348026879,9.0,17.0,0.6323951212855965,0.0,0.0,0.0,9.760051579341614
10.0,6428.730633548048,1409.003435311673,2.1917288429520605,5.0,5.0,0.36639813742958244,0.0,0.0,0.0,4.562608204092849
45.0,14235.898838351206,2449.5740737646865,7.743159358680704,15.0,30.0,0.6549551435469729,0.0,0.0,0.0,5.811581282974808
16.0,7145.374277174115,2577.1573182304737,5.770798770249329,11.0,5.0,0.3196309533474258,0.0,1.0,0.0,2.7725797826266456
48.0,21742.952175281782,1183.239705726143,2.612134056911654,29.0,19.0,0.6693577847155316,0.0,0.0,0.0,18.37577970892917
50.0,19620.180728441945,18607.916889591877,47.42035037072145,29.0,21.0,0.3555240209457951,0.0,0.0,0.0,1.0543996324175473
41.0,6476.260318162144,21144.717581660767,133.86327575759228,23.0,18.0,0.6248396176148675,1.0,0.0,0.0,0.30628265869008975
21.0,7653.988795362134,2068.293885269702,5.674710631531404,9.0,12.0,0.30721803135771214,0.0,0.0,0.0,3.7006292238610308
57.0,44336.872086865274,2732.300804716155,3.512677790253023,38.0,19.0,0.6260312681633693,0.0,1.0,0.0,16.226936657316983
41.0,17374.615206098362,1655.8035180327226,3.9073063451507957,27.0,14.0,0.533628309255954,0.0,0.0,0.0,10.49316239329007
39.0,18694.62168240483,1491.3255909966922,3.111146031032665,23.0,16.0,0.3076137003701985,1.0,0.0,0.0,12.535573583170878
51.0,26933.361597906456,3747.64297124818,7.096395703851308,25.0,26.0,0.6096839038096986,1.0,1.0,0.0,7.186746924543909
53.0,50012.298783948536,35216.80851914852,37.32063706125667,17.0,36.0,0.3406229204189941,0.0,1.0,0.0,1.4201258117059423
6.0,3010.649725700354,175.74940307095136,0.3502554313854646,2.0,4.0,0.5159621703611592,0.0,1.0,0.0,17.130355341718754
53.0,38095.82074798522,9822.837794002075,13.66581406727255,19.0,34.0,0.43280157617486376,0.0,0.0,0.0,3.878290728901878
46.0,17496.742417128993,24659.586631974624,64.83155309872616,25.0,21.0,0.6036673045191954,1.0,1.0,0.0,0.709531050875038
13.0,5825.561922693522,507.6544436867563,1.1328534234988383,8.0,5.0,0.6412886286690601,1.0,0.0,0.0,11.475447511867214
19.0,9547.700347819084,5578.166091356207,11.100595104032292,13.0,6.0,0.4857106804011554,0.0,1.0,0.0,1.7116199466727913
45.0,15532.80352335554,7923.08494751212,22.953925999382154,17.0,28.0,0.6031760854227833,1.0,0.0,0.0,1.9604489446036926
14.0,6429.590214311719,401.40980005484226,0.8740428259733779,6.0,8.0,0.6666499729748199,0.0,0.0,0.0,16.017521778076375
28.0,18973.08524055431,1924.7142791362962,2.840444721168702,9.0,19.0,0.5756802149897259,1.0,1.0,0.0,9.857611306894011
41.0,13937.010599046554,2862.9298613148876,8.422188063912392,29.0,12.0,0.4287961944376607,1.0,1.0,0.0,4.868093622330503
39.0,19500.694441516378,2783.7864393628247,5.56737461123502,24.0,15.0,0.48532483182228037,0.0,0.0,0.0,7.005097146022399
54.0,34654.32235788407,2373.8507768153463,3.6990462726178563,27.0,27.0,0.3919990960535866,1.0,1.0,0.0,14.598357527921271
8.0,2680.854321899609,1951.4647375866252,5.823411504744054,4.0,4.0,0.48336333584368363,1.0,0.0,0.0,1.3737651878942068
19.0,13662.572411936833,5755.598543377443,8.004083640107774,10.0,9.0,0.3983561916229992,1.0,0.0,0.0,2.3737882878675376
59.0,30360.02506059361,2459.4113270477023,4.77948447032597,24.0,35.0,0.6228998899429835,1.0,0.0,0.0,12.344427598061865
34.0,15877.166569292829,1305.7861779491182,2.796262787601872,13.0,21.0,0.5439669709055234,0.0,0.0,0.0,12.15908610261879
16.0,1573.9270214393127,80.91911591437245,0.8225958618119324,7.0,9.0,0.5532983942877866,0.0,1.0,0.0,19.450620581480667
18.0,7654.995208751496,1017.6453645246617,2.3928971948280884,7.0,11.0,0.34410531538833894,0.0,0.0,0.0,7.5222621510462195
21.0,12060.688147810271,8945.116157133592,15.575184184984575,11.0,10.0,0.30058412301946075,1.0,1.0,0.0,1.3482986621914415
34.0,28868.346127856785,2679.4774057177638,3.1557828561052896,14.0,20.0,0.6156746539590211,1.0,0.0,0.0,10.773871825250078
18.0,11044.400954801806,863.8548793561347,1.407897801976301,11.0,7.0,0.5169225662913102,1.0,0.0,0.0,12.785018894647717
38.0,27559.24336151545,9720.814355208002,13.403522754682468,20.0,18.0,0.672621349936594,0.0,0.0,0.0,2.8350755764356688
27.0,6970.83530244153,629.1596795024865,2.43691187777989,14.0,13.0,0.5148956955958434,0.0,0.0,0.0,11.079596372027176
37.0,17561.513532168137,4395.37364048298,9.26052440753335,25.0,12.0,0.3858714097258553,0.0,1.0,0.0,3.9954540770823783
10.0,7441.492884657728,440.2634209277022,0.5916331947792384,4.0,6.0,0.5793906341025346,0.0,1.0,0.0,16.902364654727315
38.0,12253.225016960585,733.2223716513723,2.273887085578343,21.0,17.0,0.5803931921251023,0.0,1.0,0.0,16.711471840887402
55.0,38117.44891870413,4421.413376715277,6.379695982225441,17.0,38.0,0.3262130416642202,0.0,0.0,0.0,8.621100465168913
9.0,5819.972156280599,300.98332867142653,0.4654403638545924,5.0,4.0,0.5774603589284188,0.0,0.0,0.0,19.33652665073044
20.0,11098.89459379928,566.3715938988462,1.0205909950983159,10.0,10.0,0.385011289009768,0.0,1.0,0.0,19.596488795272347
42.0,18238.89794885781,6938.7433917500675,15.978335054599782,16.0,26.0,0.40180824631434364,1.0,1.0,0.0,2.628559224505009
37.0,11201.41585616398,1516.5965428414752,5.009551721468836,11.0,26.0,0.31256587850231227,0.0,1.0,0.0,7.385890406407729
41.0,35058.110211647174,2915.092742711956,3.409162722395775,24.0,17.0,0.5509488891091466,1.0,1.0,0.0,12.02641332743056
34.0,21296.66512052341,12221.802200688162,19.512034981615223,19.0,15.0,0.5926917573862032,0.0,1.0,0.0,1.7425143011498154
41.0,23293.05222233868,3031.3796240689458,5.33577838578117,23.0,18.0,0.39219666526020125,1.0,1.0,0.0,7.683977301092034
37.0,15444.911863303343,2936.0812016494974,7.033708280274813,18.0,19.0,0.6170155728612305,0.0,0.0,0.0,5.260383076130985
6.0,3045.4459555079734,159.921319214657,0.31506975638577533,3.0,3.0,0.6048125144562632,0.0,1.0,0.0,19.043401908285748
45.0,23982.455429730297,2903.0453010658957,5.447191966257912,24.0,21.0,0.4639064832677802,1.0,1.0,0.0,8.261137165487836
27.0,15659.328697561292,1025.8131508814588,1.768719183863404,11.0,16.0,0.3272900648822456,1.0,1.0,0.0,15.265283628022875
4.0,2587.4722307775473,333.2322224127724,0.5151471284584718,2.0,2.0,0.41207413098907114,1.0,0.0,0.0,7.7647720020678666
25.0,8587.642370724543,3204.7617380454817,9.32957382159562,13.0,12.0,0.3661716595716393,1.0,0.0,0.0,2.6796508048557675
27.0,5580.376386370177,323.12781789071556,1.563416242739183,17.0,10.0,0.6835272948508726,1.0,1.0,0.0,17.269873026708908
7.0,3617.9931917828962,62039.58802489561,120.03259629138871,3.0,4.0,0.627097705671845,1.0,1.0,0.0,0.058317492216921986
59.0,8882.835419567813,7618.078677624045,50.59945622652177,28.0,31.0,0.33135058856968413,1.0,1.0,0.0,1.166020435790278
14.0,6093.749214017815,832.5398057197297,1.9127070824090104,10.0,4.0,0.5053840116971026,1.0,0.0,0.0,7.319468897646012
21.0,8361.402713530595,607.9419522570784,1.5268707219111903,14.0,7.0,0.40675453183029187,0.0,0.0,0.0,13.753620197598794
27.0,16155.440237889014,2352.619573628799,3.931847572869215,11.0,16.0,0.3128471906028835,1.0,0.0,0.0,6.8670006910509755
50.0,44825.97035486309,32649.603859902512,36.41817857085208,33.0,17.0,0.4289205083556681,1.0,0.0,0.0,1.3729407115384504
45.0,4998.68438486795,782.1555025483414,7.041252238533791,16.0,29.0,0.3510341175255972,0.0,0.0,0.0,6.390908672996269
46.0,43922.502278929285,8895.93424299899,9.316704512398948,30.0,16.0,0.3890928083919862,0.0,1.0,0.0,4.937368136853737
15.0,6800.7745226429215,43008.84900265871,94.86165625575964,6.0,9.0,0.4306161847714077,1.0,1.0,0.0,0.15812500637304924
51.0,29047.648558160316,2709.84612080421,4.757774175224582,24.0,27.0,0.4635561800591347,1.0,0.0,0.0,10.719298167949017
50.0,10851.678423762834,4565.118143667965,21.034156954335014,35.0,15.0,0.48737698127732476,1.0,1.0,0.0,2.377085999146512
28.0,19582.480793267394,3384.7218568466906,4.8396427905238,9.0,19.0,0.5080789085465557,1.0,0.0,0.0,5.785550961493488
33.0,16773.71873992138,1306.1876747985293,2.5697457991687718,21.0,12.0,0.448000305777325,1.0,0.0,0.0,12.84173711293717
4.0,1950.8260710493705,134.39089814342336,0.2755569040988529,2.0,2.0,0.4993398363836908,1.0,1.0,0.0,14.516057992018395
46.0,5176.056942892827,975.5212424446786,8.669529266688432,16.0,30.0,0.46714338376744813,1.0,1.0,0.0,5.305939755777649
57.0,29341.283677860672,4433.9503075760185,8.613637027835058,39.0,18.0,0.6857755910387815,0.0,0.0,0.0,6.617413737751418
29.0,19405.80427813613,3900.0062312359437,5.828162496375817,15.0,14.0,0.32705634823821417,0.0,0.0,0.0,4.975839300642931
33.0,14940.561005810954,780.5965276642333,1.724144455010811,22.0,11.0,0.5343805361794197,0.0,1.0,0.0,19.13992757630803
30.0,22045.196073864903,5724.733464196884,7.790450279982345,19.0,11.0,0.37745886855223154,1.0,1.0,0.0,3.850868553398686
6.0,4359.474206269635,1176.8199397493743,1.6196723055136997,2.0,4.0,0.45017514130184494,0.0,0.0,0.0,3.7044530424918416
37.0,13755.894167717724,1540.680383612018,4.144054432130204,15.0,22.0,0.5185863239547656,0.0,0.0,0.0,8.928454151839064
43.0,35217.979185657576,9203.316210950776,11.236947894842542,19.0,24.0,0.6039237789690752,1.0,1.0,0.0,3.8266618660513543
55.0,27998.244607575907,8814.642045334253,17.31556100349958,28.0,27.0,0.6910924447154704,1.0,1.0,0.0,3.176333702897882
55.0,28047.197758666138,14289.404835676178,28.021240222451592,18.0,37.0,0.4974486652616148,1.0,0.0,0.0,1.9627967771366552
30.0,15593.887335616386,1216.237492755387,2.33983509033858,14.0,16.0,0.40279164638841125,0.0,1.0,0.0,12.821416399759576
57.0,29290.199560728834,2388.8835863009153,4.648871174019543,36.0,21.0,0.6166300872534705,1.0,1.0,0.0,12.261040985292826
32.0,1280.0,98.30463146768969,2.457615786692242,12.0,20.0,0.3886289799389493,0.0,0.0,0.0,13.020749692965428
39.0,18053.05009412018,1166.4185021349692,2.519813624074519,23.0,16.0,0.5031362688871074,1.0,0.0,0.0,15.477335159787454
36.0,8179.585404030329,1246.7279293081208,5.487100291535256,17.0,19.0,0.6386845190598252,1.0,1.0,0.0,6.560842355211887
59.0,48690.76128614498,2650.190204884665,3.211311919509626,19.0,40.0,0.4615194035843076,0.0,0.0,0.0,18.372553485557834
44.0,35957.53032714657,2449.8516054873962,2.9977996169571597,16.0,28.0,0.5227911066533899,1.0,1.0,0.0,14.677431990821683
8.0,5363.10133192894,333.03046025317593,0.49677295227743945,3.0,5.0,0.34782000762949805,1.0,0.0,0.0,16.10393634219468
6.0,2713.839075193334,188.02760189550716,0.41570836741403777,3.0,3.0,0.3223871093891711,0.0,0.0,0.0,14.433195168342888
25.0,7459.925316981507,1035.929504159888,3.4716483749567004,8.0,17.0,0.694512988293288,1.0,0.0,0.0,7.201190126379608
31.0,11422.99779209125,2005.2666599148067,5.441939812016592,20.0,11.0,0.3715582768431773,0.0,1.0,0.0,5.696498136849566
40.0,35541.13525140826,4191.5593596723975,4.71741752763096,25.0,15.0,0.43421961478209936,1.0,0.0,0.0,8.479215538101332
29.0,10485.255158184229,5280.234218662501,14.604012017932623,10.0,19.0,0.5018739548696733,0.0,1.0,0.0,1.9857556926405011
31.0,1240.0,136.97047371075058,3.424261842768765,20.0,11.0,0.4497886432789634,1.0,0.0,0.0,9.053046006240645
55.0,38831.820593339326,42641.28124912729,60.3955836442105,38.0,17.0,0.3389356240096674,0.0,0.0,0.0,0.9106626127500348
21.0,16802.113077195154,130530.33512803832,163.1423991193847,7.0,14.0,0.3787656495593212,1.0,0.0,0.0,0.1287219025425302
30.0,24955.294122999134,1339.277264310287,1.610011796746556,20.0,10.0,0.4973790671613237,0.0,0.0,0.0,18.63340384252012
34.0,24060.766428895433,1743.2470011172543,2.4633628447848075,14.0,20.0,0.4755206303248357,0.0,0.0,0.0,13.802270368728463
29.0,21468.81412796173,1906.839563785108,2.5757522991335438,16.0,13.0,0.6192775375102315,1.0,1.0,0.0,11.25884659396608
58.0,29614.035259021082,4320.072515597698,8.46099505565825,21.0,37.0,0.4247151829013181,1.0,1.0,0.0,6.854985686490004
57.0,4830.22989219504,422.5097342017574,4.985902407753913,36.0,21.0,0.6761260480907205,0.0,1.0,0.0,11.43223339296723
31.0,15672.862457300085,878.6745553654756,1.7379665833564717,20.0,11.0,0.41312414286006877,0.0,0.0,0.0,17.836936737949717
28.0,17480.807525548735,1337.9892362798325,2.1431331796932707,19.0,9.0,0.43251946310852185,0.0,1.0,0.0,13.0649836721801
36.0,17026.055592722998,1410.6659945091164,2.9827211314894013,25.0,11.0,0.6797253316998667,0.0,0.0,0.0,12.069515859172409
12.0,5565.9933150249235,602.9623202209101,1.2999562581433897,4.0,8.0,0.6361933510645873,1.0,1.0,0.0,9.231079834284976
26.0,7986.586197104724,1149.7023130735727,3.742808178887414,15.0,11.0,0.4267871863533206,0.0,1.0,0.0,6.9466557614846165
14.0,4195.131518838327,299.95188350742967,1.000999932957251,6.0,8.0,0.4581138764404675,0.0,1.0,0.0,13.98601492273815
10.0,8676.29702953214,442.2041321834725,0.5096691949091995,4.0,6.0,0.6369041101276264,0.0,0.0,0.0,19.620569773265494
7.0,6124.084917832199,718.4590894701992,0.8212187933004093,3.0,4.0,0.33443577368553656,0.0,0.0,0.0,8.523915985735773
36.0,17980.940655028055,2283.44082373511,4.571722427184424,24.0,12.0,0.41787052442284023,1.0,1.0,0.0,7.8744938200833055
2.0,1112.6094420371708,129.51077695418218,0.23280546085794482,1.0,1.0,0.5126224391450162,0.0,0.0,0.0,8.590863773682598
39.0,11849.307155111253,1387.5713328915485,4.566957483199979,12.0,27.0,0.6315616707569198,0.0,0.0,0.0,8.539602162591944
27.0,16969.904189673052,856.5050637445805,1.362744094641186,19.0,8.0,0.525846669607949,0.0,0.0,0.0,19.812964228701478
23.0,19594.38618942532,1384.740134949843,1.6254157081498495,14.0,9.0,0.4959115388989528,0.0,0.0,0.0,14.150226237311346
46.0,8931.07682450882,1237.7232961037598,6.374961579608201,19.0,27.0,0.6848470274612657,1.0,0.0,0.0,7.215729761751303
33.0,19561.6297780358,2621.684949013263,4.422719594385698,16.0,17.0,0.3465641576603699,0.0,1.0,0.0,7.461472357843115
44.0,26743.395735276354,3093.7254078942456,5.09000125843369,26.0,18.0,0.6120263702727888,1.0,1.0,0.0,8.644398648643913
43.0,26037.416028047614,33278.559645145535,54.958528265623684,25.0,18.0,0.35081394301013075,1.0,1.0,0.0,0.7824081422299715
3.0,2485.6906007090815,234.94379493425524,0.2835555578001951,1.0,2.0,0.5931309758815728,0.0,1.0,0.0,10.579937220323938
14.0,12700.850994079226,782.214195772717,0.8622255899170126,7.0,7.0,0.5172358474250887,0.0,1.0,0.0,16.237049982879157
35.0,15865.614254891365,1199.3666081738152,2.645837130014791,11.0,24.0,0.4058584843082309,1.0,0.0,0.0,13.228327474489836
58.0,36808.81459701375,9182.699840675265,14.4692676629248,29.0,29.0,0.5173348348967023,1.0,0.0,0.0,4.008495892892754
10.0,5168.467411452119,354.6292720192807,0.6861400949022235,4.0,6.0,0.6517664348211835,1.0,1.0,0.0,14.57428311549848
8.0,2988.6155312964866,207.496646443607,0.5554321571864232,3.0,5.0,0.4888734688227102,1.0,0.0,0.0,14.403199196324005
56.0,31033.118557067362,5868.973061231047,10.590701376806694,23.0,33.0,0.30263142634511586,1.0,0.0,0.0,5.287657352197491
58.0,36789.394530602876,2948.7307014610824,4.648795743090478,32.0,26.0,0.3226422432265002,1.0,0.0,0.0,12.476349404295856
11.0,5977.2431079173675,488.39937310366975,0.8988078629467446,5.0,6.0,0.5530547909785166,1.0,0.0,0.0,12.238433210782627
25.0,8094.093952569412,481.683412599971,1.4877619886258673,12.0,13.0,0.571172624768301,0.0,0.0,0.0,16.803763095930822
38.0,15476.939137096851,5598.169911403147,13.744995360447179,14.0,24.0,0.46070995510509016,1.0,1.0,0.0,2.764642621077153
13.0,5314.640707545891,1349.9117823911492,3.3019829818727984,9.0,4.0,0.3971121548558732,0.0,1.0,0.0,3.9370281650048784
20.0,6630.224180277182,680.3655062783683,2.0523152393617106,8.0,12.0,0.5863866352942695,1.0,0.0,0.0,9.745091600167715
24.0,13504.98999170721,14510.63940197428,25.78716058739993,11.0,13.0,0.4216644698159797,0.0,0.0,0.0,0.9306957204015253
39.0,22761.274351086005,2728.8082836869125,4.675639923417197,15.0,24.0,0.3296046343350545,0.0,1.0,0.0,8.341104242154046
19.0,13222.166883371347,838.1738271030158,1.2044397000453466,11.0,8.0,0.46384421580150115,1.0,0.0,0.0,15.774969887894478
25.0,8211.888259196843,2722.005528852035,8.286783267549778,12.0,13.0,0.5156554380634204,0.0,0.0,0.0,3.0168521599807643
18.0,6921.0767295763435,750.1727462697384,1.9510128207582882,8.0,10.0,0.6862515189330451,1.0,1.0,0.0,9.22597730188367
46.0,37302.038957767385,1884.3319125152573,2.323713941584758,30.0,16.0,0.5368886851334695,1.0,0.0,0.0,19.79589620597977
10.0,4671.00827185416,460.5107222125884,0.9858914722704791,6.0,4.0,0.3833280584519603,0.0,0.0,0.0,10.143104267826045
15.0,7590.393087754902,759.680456956554,1.50126702564739,8.0,7.0,0.6328774339957554,1.0,1.0,0.0,9.991560291235707
16.0,7439.668091533922,664.3787526713319,1.4288352533949655,8.0,8.0,0.416592796722016,0.0,1.0,0.0,11.197931995297154
54.0,39236.73284219375,10433.117025592259,14.358696011920104,37.0,17.0,0.6837112734299101,1.0,1.0,0.0,3.7607871881381865
56.0,41124.257224008325,13772.728226812147,18.75469206654051,38.0,18.0,0.43012490666975906,1.0,0.0,0.0,2.9859194595845877
31.0,22401.890223650855,1651.664001002893,2.2855921317315215,18.0,13.0,0.6638071821830541,1.0,1.0,0.0,13.563224850846414
11.0,5558.448744986605,699.567713213862,1.384423100472617,7.0,4.0,0.6515815872703663,1.0,0.0,0.0,7.945547857620115
45.0,14648.076202598982,2510.967963518763,7.71388384355183,30.0,15.0,0.6455970990198825,1.0,1.0,0.0,5.833637232898741
30.0,26551.278466555526,39261.774835646465,44.36145124058863,21.0,9.0,0.3157541121436988,1.0,0.0,0.0,0.6762628174019568
51.0,34234.35156494627,2022.26612571189,3.012634026838424,17.0,34.0,0.6399479873791161,1.0,1.0,0.0,16.928707418710726
22.0,8990.700481873486,12936.987999400937,31.656458421748322,15.0,7.0,0.5885200475806867,0.0,0.0,0.0,0.6949608736044133
59.0,46301.06239394405,3084.2365214221013,3.930146423329257,34.0,25.0,0.4337193105598064,1.0,1.0,0.0,15.012163325462222
48.0,18858.15441351269,2458.474958016867,6.257600579421101,26.0,22.0,0.496039370622291,0.0,1.0,0.0,7.67067175202169
14.0,10949.969528928239,912.9675005729617,1.1672676325038591,7.0,7.0,0.5559660160708833,0.0,0.0,0.0,11.99382181956777
44.0,35008.90438658352,7014.1593060616315,8.815557495280702,19.0,25.0,0.6774147913023428,0.0,0.0,0.0,4.991176113768738
18.0,5682.662021948199,1803.8917899545745,5.7138805886700545,11.0,7.0,0.6120337950946946,0.0,0.0,0.0,3.1502233413298586
22.0,13559.736533292227,1268.3211675491316,2.0577881891416214,12.0,10.0,0.47140029691806984,1.0,1.0,0.0,10.6910906166572
16.0,10503.010252676253,754.1163303804526,1.1488002958973367,6.0,10.0,0.5581682825738306,0.0,1.0,0.0,13.927573014335165
41.0,41942.25543660792,10618.047267855833,10.379507097324979,22.0,19.0,0.37434835017752194,0.0,1.0,0.0,3.9500912341556735
17.0,5976.176200044886,682.573362671331,1.9416675106275267,6.0,11.0,0.4695769582931595,0.0,1.0,0.0,8.755361001279656
39.0,30673.837560551867,3438.4369522444767,4.371772552841346,19.0,20.0,0.6165205333209932,0.0,0.0,0.0,8.920866657313343
35.0,17621.42212623488,4042.7380729722445,8.029762384692477,19.0,16.0,0.5426358857983167,1.0,0.0,0.0,4.358784024135283
45.0,11327.722347774876,1000.4403436453438,3.9743042848224284,25.0,20.0,0.6132996590684763,1.0,0.0,0.0,11.322736452730014
59.0,28084.15139595541,9483.349308065233,19.922895347175373,21.0,38.0,0.5039266941888891,0.0,0.0,0.0,2.961416951294928
2.0,1000.9859044398828,97.94865653698798,0.19570436726938065,1.0,1.0,0.4520573737179319,1.0,0.0,0.0,10.219496007705672
59.0,17005.09572123959,7352.096721816017,25.50845427146616,24.0,35.0,0.5970161512351785,1.0,0.0,0.0,2.3129586517516896
8.0,4499.4777901624475,462.12139406970414,0.8216444940878703,4.0,4.0,0.33750194339198414,0.0,1.0,0.0,9.736571056659992
32.0,22129.979235190924,3531.5292979081223,5.106599347972002,22.0,10.0,0.6914427336918715,0.0,0.0,0.0,6.266401144767358
21.0,11500.442747060453,1267.6416784759895,2.314734817909515,13.0,8.0,0.6793495096016136,1.0,1.0,0.0,9.072313527026624
39.0,15273.616102836962,1754.922453856703,4.481059052394202,23.0,16.0,0.6521474424811456,1.0,0.0,0.0,8.703299720891325
43.0,20223.14021170009,1113.4088128272049,2.3674156659345535,19.0,24.0,0.6537112395398582,0.0,1.0,0.0,18.163265800230928
51.0,25453.6577607068,2590.9100312805626,5.191254350849712,18.0,33.0,0.5044224482005704,0.0,1.0,0.0,9.824215219131432
25.0,13586.608137405245,829.5112072489604,1.526339758348583,16.0,9.0,0.49917828818154864,0.0,1.0,0.0,16.379053132343646
56.0,40430.10453708835,8882.291246994047,12.302919211484394,28.0,28.0,0.6280328685933014,1.0,1.0,0.0,4.551765238588719
20.0,11087.759013544357,1567.3844920508454,2.82723405177943,7.0,13.0,0.4133026048803221,1.0,0.0,0.0,7.074051752953464
13.0,2852.9887655627526,1842.976539164251,8.397753015480033,7.0,6.0,0.639965511762394,0.0,1.0,0.0,1.548033143632159
23.0,8913.32306885202,1055.5908446761282,2.7238538578718745,13.0,10.0,0.38035208476151344,1.0,0.0,0.0,8.443918506688798
32.0,17062.534725738475,1274.220885853101,2.389742731822307,14.0,18.0,0.6516429084311723,1.0,1.0,0.0,13.390562747144873
40.0,28992.99587963291,1728.7131658360204,2.3850079833252584,12.0,28.0,0.5164340879142607,0.0,0.0,0.0,16.771432330482455
50.0,37978.46441536552,3349.0702006052948,4.409170107533773,27.0,23.0,0.6372844110633614,1.0,0.0,0.0,11.340002490393147
15.0,12824.056024762367,1000.3593185719566,1.1700970230951095,5.0,10.0,0.4972571134275967,0.0,1.0,0.0,12.819449758381916
19.0,9996.334710801359,2787.2286286583153,5.297676145966371,9.0,10.0,0.5433728744246039,1.0,1.0,0.0,3.5864781984581153
56.0,36549.062765627925,46132.635015554,70.68382512124425,35.0,21.0,0.6707144520696302,1.0,1.0,0.0,0.7922604627571156
27.0,5645.907714223966,356.3395675924058,1.7040959243375435,19.0,8.0,0.4672849009232396,1.0,1.0,0.0,15.844178496287455
16.0,9375.621034116746,2771.8741457732535,4.73035185306529,7.0,9.0,0.3881145552162586,1.0,0.0,0.0,3.382412238453663
59.0,16811.88360276183,8995.929810067499,31.570517101771394,18.0,41.0,0.33639213538535545,1.0,1.0,0.0,1.8688322338784107
28.0,13649.780503773402,727.8187291573427,1.4929855033765531,14.0,14.0,0.5359916254624861,1.0,0.0,0.0,18.754368302086576
59.0,65252.09298869128,3385.8054395192603,3.061396374921749,24.0,35.0,0.5444340481360047,1.0,0.0,0.0,19.27225121298057
55.0,30839.09659809473,2498.2392065543786,4.455485779988112,36.0,19.0,0.5482820437364648,1.0,0.0,0.0,12.344332967469768
54.0,17670.81723285245,2323.9414043280512,7.101699609025809,32.0,22.0,0.3148664483032421,0.0,1.0,0.0,7.603813590111503
35.0,20354.52304170534,1220.7980418256936,2.099186081459733,16.0,19.0,0.31096619476215925,1.0,0.0,0.0,16.673128842232835
48.0,19036.078208742194,4604.578324480016,11.610572154170859,29.0,19.0,0.6581668080211708,1.0,0.0,0.0,4.134163188741478
57.0,17547.517110003915,2036.5308119683698,6.6153094796538525,25.0,32.0,0.5782007932901461,1.0,0.0,0.0,8.616376932222154
17.0,15650.674413527702,2182.040442336698,2.370165434382877,9.0,8.0,0.3453268831946554,0.0,0.0,0.0,7.172495115062005
4.0,2853.449621013402,156.2817727589072,0.2190776688090309,3.0,1.0,0.3298547174965052,0.0,1.0,0.0,18.25836481529655
20.0,11382.14649998298,618.6097302643959,1.0869825480902409,8.0,12.0,0.3647428056365725,0.0,0.0,0.0,18.39955943647736
38.0,16022.142994118687,1229.1468231434244,2.915189266291985,16.0,22.0,0.6227675920243626,0.0,1.0,0.0,13.035174230157144
33.0,14448.789412383487,6395.347294841949,14.60651510007508,22.0,11.0,0.5892344110974439,0.0,0.0,0.0,2.2592657984402025
6.0,4850.97824021298,501.66552080224756,0.6204919865155554,3.0,3.0,0.5554612755965751,0.0,0.0,0.0,9.669746153683136
34.0,19084.727256119062,3859.944533776953,6.876604123663231,15.0,19.0,0.5563163148427765,0.0,1.0,0.0,4.944300906169931
12.0,480.0,27.11241360370251,0.6778103400925628,4.0,8.0,0.6435495466326971,0.0,0.0,0.0,17.704067480530412
31.0,30509.81879708479,10853.199748979074,11.027570974970816,14.0,17.0,0.43338349534525133,0.0,0.0,0.0,2.8111358403732276
35.0,18781.436498805993,16569.56518550641,30.878084406887243,18.0,17.0,0.4288920083121535,1.0,0.0,0.0,1.1334900034211117
38.0,21609.604443584605,1532.2310172725147,2.6943935419253435,18.0,20.0,0.470170731868778,1.0,0.0,0.0,14.10335921932406
25.0,17933.474067173986,1972.2161294468535,2.74935035183292,10.0,15.0,0.6958704048371254,1.0,1.0,0.0,9.09305719561465
25.0,14827.014136557935,883.8556605988298,1.4902792505261873,11.0,14.0,0.5219595770410008,1.0,1.0,0.0,16.775379507681535
41.0,26624.65066527784,17301.52899543271,26.643079668190587,23.0,18.0,0.5187604540187518,1.0,0.0,0.0,1.5388611418277696
45.0,18686.488793715675,1165.6130186055966,2.8069792252727446,30.0,15.0,0.6238375145603752,1.0,1.0,0.0,16.031468845526458
48.0,12193.964889922689,15341.633651865377,60.39039983607883,27.0,21.0,0.37122579976543757,1.0,0.0,0.0,0.7948283192409586
21.0,11676.977682187426,19142.68874048832,34.42641362272001,12.0,9.0,0.4621604032734094,0.0,1.0,0.0,0.6099967376834416
26.0,20444.39619182787,2209.4288877370227,2.80982380414467,16.0,10.0,0.5565449624768951,1.0,1.0,0.0,9.253249247034043
21.0,7779.229254790906,1742.3617648436932,4.703499005275302,8.0,13.0,0.6952067073681373,1.0,0.0,0.0,4.464761229129003
32.0,11340.64643315343,953.4210765268992,2.6902764872087785,13.0,19.0,0.36178783867923153,1.0,1.0,0.0,11.894688204780286
9.0,6697.834668683887,11853.545904007067,15.92782121584175,3.0,6.0,0.4808107120907048,0.0,0.0,0.0,0.5650490345188351
26.0,10622.324933266325,14050.297191042771,34.390562260345135,11.0,15.0,0.6622327208419558,0.0,1.0,0.0,0.7560213701414218
12.0,5014.6562067974355,344.4933501712241,0.8243676199479246,8.0,4.0,0.5902124273581789,0.0,1.0,0.0,14.556612498630212
32.0,13611.876653144052,3208.23341210288,7.542198023340087,14.0,18.0,0.545512094877965,1.0,0.0,0.0,4.242794991721617
51.0,24837.19399389711,1889.4034575027804,3.879648254803617,33.0,18.0,0.40284334520653975,0.0,1.0,0.0,13.145521617031635
59.0,10931.070468355942,728.2065801417016,3.930464848135071,20.0,39.0,0.3748842936768374,0.0,0.0,0.0,15.010947121940132
27.0,10587.563392275217,8582.260291570383,21.886152581760797,13.0,14.0,0.4496849174126538,1.0,0.0,0.0,1.2336567562131004
5.0,2730.3680191397216,177.22077192461833,0.3245364190510418,2.0,3.0,0.40204316254346323,0.0,1.0,0.0,15.406591391561573
15.0,8169.713808524488,1511.5094954802805,2.775206447078598,6.0,9.0,0.6233903595438719,1.0,1.0,0.0,5.405003298327657
8.0,5852.78888412734,748.3005031982617,1.0228293116502316,4.0,4.0,0.5882813711172767,0.0,0.0,0.0,7.821441866084977
46.0,39922.4084441922,22447.84284124689,25.86519228019112,26.0,20.0,0.634079248353735,0.0,1.0,0.0,1.778451886291568
59.0,47347.304670639955,2821.538701335251,3.5159505812800425,29.0,30.0,0.36843292428179986,0.0,1.0,0.0,16.780668168128813
34.0,23219.636211702753,2066.4401750595284,3.0258426665880873,22.0,12.0,0.4239877433478848,0.0,1.0,0.0,11.23653928719899
12.0,5643.036982158703,557.7185869717734,1.1859966654163352,8.0,4.0,0.6074205851898723,0.0,1.0,0.0,10.118072293051085
3.0,1126.158558025872,58.13130799885656,0.15485734469067827,1.0,2.0,0.36541936662445323,0.0,0.0,0.0,19.372668477509976
58.0,29207.389817097464,4344.146361362967,8.626600683487268,40.0,18.0,0.35824202284888695,1.0,0.0,0.0,6.7233899108163815
20.0,12342.315079091593,692.5695915453199,1.1222685324547617,7.0,13.0,0.45322355221511224,0.0,1.0,0.0,17.821046765210085
8.0,5315.100477193068,368.90506210526115,0.5552558243265148,3.0,5.0,0.3745747551804671,0.0,1.0,0.0,14.407773227238854
12.0,7495.405760438041,403.5399350601773,0.6460596498032852,6.0,6.0,0.33156106321568163,1.0,1.0,0.0,18.574136310252168
16.0,7612.238491596632,419.1611033910749,0.8810256879971353,9.0,7.0,0.425109809821997,1.0,0.0,0.0,18.16065095261107
40.0,26294.897918738094,1326.6151424286506,2.0180571098293365,21.0,19.0,0.6502398060159322,1.0,0.0,0.0,19.82104461027009
53.0,39865.24855388513,14892.034082319055,19.798642551947403,28.0,25.0,0.3226131714558444,1.0,0.0,0.0,2.676951203141293
17.0,11492.54530582964,721.4165162140891,1.0671335591271074,11.0,6.0,0.5264420482892629,1.0,0.0,0.0,15.93052702222732
41.0,20237.49294766013,1257.0134993196257,2.5466372541991897,17.0,24.0,0.5252015535656959,0.0,0.0,0.0,16.099662381202688
5.0,1666.1513074939933,129.10645387337345,0.3874391638162758,3.0,2.0,0.5123362243168168,1.0,0.0,0.0,12.905251887160812
2.0,656.973028244757,117.03914337518479,0.3562981685500232,1.0,1.0,0.502203489206017,0.0,1.0,0.0,5.61327611685213
5.0,1818.7823764078184,94.21444626974767,0.2590041763430369,2.0,3.0,0.30689458790397184,0.0,0.0,0.0,19.304708018984886
55.0,30327.827185424227,7346.4628961338085,13.322928042848762,23.0,32.0,0.3189804757385438,1.0,1.0,0.0,4.128221650909681
35.0,21138.626274889433,2110.374432166638,3.494224466874382,15.0,20.0,0.5044828050622626,1.0,0.0,0.0,10.016528798250858
48.0,10420.489747737312,996.8261711276386,4.591689773939485,22.0,26.0,0.6873237090852238,1.0,1.0,0.0,10.453667900742767
3.0,1197.6029349818696,365.29040858604924,0.9150538911920235,2.0,1.0,0.4631903122022997,1.0,0.0,0.0,3.2784954294789745
3.0,1645.9712791832362,113.79425270590225,0.20740505161615438,1.0,2.0,0.488930704997375,0.0,1.0,0.0,14.464450005548157
51.0,16323.264917004453,8954.558991196616,27.977399795508255,18.0,33.0,0.6928252461346421,0.0,0.0,0.0,1.8228999253957834
7.0,4107.465814283447,295.9844934280096,0.5044208637820425,4.0,3.0,0.6116453621742908,0.0,1.0,0.0,13.877300687991884
11.0,4823.6577599835555,284.0808062936057,0.6478255765061399,6.0,5.0,0.6080439388470624,1.0,1.0,0.0,16.979879150998208
32.0,11370.110261316757,1619.5680053028752,4.558106735869956,22.0,10.0,0.5018941788159087,0.0,1.0,0.0,7.020458680393871
37.0,18893.720200121843,1330.2677736990277,2.6050934969676653,19.0,18.0,0.6591650612793363,0.0,1.0,0.0,14.202945131554044
15.0,8676.840988737302,2730.591569564735,4.720482211975118,8.0,7.0,0.5324705221572261,0.0,1.0,0.0,3.1776414625496034
27.0,8917.943862942391,526.8571571144325,1.5951146879496307,13.0,14.0,0.5626789303617423,1.0,1.0,0.0,16.92668257898493
41.0,18510.57848552481,972.0394373219863,2.153018446255842,23.0,18.0,0.6150222081168819,0.0,0.0,0.0,19.043032386136833
27.0,16025.463237458382,5175.783354669768,8.720256538321904,13.0,14.0,0.46263395204202573,1.0,0.0,0.0,3.096239185320549
24.0,8341.967120079516,602.1951997676451,1.7325271829033198,9.0,15.0,0.6813081138172732,1.0,1.0,0.0,13.852596505748027
6.0,1010.691791491318,99.66067113374078,0.5916383528950242,4.0,2.0,0.6952028931396317,1.0,0.0,0.0,10.14133037630269
28.0,5395.186464137376,506.4280468295317,2.628266030374187,16.0,12.0,0.5348551328221348,0.0,1.0,0.0,10.653411670055954
48.0,19986.711705053094,1413.0407053796587,3.3935524191843762,26.0,22.0,0.3888221549032889,1.0,1.0,0.0,14.14446988608373
38.0,8980.021100080947,916.2938119924885,3.8774034568137816,19.0,19.0,0.6099608069301754,1.0,0.0,0.0,9.800372961761923
53.0,22814.147911131793,1896.9879895564684,4.406930464294737,31.0,22.0,0.42885544139197895,1.0,1.0,0.0,12.02651152075345
9.0,7496.897132110822,1609.99395231997,1.9327923693678786,3.0,6.0,0.5308414006355481,0.0,1.0,0.0,4.656475337256975
2.0,448.5606449245273,59.01176859573659,0.2631161215922794,1.0,1.0,0.33468140818332726,0.0,0.0,0.0,7.601206599948173
33.0,14634.807980247175,845.3785028335365,1.9062423388923433,12.0,21.0,0.6229562820120602,1.0,1.0,0.0,17.311544983926467
12.0,11117.530930251321,4957.5285323595945,5.351039071673651,4.0,8.0,0.6836347835482708,1.0,1.0,0.0,2.2425551073852925
36.0,20938.53659742511,1749.0135258593004,3.0071101978864077,11.0,25.0,0.33768860985345883,0.0,0.0,0.0,11.971626455626115
54.0,23028.588495263524,6179.638350996107,14.490704500730674,33.0,21.0,0.5926396241787455,1.0,1.0,0.0,3.7265268915860594
21.0,9841.092935019198,580.9908363874231,1.239781764555817,8.0,13.0,0.6443355454258985,0.0,1.0,0.0,16.93846497857127
33.0,19333.792555395634,1666.429443695272,2.844355109551275,21.0,12.0,0.34380248776620115,1.0,1.0,0.0,11.601926879378318
41.0,34405.32983114501,4252.389271150469,5.067469516288224,27.0,14.0,0.39871858782539565,0.0,0.0,0.0,8.090823214271909
10.0,3938.2927850455144,782.3383061408981,1.9864909717012236,4.0,6.0,0.45674849922202104,1.0,1.0,0.0,5.034002239353767
54.0,18817.808944806548,2146.9136160333055,6.160830711260594,32.0,22.0,0.6347041326827145,0.0,1.0,0.0,8.765051748833207
13.0,2915.097294771409,152.189704930191,0.6786964427023101,6.0,7.0,0.4973725062012189,0.0,0.0,0.0,19.154365902138757
48.0,24989.721912094115,2447.8787608982634,4.701860266250174,32.0,16.0,0.35478532101665483,1.0,1.0,0.0,10.208725330385231
40.0,8754.501041456697,929.7161326263928,4.2479457285972,20.0,20.0,0.4025484236148355,0.0,1.0,0.0,9.416316157412211
10.0,4072.434750356411,272.61952256371467,0.6694263733503786,5.0,5.0,0.486951136348027,0.0,0.0,0.0,14.938162579331166
44.0,14003.585718228898,1839.6749656563845,5.78035512600972,18.0,26.0,0.31570569846208796,1.0,1.0,0.0,7.611989063096538
13.0,9292.721126608674,1083.432940702537,1.5156624240883776,9.0,4.0,0.5523988275876881,0.0,0.0,0.0,8.57710780012184
36.0,14339.546010958999,2117.4422513547433,5.315922902336906,14.0,22.0,0.3101287585658901,1.0,1.0,0.0,6.7721072448538
57.0,33025.00573926402,10789.49156173401,18.622283486468948,36.0,21.0,0.6123485377090752,0.0,0.0,0.0,3.060849118821358
57.0,10213.351180750382,714.6954686805386,3.98866552161361,22.0,35.0,0.5935403750021906,1.0,1.0,0.0,14.29049382334288
52.0,27367.672326309592,1566.824552096113,2.9770480930039835,29.0,23.0,0.6461759967890595,1.0,0.0,0.0,17.466966731978292
30.0,7781.038164835508,429.4983390889229,1.6559422919807867,14.0,16.0,0.36308509620126317,0.0,1.0,0.0,18.116573352393175
34.0,14105.590200476958,800.452576380082,1.9294043857875964,12.0,22.0,0.5410340843829908,0.0,0.0,0.0,17.622018613853704
19.0,17902.56978217365,1975.328060009802,2.0964159669165308,7.0,12.0,0.6124110334347028,0.0,1.0,0.0,9.06308685863796
55.0,37753.91814964972,6603.659643369207,9.62022746740198,23.0,32.0,0.5062995122361491,1.0,1.0,0.0,5.717120534453765
29.0,13755.20701957842,1076.5954822502658,2.2697781967817017,18.0,11.0,0.35232173080513385,1.0,0.0,0.0,12.776578804536427
46.0,52430.2655700054,2745.5628901968175,2.4088356520037477,27.0,19.0,0.33957024667085106,0.0,0.0,0.0,19.096362992525332
22.0,6973.231362357403,479.1064274864503,1.5115433372253104,8.0,14.0,0.5423589631765022,0.0,1.0,0.0,14.55466043096367
44.0,32253.904162263185,3250.671275606838,4.434487540086522,22.0,22.0,0.49904304330956456,0.0,0.0,0.0,9.922228803723623
15.0,2901.9766294586566,210.41424143996656,1.0876082148836148,5.0,10.0,0.6718240546928601,1.0,1.0,0.0,13.791731061543292
44.0,19853.479732698062,1284.0066662768777,2.845662023828245,26.0,18.0,0.6335363084093083,0.0,1.0,0.0,15.46213135346522
4.0,921.7681998555515,50.124914840191494,0.21751635540495526,2.0,2.0,0.5894996766615259,1.0,1.0,0.0,18.38942176349501
8.0,4411.641464145399,288.7926751649487,0.5236920135274722,5.0,3.0,0.6929587042189369,0.0,0.0,0.0,15.276154291744476
22.0,11246.26911574653,1293.8418072731904,2.5310189065416746,14.0,8.0,0.5778442734092798,0.0,0.0,0.0,8.692151584936317
29.0,12715.544164735225,2308.3706059932133,5.264638831538133,13.0,16.0,0.33694509347964263,0.0,0.0,0.0,5.508450043386408
43.0,30891.690416086236,3082.1912037985853,4.290287128292746,17.0,26.0,0.3310251910029572,0.0,1.0,0.0,10.022639211355346
22.0,8504.764518787722,1289.1573672554493,3.3347733516862332,14.0,8.0,0.6263476773639751,1.0,1.0,0.0,6.597149994879162
3.0,1696.1110486843943,89.94046196096633,0.15908238207173328,1.0,2.0,0.4442814334412284,1.0,1.0,0.0,18.85815362412189
20.0,13282.219761085355,1304.2346775345115,1.963880587724798,6.0,14.0,0.669713514624938,0.0,0.0,0.0,10.183918576826747
27.0,5490.605471960612,579.9410203254114,2.851854431856443,11.0,16.0,0.34729897402058985,1.0,0.0,0.0,9.467523902481966
33.0,11560.465344949069,1652.317773187693,4.716634226062299,20.0,13.0,0.37951480477409655,1.0,1.0,0.0,6.996514552189515
39.0,19920.115545063505,1555.5092889417208,3.0454071479400002,23.0,16.0,0.6092669997240081,0.0,0.0,0.0,12.806169456317427
16.0,10016.49094217062,960.8123583051406,1.5347687949439557,11.0,5.0,0.6389897766912157,0.0,0.0,0.0,10.425023008487909
37.0,29017.159467819347,11056.152363182235,14.09778368869698,16.0,21.0,0.6468785377143325,1.0,1.0,0.0,2.6245260118202176
38.0,17359.313529667805,998.1954548159298,2.185076455827525,16.0,22.0,0.3396557061005887,0.0,0.0,0.0,17.390695826068367
47.0,20525.172199091092,2845.854321139499,6.516639753184603,21.0,26.0,0.4527209209953877,0.0,0.0,0.0,7.212306001268778
32.0,10415.385406632551,1199.9375333716828,3.686661565441628,20.0,12.0,0.5585545412412731,0.0,1.0,0.0,8.679939677665176
49.0,27733.844103334926,6677.933602071702,11.798535582817607,19.0,30.0,0.6675182466726253,0.0,0.0,0.0,4.153057780438402
14.0,6168.070793645344,556.1683629906884,1.262365063950228,10.0,4.0,0.39560601241670623,0.0,1.0,0.0,11.090294241976888
43.0,19143.322539698824,1361.9325973814882,3.0591921316666775,22.0,21.0,0.5401371533921533,1.0,1.0,0.0,14.05599849545023
4.0,1924.8891952891934,109.1872540050844,0.22689566604103717,2.0,2.0,0.35740771817940264,1.0,0.0,0.0,17.629248146487495
7.0,4272.279286926475,3957.3790920744955,6.484045584119652,4.0,3.0,0.5989114845688465,0.0,1.0,0.0,1.07957291619664
52.0,20137.202246935685,1034.3759823691423,2.6710538248370796,26.0,26.0,0.35100978266782173,0.0,1.0,0.0,19.467971598502597
29.0,10021.483084328353,711.1891620547839,2.0580272925712375,17.0,12.0,0.6999929953768955,0.0,0.0,0.0,14.091163953306117
38.0,22281.103814619182,3894.100533162942,6.641314608619219,17.0,21.0,0.3369067598749759,0.0,0.0,0.0,5.721758754009771
36.0,1440.0,348.72980571521316,8.71824514288033,22.0,14.0,0.57413486241522,0.0,0.0,0.0,4.129271362528622
42.0,15929.103341241844,2674.034985383279,7.050583261351483,26.0,16.0,0.6108155336659531,1.0,1.0,0.0,5.956953977159229
16.0,4315.809601896435,246.32591854630604,0.9132040243408941,8.0,8.0,0.4031959133826571,0.0,0.0,0.0,17.520728745745526
12.0,8887.819735240293,1515.856232765211,2.046652085106757,5.0,7.0,0.401931467726496,1.0,0.0,0.0,5.86323395525921
4.0,1647.2537899656827,177.44304814136535,0.4308821123308802,3.0,1.0,0.538458820640008,1.0,1.0,0.0,9.283281634416854
52.0,20168.5524012208,1427.409975859186,3.6802501869288755,35.0,17.0,0.5521898339519896,0.0,1.0,0.0,14.12947418213254
14.0,6863.857041290833,393.4299683711778,0.8024671149270669,8.0,6.0,0.5882103904663191,1.0,0.0,0.0,17.446197781291517
35.0,13332.393000745606,1010.9108973644262,2.6538282666717223,24.0,11.0,0.5321175950727702,1.0,1.0,0.0,13.188494688804777
28.0,11745.170314340205,779.1401460445677,1.8574378664064035,14.0,14.0,0.36978670958817283,0.0,0.0,0.0,15.074528470861733
11.0,5713.642902930958,1628.8071043360194,3.1358064289431344,5.0,6.0,0.6696573898617098,0.0,0.0,0.0,3.507869586104314
26.0,10805.389740567405,615.5413920326897,1.4811197538543888,13.0,13.0,0.36664463028537847,0.0,1.0,0.0,17.55428616243822
6.0,2484.9390572735556,447.68855277917817,1.0809646654362055,2.0,4.0,0.5260954073487532,0.0,0.0,0.0,5.550597713181308
12.0,3575.6215830928586,1369.3695454625688,4.5956861383908025,6.0,6.0,0.6680011378645128,1.0,1.0,0.0,2.611144372927488
10.0,2692.4325189589376,137.88909000226172,0.5121357323955449,6.0,4.0,0.6651878365805299,1.0,1.0,0.0,19.526073592296353
49.0,25094.241596384752,6161.548813292593,12.031281785970894,17.0,32.0,0.3671625899242595,1.0,0.0,0.0,4.072716512810511
34.0,19084.883466543593,6874.44589701957,12.246926260168342,14.0,20.0,0.3954410782923826,1.0,0.0,0.0,2.77620680305563
55.0,11790.276918376554,940.2796830733589,4.3862737853451215,32.0,23.0,0.5407402308238067,0.0,1.0,0.0,12.539116957030643
27.0,17603.683643056578,2745.7191503636977,4.211301370952589,17.0,10.0,0.4348657332312588,1.0,1.0,0.0,6.4113198324471
13.0,8486.523863544342,3131.1927646403014,4.796487536573488,9.0,4.0,0.5923532957913131,0.0,1.0,0.0,2.710316643350841
37.0,25712.69962326181,2135.186640843906,3.072485848189699,15.0,22.0,0.508961728373627,0.0,0.0,0.0,12.042366288456726
55.0,30798.779932146575,2027.3351800526825,3.6203848057797434,35.0,20.0,0.40643602237767557,1.0,0.0,0.0,15.191755283083598
32.0,20077.325441849574,1264.7685802415167,2.015835958078692,12.0,20.0,0.46441516704493707,1.0,0.0,0.0,15.874307565432773
3.0,2811.015506746993,891.6848720866274,0.9516328208930979,1.0,2.0,0.5764444284312955,0.0,1.0,0.0,3.152476390194834
19.0,8354.217916666286,748.6195089261505,1.7025855455866288,11.0,8.0,0.6140565436762939,1.0,1.0,0.0,11.159498005401847
55.0,15997.393490214876,982.4668643630433,3.3777801098047244,26.0,29.0,0.44782439605782687,1.0,0.0,0.0,16.28288349509514
32.0,6182.016747382646,1894.1825220436842,9.804865173013434,20.0,12.0,0.3419941533458264,1.0,0.0,0.0,3.2636858779124953
57.0,48514.6828046484,11569.67899149106,13.593239497626968,24.0,33.0,0.4413108028943787,1.0,0.0,0.0,4.1932609228249635
31.0,26466.481003931676,269770.5446615342,315.9803104638364,12.0,19.0,0.5521882878354014,0.0,1.0,0.0,0.09810737876196851
2.0,630.1601032263078,59.92136302010842,0.19017821887904895,1.0,1.0,0.6039328643385607,0.0,0.0,0.0,10.516451420085998
52.0,18435.86354814301,4686.408968168,13.218435128268373,18.0,34.0,0.6518636954543936,1.0,1.0,0.0,3.9338998523959203
46.0,20019.28245471322,1380.769734461216,3.172711505964204,19.0,27.0,0.6847767529034159,0.0,0.0,0.0,14.498639385751638
43.0,32028.609100455455,1664.155260960743,2.2342111702969443,16.0,27.0,0.5117456697977053,0.0,0.0,0.0,19.246166419571235
58.0,14067.294497628402,3337.696143179374,13.761450457800562,25.0,33.0,0.6520829772603511,1.0,1.0,0.0,4.214672005531451
13.0,1386.7892352889244,106.6803180472823,1.0000395873607528,8.0,5.0,0.40483120705025305,1.0,0.0,0.0,12.999485384682476
54.0,50409.156346871336,11788.589075668351,12.628336917715561,19.0,35.0,0.5238606857701459,0.0,1.0,0.0,4.276097506097302
15.0,8437.119860760227,20616.716544696606,36.65359189795652,8.0,7.0,0.5157539703457898,1.0,0.0,0.0,0.40923683664509475
58.0,34271.19434865531,2257.1851303242715,3.820022618031242,31.0,27.0,0.6074776564709992,1.0,1.0,0.0,15.183156174580967
13.0,5966.7243864800175,685.1693741299232,1.4928126869529625,7.0,6.0,0.6092491398009006,0.0,0.0,0.0,8.708393299185312
33.0,19574.180496538957,1033.5710873278651,1.7424916403448099,16.0,17.0,0.4141371833291835,0.0,1.0,0.0,18.938397887217327
47.0,9266.464696594732,865.2966475789632,4.388830451289197,27.0,20.0,0.6543445736279099,0.0,1.0,0.0,10.709003348760941
6.0,1990.8953197677242,623.7564309731356,1.8798269043474631,4.0,2.0,0.6565971933327469,1.0,0.0,0.0,3.1917832360648952
5.0,2605.1578845226054,288.72413295464025,0.5541394144860992,2.0,3.0,0.6792966103025032,1.0,0.0,0.0,9.023000113855694
51.0,2336.9128924175325,570.2998878365978,12.44603270153463,32.0,19.0,0.48305773099566807,1.0,1.0,0.0,4.097691306380029
5.0,2197.482386185771,125.09375061477476,0.28462970033608176,2.0,3.0,0.6949657296586387,0.0,1.0,0.0,17.56668399009716
37.0,15805.183659525386,1142.5281071265279,2.674663001350467,18.0,19.0,0.6139645323057192,1.0,1.0,0.0,13.83351845870612
56.0,24609.869402155953,3588.6403039834563,8.165986326017157,28.0,28.0,0.5612749528853915,1.0,0.0,0.0,6.857714152861336
37.0,14421.99462212474,1363.135498611465,3.4971593576418663,14.0,23.0,0.4729031881216722,0.0,0.0,0.0,10.580015440002452
29.0,8723.826829927917,650.7341782792987,2.163189565542487,10.0,19.0,0.6369724883233001,1.0,0.0,0.0,13.406129754849918
26.0,3525.4343785912165,225.00841223530563,1.6594320273394867,9.0,17.0,0.6056550219899461,1.0,1.0,0.0,15.668011447076234
39.0,20629.026967905815,12510.501619014014,23.651603340313894,12.0,27.0,0.5342233060961941,1.0,1.0,0.0,1.6489368369173067
35.0,15399.132092426298,30844.47551346342,70.10503166617906,19.0,16.0,0.6988583548026954,1.0,1.0,0.0,0.49925089780517334
31.0,6973.254411274196,2988.5401981939513,13.285725814653574,11.0,20.0,0.39978454623762527,0.0,0.0,0.0,2.3333313085393015
10.0,5125.066825667541,646.2740013525935,1.2610059992113687,6.0,4.0,0.5567016365146453,0.0,0.0,0.0,7.930176387942631
40.0,17640.398439418354,1884.4975147157843,4.273140476248609,26.0,14.0,0.4284508662206695,0.0,0.0,0.0,9.360796871137737
44.0,17942.98922537339,6471.98369433896,15.870671211696518,18.0,26.0,0.48313729613660983,1.0,0.0,0.0,2.772409522766275
43.0,2950.703973455925,357.5525173639268,5.210539039143809,16.0,27.0,0.4355785976575438,1.0,0.0,0.0,8.252505101097126
6.0,3819.3210147694713,431.05638219599325,0.6771722730753668,3.0,3.0,0.433822082101431,1.0,0.0,0.0,8.86037458791852
42.0,10642.371263083307,4780.19908723905,18.865002610881806,27.0,15.0,0.45073044338942997,0.0,1.0,0.0,2.226344775365859
44.0,22556.778242602923,1230.099131430299,2.3994721764258258,20.0,24.0,0.3226718305879997,0.0,1.0,0.0,18.337366205904893
12.0,4060.1557357615375,338.26283775959485,0.999753289599811,4.0,8.0,0.3159444333391826,1.0,1.0,0.0,12.002961255374766
51.0,21534.989521010553,2760.4417405007557,6.537385524529021,35.0,16.0,0.5899689048697221,1.0,1.0,0.0,7.801283832602827
32.0,23374.67194719943,2300.0232055748847,3.148739060152439,16.0,16.0,0.42436342118542303,0.0,1.0,0.0,10.162798310270523
29.0,17583.38556465957,2782.9563245526588,4.589885896276748,13.0,16.0,0.3084858443293894,0.0,1.0,0.0,6.318239855052694
43.0,31218.34353808944,1826.285170993991,2.5155166306926886,28.0,15.0,0.3325924626306948,1.0,1.0,0.0,17.09390408130963
31.0,17548.390066653756,1523.0928083361368,2.6906101858393257,21.0,10.0,0.3783396964944157,0.0,1.0,0.0,11.521550079291648
33.0,19114.547656649152,1926.253885880807,3.3255497004635917,16.0,17.0,0.31928490250002134,1.0,1.0,0.0,9.923171497151193
20.0,2875.443999095289,157.7992620391219,1.0975644950050902,8.0,12.0,0.6784588817598974,0.0,0.0,0.0,18.222163791757172
55.0,24007.225067467905,1431.754638692605,3.2801169192520443,27.0,28.0,0.5273443520637294,0.0,0.0,0.0,16.76769497976965
58.0,26391.056390556143,1622.527578005567,3.565851936036872,22.0,36.0,0.4576097479127738,0.0,1.0,0.0,16.265397733945694
9.0,6702.596676633555,1472.8056732864761,1.977629223281247,4.0,5.0,0.5130848935410754,1.0,0.0,0.0,4.550903624425291
44.0,17545.18191441903,5650.975132556613,14.171577533097595,17.0,27.0,0.3451280403436462,0.0,1.0,0.0,3.1048060737937173
3.0,1658.9157054336733,120.05968096135427,0.2171171456779384,2.0,1.0,0.5807382320043534,0.0,0.0,0.0,13.817425568269316
23.0,12538.483778189859,1333.964552839617,2.4469613119155413,14.0,9.0,0.6878361976930472,0.0,1.0,0.0,9.399413014010848
58.0,42429.031859256436,3099.256331444381,4.236647864604948,40.0,18.0,0.35226285423166037,0.0,1.0,0.0,13.69006862348903
12.0,5679.01420246528,373.01778374061837,0.7882025375010122,8.0,4.0,0.36104004903631504,1.0,0.0,0.0,15.224513280616772
23.0,15307.819963988475,2576.421517032414,3.871073414186264,8.0,15.0,0.5514653539341747,1.0,0.0,0.0,5.9415044715277805
14.0,2226.3776244149312,388.6305852586542,2.4438029442785796,5.0,9.0,0.3607719709411286,1.0,0.0,0.0,5.728776140800033
44.0,7796.628990093314,792.1721088337007,4.470595283291229,23.0,21.0,0.3504211152999063,1.0,1.0,0.0,9.842089746850766
28.0,1213.271670102651,220.30209546873198,5.084152894299924,11.0,17.0,0.5681935270280559,0.0,0.0,0.0,5.507308804853622
36.0,23659.09182096,1770.5533889137332,2.694098424539952,11.0,25.0,0.54746298695382,1.0,1.0,0.0,13.362540756523181
56.0,35545.06970323384,2378.0305037032917,3.746502941736213,34.0,22.0,0.38709480432265836,1.0,0.0,0.0,14.9472723953203
32.0,21739.696472955406,2296.3230256713077,3.380099483582729,14.0,18.0,0.6292715795307704,0.0,1.0,0.0,9.467176973762225
44.0,16039.215845785502,1106.9310792988404,3.0366177472414773,14.0,30.0,0.3421003381282382,1.0,0.0,0.0,14.489805323692933
7.0,2711.0332794514675,264.92450683987545,0.6840460284775072,4.0,3.0,0.4330299597010152,0.0,0.0,0.0,10.233229502961985
14.0,6661.06660054553,466.7295554595708,0.9809560793010013,10.0,4.0,0.5955470575214512,1.0,0.0,0.0,14.271790853241834
56.0,44169.432193013745,9732.987632509696,12.339921080234143,32.0,24.0,0.545560484084965,0.0,1.0,0.0,4.53811654352472
51.0,42777.04690174492,2892.3111463620853,3.4482948017257673,19.0,32.0,0.5400283812614127,1.0,1.0,0.0,14.789918766364186
40.0,26350.4679187309,1840.537501842367,2.7939352083141475,20.0,20.0,0.574509651578857,0.0,1.0,0.0,14.316724267967505
23.0,13022.690734096106,2425.6314063448744,4.284024207060647,15.0,8.0,0.5585850899354996,0.0,1.0,0.0,5.368783855631094
13.0,9971.995014020327,895.0218977332206,1.1667960778332724,4.0,9.0,0.6497082959161136,1.0,1.0,0.0,11.141621271251491
51.0,22890.406937074506,1337.5668356196688,2.9801090388706477,28.0,23.0,0.5275069390279982,0.0,0.0,0.0,17.11346777409431
47.0,19825.149613466427,3942.967593937732,9.347696260975168,28.0,19.0,0.46051379294463046,1.0,1.0,0.0,5.027976807100157
16.0,7587.129214035805,514.982278865143,1.0860124072487432,9.0,7.0,0.6064357308783392,0.0,0.0,0.0,14.732796691092792
36.0,10953.256540179042,574.0208300857822,1.886630684425691,13.0,23.0,0.4036958777979626,1.0,0.0,0.0,19.081636007080398
37.0,17204.930703650065,992.6956464578964,2.1348379456797155,25.0,12.0,0.60383681430074,0.0,1.0,0.0,17.33152629916342
29.0,8019.033346053147,994.877092413621,3.597869523038618,12.0,17.0,0.4119935915746151,0.0,0.0,0.0,8.06032564947151
55.0,38775.086007895356,3187.7459563421858,4.521615440469183,18.0,37.0,0.49215230338039884,0.0,1.0,0.0,12.163794273113362
9.0,5478.637303859432,276.19926535919603,0.4537247586150017,3.0,6.0,0.5956773272962445,0.0,1.0,0.0,19.835814178341444
16.0,12574.599672153041,1103.9718510335142,1.4047007520766543,8.0,8.0,0.5510636991286162,0.0,1.0,0.0,11.390326356945584
7.0,1219.0040759201347,519.8753532884837,2.9853283880716157,2.0,5.0,0.3342756181183991,1.0,1.0,0.0,2.344800668485813
42.0,36974.25435414541,38662.10427327954,43.91727183798328,26.0,16.0,0.47862387075439267,1.0,1.0,0.0,0.9563435578362801
39.0,7234.691772411165,457.4062674036878,2.465736618769389,25.0,14.0,0.6247422239872965,1.0,1.0,0.0,15.816774469393367
59.0,15359.964714018173,1806.7602570895813,6.940045576471834,18.0,41.0,0.6987059889484867,1.0,0.0,0.0,8.501385091766831
33.0,12402.577790703604,2493.5231873915423,6.634609882922795,21.0,12.0,0.48671919269357355,1.0,1.0,0.0,4.973917168052428
10.0,7615.441383939729,1090.0915024313483,1.4314226155430094,7.0,3.0,0.3343702890220422,1.0,0.0,0.0,6.986057011685892
28.0,15263.21158448001,1006.8354688912525,1.847015811378828,9.0,19.0,0.446474284157975,1.0,0.0,0.0,15.159588687601724
7.0,3158.639049269799,338.4854150857898,0.7501325313344289,4.0,3.0,0.4959691990584181,1.0,1.0,0.0,9.331684345894892
40.0,13658.980522838716,786.0575792969065,2.3019509486306577,28.0,12.0,0.32937141131894704,1.0,1.0,0.0,17.376564875891237
41.0,9217.33176458226,626.5279151585347,2.7868850962059426,25.0,16.0,0.645703593302758,1.0,1.0,0.0,14.7117654961151
51.0,37052.798701668704,1901.9399003864373,2.617857174587459,26.0,25.0,0.5155164419628501,1.0,1.0,0.0,19.48158230138623
21.0,13854.284896404286,779.3968030129126,1.1813913879827251,14.0,7.0,0.4664462389765467,1.0,1.0,0.0,17.775650147457373
19.0,14639.31143295093,2854.659190398867,3.7049915131592566,11.0,8.0,0.4588738018443987,1.0,0.0,0.0,5.128216875130882
6.0,3476.181752377349,263.3823858274445,0.45460635476954253,3.0,3.0,0.311323414737816,0.0,1.0,0.0,13.19823169441094
26.0,1040.0,2261.688006993881,56.542200174847025,10.0,16.0,0.5075502485601183,0.0,1.0,0.0,0.4598335388364703
29.0,7281.418990447578,367.3295454883745,1.462978141092807,15.0,14.0,0.4902304326604686,0.0,0.0,0.0,19.822579152370484
45.0,26683.841752620378,5075.799306033645,8.559898191911735,20.0,25.0,0.4383541028163267,0.0,1.0,0.0,5.257071870611801
45.0,19172.54677287582,1440.1737686449958,3.3802405260375252,19.0,26.0,0.5634709167623346,0.0,0.0,0.0,13.312662117790502
10.0,3882.3160661437464,228.49768091875083,0.5885602228818907,4.0,6.0,0.4644128980672196,1.0,0.0,0.0,16.990614742931328
18.0,5028.383646397697,1546.5905979094446,5.536298087023138,11.0,7.0,0.5287056015354858,0.0,0.0,0.0,3.25127002142303
31.0,21375.05531797015,1259.9358850639674,1.8272707067170328,18.0,13.0,0.654016969916148,1.0,0.0,0.0,16.96519288906906
21.0,12416.009077140094,42188.126118806336,71.35550908432512,9.0,12.0,0.4455546803672255,1.0,1.0,0.0,0.29430103252690737
3.0,1800.7147337448735,203.07032703858982,0.33831620839177456,1.0,2.0,0.4591695358754194,0.0,0.0,0.0,8.867443904803878
51.0,19037.257062392415,2010.875069815803,5.3870485766145295,18.0,33.0,0.6463615885067377,0.0,1.0,0.0,9.467150569496212
44.0,23551.332278318325,3134.698297538208,5.856429838521635,15.0,29.0,0.4432375720951394,1.0,1.0,0.0,7.513109729511781
32.0,7438.304472342521,633.1347132097698,2.7237807887597962,18.0,14.0,0.47574515962747366,0.0,0.0,0.0,11.74837568869497
20.0,9480.688076615226,518.0391102555263,1.0928301955916166,7.0,13.0,0.6203248889433046,1.0,0.0,0.0,18.30110485661751
50.0,2000.0,304.25502954618804,7.606375738654702,34.0,16.0,0.5367467609565719,0.0,0.0,0.0,6.573432830290767
4.0,745.5070886923559,64.2333284494789,0.34464234840286384,2.0,2.0,0.6735543395081056,1.0,0.0,0.0,11.606234748970163
27.0,11759.516041039138,669.8526486072199,1.5379902922260698,8.0,19.0,0.4882651760688915,1.0,1.0,0.0,17.55537738857929
48.0,46801.13420423935,3025.037382487585,3.1025272534153965,31.0,17.0,0.4916105633520632,1.0,0.0,0.0,15.471258132272494
57.0,7971.528962956547,9240.974225998309,66.07710181191432,25.0,32.0,0.3171713482865916,0.0,0.0,0.0,0.8626286328696451
16.0,4020.542103872439,213.19323574867923,0.8484158812050318,7.0,9.0,0.37892126546472665,1.0,1.0,0.0,18.85867574434686
39.0,21190.84341420392,21609.952451515248,39.771335625281715,14.0,25.0,0.5159997264207163,0.0,1.0,0.0,0.980605739959324
13.0,11100.499555637967,941.0607129899935,1.1020935776405079,7.0,6.0,0.37484425478846123,1.0,1.0,0.0,11.795731563767875
8.0,4323.475995180917,375.0313769636308,0.6939441826560899,4.0,4.0,0.48143335827291933,0.0,0.0,0.0,11.528304725287539
22.0,14089.424150138288,895.221112983117,1.3978473694707578,14.0,8.0,0.4133268720510258,1.0,0.0,0.0,15.738485102511206
53.0,22921.400242829342,7611.444602666863,17.59956022178637,29.0,24.0,0.30832533228422904,0.0,1.0,0.0,3.011438884387104
41.0,16312.902970697112,4495.845603193039,11.299623988570657,27.0,14.0,0.4900437710155663,0.0,1.0,0.0,3.62843932165094
30.0,15493.10611240654,1029.1322749964886,1.9927552309973182,16.0,14.0,0.558507992901514,1.0,1.0,0.0,15.054533308130292
18.0,6630.158193746024,2186.280710343376,5.935462116620537,11.0,7.0,0.4352934785853864,0.0,0.0,0.0,3.03261981061192
10.0,6448.53867743549,684.8904917002657,1.0620863515897196,6.0,4.0,0.6106107846116853,0.0,0.0,0.0,9.415430284959509
17.0,3038.6755435850146,207.46939981942407,1.1606964107688496,8.0,9.0,0.3584215723178394,1.0,0.0,0.0,14.646379399708092
10.0,6779.974065133667,519.8459084914301,0.7667373112306756,6.0,4.0,0.3365166941688408,0.0,1.0,0.0,13.04227647921449
12.0,6094.351229526605,1433.441025957826,2.822497697237261,7.0,5.0,0.6739365976184251,1.0,1.0,0.0,4.2515535129562485
41.0,18739.28887747292,3064.9765995791768,6.705912983379581,12.0,29.0,0.6686626190828046,1.0,1.0,0.0,6.1140071607874065
9.0,1542.6277916644412,79.59464764891283,0.4643711417044399,5.0,4.0,0.4626176994020955,1.0,0.0,0.0,19.381049319658768
4.0,1216.1690624017042,135.1152002114768,0.4443961103389682,2.0,2.0,0.46797275521916093,0.0,0.0,0.0,9.000978872089934
33.0,24411.099722678977,26054.440435504017,35.2215403705407,17.0,16.0,0.6404142319189325,0.0,0.0,0.0,0.9369266549057917
18.0,8249.043607079884,1861.784528208376,4.062546290698283,6.0,12.0,0.5122084472183839,1.0,0.0,0.0,4.430718744353336
28.0,15559.031408887799,2260.967876747348,4.068833006710352,9.0,19.0,0.3468455153068793,1.0,0.0,0.0,6.881580038753661
10.0,3240.9359733693072,162.1293742742857,0.5002547893772011,3.0,7.0,0.3459493770872006,1.0,1.0,0.0,19.98981361567699
14.0,6918.647018568738,1136.3100729079654,2.299342772946159,5.0,9.0,0.35245229532387823,0.0,1.0,0.0,6.088696372164526
27.0,6090.378940152111,10562.623470040853,46.82645143981471,8.0,19.0,0.6123060817342225,0.0,1.0,0.0,0.5765971832117722
42.0,21839.010936018254,2123.841929309871,4.084496376339927,15.0,27.0,0.5407585062373772,1.0,1.0,0.0,10.282785472228953
26.0,14927.332665805065,8689.152057953484,15.134515895416088,14.0,12.0,0.41990647644362866,0.0,1.0,0.0,1.7179274302308425
33.0,18616.057199421117,3373.9113468975247,5.980808570521609,15.0,18.0,0.36482936816129974,0.0,0.0,0.0,5.517648593979651
32.0,10217.057084862965,514.7639181959455,1.6122495201357867,22.0,10.0,0.34938540825359954,0.0,0.0,0.0,19.848044363074084
17.0,7337.026654058294,520.0784444912616,1.2050294994445854,11.0,6.0,0.5965550035137246,1.0,0.0,0.0,14.10753845265658
18.0,10933.898925533873,10307.227199032193,16.968337721625733,6.0,12.0,0.6543450278436422,0.0,1.0,0.0,1.0607992541932636
26.0,11900.524504553889,1322.089526744193,2.888471653681755,12.0,14.0,0.5124313546684875,0.0,1.0,0.0,9.00130003590633
3.0,1327.616770595934,382.13944361647845,0.8635160057030892,1.0,2.0,0.6090840388740397,0.0,1.0,0.0,3.4741683769455434
41.0,36108.43439072956,14427.527165126785,16.38200669043869,18.0,23.0,0.41325136199665696,1.0,0.0,0.0,2.502745895222319
37.0,11462.680520390679,974.555720030229,3.145735552602621,18.0,19.0,0.534265517381634,1.0,0.0,0.0,11.761954996308601
19.0,13605.590178738134,1342.0607241082248,1.874167413766774,11.0,8.0,0.47521553913805703,1.0,0.0,0.0,10.137834998322303
23.0,6188.46894787732,416.1661439160504,1.5467188072992348,13.0,10.0,0.33507767687211687,0.0,0.0,0.0,14.870188357094388
21.0,13250.08056023994,742.2386741807712,1.1763711237023557,9.0,12.0,0.4949467097899032,0.0,0.0,0.0,17.8515092532256
39.0,25023.58995336699,5033.607823277858,7.845025652741018,23.0,16.0,0.6387146995995829,0.0,0.0,0.0,4.9713030557616555
46.0,18304.64057347518,991.3858194571276,2.491376299467534,19.0,27.0,0.32071300713039796,1.0,0.0,0.0,18.46369013377517
8.0,2052.0370354206298,197.61649750171304,0.7704207832143938,5.0,3.0,0.49084239078846215,1.0,1.0,0.0,10.383935862454205
25.0,2647.833980982912,507.85530953757956,4.795007100001949,17.0,8.0,0.649305230424414,0.0,1.0,0.0,5.213756617793087
2.0,753.9545964298657,44.55093968168341,0.1181793701972016,1.0,1.0,0.6160287717906574,0.0,0.0,0.0,16.923427470147058
28.0,16946.824428533015,22333.073435755512,36.899305757148575,17.0,11.0,0.4973799918666597,0.0,0.0,0.0,0.7588218646789989
16.0,4551.589897281348,405.9493224501725,1.4270154618021096,10.0,6.0,0.3685378557054749,1.0,1.0,0.0,11.212212080585564
21.0,10907.184039879658,755.0131572251463,1.4536544211371911,10.0,11.0,0.6394104785165997,1.0,0.0,0.0,14.446349623847833
28.0,5731.993131699266,1017.112471682219,4.968454872984017,9.0,19.0,0.36125383294184865,0.0,0.0,0.0,5.635554858765057
20.0,9064.447231584143,524.6642152631001,1.1576309108733318,12.0,8.0,0.4107282852788407,0.0,1.0,0.0,17.276663755386195
24.0,6494.189259846093,1340.756042892126,4.954913345129954,11.0,13.0,0.3497100765808937,1.0,1.0,0.0,4.843677038991798
46.0,22282.57938257127,1325.9105690845197,2.7372004439303748,18.0,28.0,0.4836036457711602,1.0,1.0,0.0,16.805491940498197
48.0,19189.637091767694,11867.63701167624,29.685114618704095,26.0,22.0,0.5516791711890603,1.0,0.0,0.0,1.616972028457522
2.0,523.85354550496,161.6554792321346,0.6171781430869556,1.0,1.0,0.6308473243942967,1.0,1.0,0.0,3.2405554577752045
23.0,8469.182001710873,1106.9896493452763,3.0062834793015414,8.0,15.0,0.4845350433527425,1.0,1.0,0.0,7.650642448843067
51.0,15971.600005131671,934.6453157511637,2.9844793939238388,35.0,16.0,0.6882881086340759,1.0,0.0,0.0,17.088407480323678
32.0,7590.881918480558,2586.7911873277435,10.904835417471105,13.0,19.0,0.5383427949820873,1.0,1.0,0.0,2.9344780342793095
13.0,9315.139145752486,531.8380205747999,0.7422212550227973,7.0,6.0,0.5417640141100303,1.0,1.0,0.0,17.51499288389512
36.0,15406.74097595334,3325.3318097854417,7.770101758647133,20.0,16.0,0.3701152118505342,0.0,1.0,0.0,4.6331439559252345
10.0,595.5491018526698,65.6068642414708,1.101619732737016,3.0,7.0,0.37604641380803855,0.0,1.0,0.0,9.077542551960848
3.0,1126.0315154431887,158.88575621240523,0.4233072184037502,2.0,1.0,0.5306504628334001,0.0,1.0,0.0,7.087051364993738
38.0,25951.809025018807,10783.51721889207,15.789791529479002,21.0,17.0,0.5883517615021729,0.0,0.0,0.0,2.4066182209597446
31.0,10779.576473804265,570.6807287284201,1.6411686148869247,15.0,16.0,0.3818826750591188,0.0,0.0,0.0,18.888979303406845
45.0,35979.69490320266,4092.4816914919834,5.118489098159264,23.0,22.0,0.4936070710770374,1.0,0.0,0.0,8.79165690050666
22.0,7230.686958169008,523.1247368914239,1.591652947803127,15.0,7.0,0.4424800245232655,0.0,0.0,0.0,13.82210866405608
51.0,30634.76216932784,2657.747154373877,4.424552216983694,34.0,17.0,0.4755055024327163,1.0,0.0,0.0,11.52659014944742
26.0,18390.52063987326,1828.2230343664546,2.5846902229873687,9.0,17.0,0.3888523752061414,1.0,0.0,0.0,10.059232541201538
44.0,25961.70695634061,2102.039347512149,3.56254430596852,20.0,24.0,0.356289145612939,0.0,0.0,0.0,12.350723589959138
7.0,1575.7084355025574,87.67608834513,0.38949630819242625,4.0,3.0,0.4282004116215483,0.0,1.0,0.0,17.971929008738456
7.0,2180.5439923098097,155.73888224286964,0.499954222223826,5.0,2.0,0.6475666667356615,1.0,1.0,0.0,14.001281895097485
47.0,34498.66730963387,3232.3376522118215,4.403644589816705,29.0,18.0,0.6220903038035064,0.0,1.0,0.0,10.672977585131662
50.0,16953.885436680222,1312.0719754447864,3.869531796546415,23.0,27.0,0.340661653485085,0.0,0.0,0.0,12.921459915286228
56.0,38927.576955704695,3204.55779276952,4.6099770504414765,37.0,19.0,0.3351234049121443,1.0,0.0,0.0,12.14756589615498
20.0,8278.861112740226,952.6040768345441,2.3012925663618025,9.0,11.0,0.4971804915276177,0.0,1.0,0.0,8.690768089351947
3.0,1584.8623915314906,126.64672144022033,0.23973069608492362,1.0,2.0,0.41095288085579107,0.0,1.0,0.0,12.514042002102485
58.0,12921.155586556963,1451.942889055395,6.517426943827449,32.0,26.0,0.629370318004504,1.0,1.0,0.0,8.899217513275063
36.0,13620.473462070011,898.1870248594034,2.373980095844947,16.0,20.0,0.4944724718317604,1.0,0.0,0.0,15.16440683854465
16.0,5199.0195825928895,268.26997683671857,0.8256017430207105,9.0,7.0,0.641083096180746,1.0,0.0,0.0,19.379804046269598
46.0,25075.516785135198,1306.0631717966376,2.3959189522371154,21.0,25.0,0.34327952745695084,0.0,1.0,0.0,19.199313882069724
54.0,28006.533860931533,1705.2533701278405,3.2879356811575313,33.0,21.0,0.6880308306913782,1.0,0.0,0.0,16.42367893917836
18.0,10665.539626484284,884.733305991519,1.4931452196101227,12.0,6.0,0.6068405368309784,1.0,0.0,0.0,12.05508999633673
46.0,18487.19297154741,1232.5474725747094,3.066835718418478,19.0,27.0,0.5927506252264143,0.0,0.0,0.0,14.999173162011274
47.0,14755.837329830965,4096.49562513421,13.048076505429561,24.0,23.0,0.6760864644926781,0.0,1.0,0.0,3.60206349038821
31.0,16632.92033037471,1731.4382888137193,3.227009201457295,18.0,13.0,0.4881210960900694,1.0,0.0,0.0,9.606418223412755
38.0,11175.124337146539,2156.015496974671,7.3313357787620985,14.0,24.0,0.3595555656247405,1.0,1.0,0.0,5.183230061577718
17.0,12166.6365898368,101621.62858570034,141.99221561363976,11.0,6.0,0.49876029833643043,0.0,1.0,0.0,0.11972487313147455
55.0,26240.25374751976,1357.0382240128713,2.844374259443381,29.0,26.0,0.6260895357642235,1.0,1.0,0.0,19.336414614707916
59.0,25651.605705481517,1484.1433687063266,3.4136053609681647,21.0,38.0,0.6438171835862536,0.0,1.0,0.0,17.283778808944234
58.0,34361.23722390245,3336.597218633337,5.632004383885072,38.0,20.0,0.4954182822511331,1.0,1.0,0.0,10.29828743847504
44.0,21327.992405000896,4165.34841813897,8.593182467335325,21.0,23.0,0.5929208880697174,1.0,0.0,0.0,5.120338147974185
4.0,673.5586265318427,48.545271644513726,0.28829129184774077,1.0,3.0,0.3987810800956751,1.0,0.0,0.0,13.874855443474772
23.0,6617.422462808606,758.5062860554078,2.636320210372362,9.0,14.0,0.39221881676395076,0.0,1.0,0.0,8.724281636771053
27.0,19211.62700086892,1194.989008194624,1.6794362715763507,17.0,10.0,0.5345038209532272,1.0,1.0,0.0,16.076823191782854
57.0,29456.28156542824,1473.522378515181,2.851370611351781,38.0,19.0,0.46870046750303984,0.0,1.0,0.0,19.99038629810994
33.0,5401.652504401287,770.1026531391977,4.7047431379354006,15.0,18.0,0.36442096376883887,0.0,0.0,0.0,7.014198019422907
33.0,18823.939640320095,3821.4673840094024,6.699364005725522,11.0,22.0,0.6045449971313517,0.0,1.0,0.0,4.925840717387052
10.0,3881.4823602605024,720.8915380759913,1.8572583131038867,3.0,7.0,0.5128589790903848,0.0,0.0,0.0,5.384280651455426
48.0,15604.800455915693,8160.407073329034,25.101220654910875,27.0,21.0,0.5081569229666231,1.0,1.0,0.0,1.9122576013294055
21.0,5691.534552337846,719.4254978044361,2.654457302325863,9.0,12.0,0.3757238078718719,1.0,0.0,0.0,7.911221620178099
7.0,4899.901259846162,12322.771680765896,17.604314289400495,3.0,4.0,0.39645625450637084,0.0,1.0,0.0,0.39762980170234064
59.0,6307.11921033687,2704.374645686336,25.298095497226484,26.0,33.0,0.5770831537530667,1.0,1.0,0.0,2.332191370155448
13.0,4322.4166064573255,790.156440569705,2.376456196300147,6.0,7.0,0.6407612330005393,0.0,1.0,0.0,5.470330158089772
2.0,1048.050706364497,323.5460989611223,0.6174245139024745,1.0,1.0,0.37088485872572546,1.0,1.0,0.0,3.23926237939414
6.0,4894.035682684196,333.91402867982833,0.4093726122936916,3.0,3.0,0.6249382884776726,0.0,1.0,0.0,14.656574035039469
28.0,17101.605899561786,7929.099768877762,12.982102080499134,10.0,18.0,0.6152380667570998,1.0,0.0,0.0,2.1568155778146108
7.0,2315.5655382540763,133.64237017049086,0.4040035039987662,3.0,4.0,0.6259647274301311,0.0,0.0,0.0,17.326582395239267
50.0,40293.53454106815,9031.92511054646,11.207660501141818,24.0,26.0,0.5326975255567323,0.0,1.0,0.0,4.46123434903351
31.0,7098.234921829169,3202.6213587029233,13.986753497615501,16.0,15.0,0.4407368074763005,1.0,1.0,0.0,2.2163828085827753
20.0,11061.344661420617,43959.194372488964,79.48255066277494,7.0,13.0,0.6084083686476173,0.0,0.0,0.0,0.2516275564036076
2.0,1195.113858300886,83.4673483078764,0.13968099813777304,1.0,1.0,0.4919781686288146,1.0,1.0,0.0,14.318339836226821
29.0,9389.529617437443,1816.3308258304596,5.609822440014712,15.0,14.0,0.38874563256210104,0.0,0.0,0.0,5.169504081473913
10.0,6395.186103776507,626.0891746090871,0.9790007115498434,4.0,6.0,0.4609547040628805,0.0,0.0,0.0,10.214497172498607
58.0,23038.874504284868,10119.237672091062,25.47501983537106,32.0,26.0,0.4830867365121396,1.0,0.0,0.0,2.276740131109507
18.0,11502.512739064674,583.6867553730816,0.9133970841896057,8.0,10.0,0.5021380611166797,1.0,1.0,0.0,19.706653668563174
29.0,3830.346142999989,1501.2572682509042,11.366194895685789,11.0,18.0,0.6590254301635139,0.0,0.0,0.0,2.5514255444456078
3.0,1700.9856541373247,205.7331461859836,0.3628481151835292,2.0,1.0,0.46446600503050733,1.0,0.0,0.0,8.267922236505472
9.0,3758.207989151511,220.54683688558515,0.5281563813657906,4.0,5.0,0.41392432681640784,0.0,1.0,0.0,17.040407571572594
14.0,10219.170592309902,2070.5463939473584,2.8365951280896233,5.0,9.0,0.6849391830765205,0.0,1.0,0.0,4.935494622184116
4.0,1964.8154161832397,365.4731356064503,0.7440355620099961,2.0,2.0,0.39677927637243626,1.0,0.0,0.0,5.376087117656159
44.0,32993.21989673705,2039.1907445776683,2.7194797307519214,21.0,23.0,0.30444651629683683,1.0,1.0,0.0,16.179565342020123
56.0,33685.26296837018,6121.114069165279,10.176034196174205,37.0,19.0,0.6399284072484901,0.0,0.0,0.0,5.503126160980653
59.0,27995.400183231744,260949.9162111759,549.9490971977984,22.0,37.0,0.6817783083072629,1.0,0.0,0.0,0.10728265634151893
17.0,11178.075652688603,1301.7623763265522,1.9797647721438159,11.0,6.0,0.5728527789891675,0.0,0.0,0.0,8.586878723774499
47.0,30964.149566554945,103187.19821135164,156.6262398232277,29.0,18.0,0.4630598616768483,0.0,0.0,0.0,0.30007743308557605
31.0,18425.842027845523,1012.389096382325,1.7032633808769126,11.0,20.0,0.5175018740777213,0.0,1.0,0.0,18.20035606239587
4.0,166.15890029985326,12.926455064005584,0.3111829710157753,2.0,2.0,0.6328006284386625,0.0,0.0,0.0,12.854173822375458
7.0,2124.415312929843,181.8672058541822,0.5992568558656957,4.0,3.0,0.6541361319786381,1.0,1.0,0.0,11.681134611113782
33.0,25635.098586939093,6295.903666332144,8.104701461722309,16.0,17.0,0.3410103546843679,0.0,0.0,0.0,4.071710741704144
26.0,6469.081551736618,461.6180624481625,1.855297313484985,12.0,14.0,0.6471986868964015,0.0,0.0,0.0,14.013926399301294
2.0,1352.9844600263227,99.76856420256452,0.14747924628879105,1.0,1.0,0.5469399264865266,1.0,0.0,0.0,13.561230141382998
55.0,35270.97922457636,28076.439371008062,43.78115378008734,32.0,23.0,0.31291142085439866,1.0,1.0,0.0,1.2562482998110307
44.0,15613.379218078142,885.9716387823563,2.496753045060676,30.0,14.0,0.3433942810281587,0.0,0.0,0.0,17.62288828967092
31.0,3129.563911876308,269.5739476972999,2.6702737550440503,20.0,11.0,0.3182136854854753,1.0,0.0,0.0,11.60929659044962
59.0,22786.831344214464,1436.7743924404854,3.7201174605398357,37.0,22.0,0.6794234290341767,1.0,0.0,0.0,15.859714276720274
58.0,53104.97450614293,10029.010987444182,10.953449138827406,34.0,24.0,0.4706071610666738,1.0,1.0,0.0,5.295135738970441
58.0,18985.98341037149,7640.684896504984,23.341415317744552,32.0,26.0,0.5862462523431403,1.0,0.0,0.0,2.48485360508141
17.0,5799.525028362481,412.370524392438,1.2087712149508272,11.0,6.0,0.30068693653916445,1.0,0.0,0.0,14.063868985076352
53.0,15925.626450715836,1002.3707801942791,3.33585944105256,29.0,24.0,0.6172687866302162,1.0,0.0,0.0,15.887959590790484
31.0,23031.66375460702,2971.302716638722,3.999293546362909,10.0,21.0,0.49281415492532654,0.0,0.0,0.0,7.751368995704863
44.0,19862.341737699062,38002.349172132424,84.18460349013863,23.0,21.0,0.6694410679050714,1.0,1.0,0.0,0.5226608925604093
51.0,19115.756464718783,1167.4337717633305,3.1146621097532248,17.0,34.0,0.508358996502076,0.0,0.0,0.0,16.3741677918446
11.0,8609.642837829773,2068.843186351328,2.64323102346032,7.0,4.0,0.6155200596896198,1.0,1.0,0.0,4.161573431292291
27.0,16629.268074851898,2440.5681515791857,3.9626121724677823,15.0,12.0,0.5517866765441266,0.0,0.0,0.0,6.813687240854889
9.0,2845.2775649215328,226.11701468226335,0.7152388776511135,5.0,4.0,0.5082153890558471,0.0,0.0,0.0,12.583208605153748
18.0,4595.097920177591,2247.9846655375836,8.80584585629737,7.0,11.0,0.6792976755474006,1.0,0.0,0.0,2.044096648265489
25.0,18290.84982439987,12306.168777961677,16.82011620032183,13.0,12.0,0.4982396888501498,0.0,1.0,0.0,1.4863155344623398
51.0,25671.2392701655,45614.22233737631,90.6199079336926,22.0,29.0,0.6569553459896706,0.0,1.0,0.0,0.5627902429267215
52.0,9889.734193496428,539.3332036832696,2.835801857038065,30.0,22.0,0.31443105205394756,1.0,0.0,0.0,18.336965211777137
24.0,3441.0447029109655,549.5045646607809,3.8325888474224725,13.0,11.0,0.5629675380996473,1.0,0.0,0.0,6.26208574815968
21.0,5812.637396161014,439.34802800684577,1.5872843873311835,10.0,11.0,0.6646646316936581,0.0,1.0,0.0,13.230143361586782
32.0,8067.298636140609,407.7432128223924,1.617367026908354,13.0,19.0,0.6597101317945095,1.0,0.0,0.0,19.785243217903957
54.0,4902.368714264488,365.6971293899594,4.028184361081985,28.0,26.0,0.4940214522021401,0.0,0.0,0.0,13.405543331560773
58.0,16245.718954877448,1543.442217075199,5.510353148358823,28.0,30.0,0.4888388663878721,1.0,1.0,0.0,10.525641177330792
15.0,4742.7583150684395,454.184843519758,1.4364579007011997,10.0,5.0,0.6242053738492959,1.0,1.0,0.0,10.442352673668909
12.0,4889.564907877031,645.9563740802447,1.5853100705290566,8.0,4.0,0.4340063540424815,0.0,1.0,0.0,7.569497111688256
42.0,35220.44437907278,2931.225428162843,3.4954547040295028,25.0,17.0,0.6748645700626177,1.0,0.0,0.0,12.015604136303953
19.0,8485.995566026559,442.48852991754427,0.9907243060662977,8.0,11.0,0.40027364822170375,1.0,1.0,0.0,19.177888221436802
13.0,6064.305421865042,384.5109025462128,0.8242727543170909,4.0,9.0,0.3297591309252479,0.0,0.0,0.0,15.771478472281286
3.0,1805.5532182793654,212.0856497949684,0.3523889204391537,2.0,1.0,0.6087695810451426,0.0,0.0,0.0,8.513321009813088
25.0,11313.409644667201,1693.04776643206,3.741241189896521,17.0,8.0,0.4618897022048998,1.0,1.0,0.0,6.682274339199038
24.0,13920.734226656201,787.5297960818654,1.3577383777482528,8.0,16.0,0.442310947425336,1.0,1.0,0.0,17.67645401598127
34.0,18908.181163271787,6853.45413160309,12.323630626468185,20.0,14.0,0.42836398191183434,0.0,0.0,0.0,2.7589272212505462
13.0,6818.730270558033,401.120046296302,0.7647407061058562,6.0,7.0,0.6921768936744155,1.0,1.0,0.0,16.99922587643782
43.0,45291.60832600304,8813.686533717264,8.36774261187487,15.0,28.0,0.5286706612292863,0.0,1.0,0.0,5.13878138877953
41.0,27971.231921163686,1952.3707714686598,2.8617689008416347,29.0,12.0,0.6967657770395164,0.0,1.0,0.0,14.32680325372956
28.0,7942.35688564231,492.2714373250356,1.7354546570449532,19.0,9.0,0.43743239533738776,1.0,1.0,0.0,16.13410058645786
12.0,6888.533246853993,720.099860426591,1.254432259445876,8.0,4.0,0.46558769546412426,1.0,0.0,0.0,9.56608051940628
31.0,10591.231798709734,2725.438435940495,7.977220508425477,11.0,20.0,0.38470507924346714,1.0,1.0,0.0,3.8860653240383725
41.0,24159.256265290802,1429.2782216173857,2.425588206972374,20.0,21.0,0.4721456465358014,1.0,0.0,0.0,16.903116482074388
23.0,5174.137881301958,700.9325436308399,3.1157748156979355,15.0,8.0,0.3248021371614462,0.0,0.0,0.0,7.381791483813629
17.0,4733.549876514472,734.1601561517208,2.6366517687924684,10.0,7.0,0.30022314077319484,1.0,0.0,0.0,6.447571196626259
31.0,17632.22688743879,1724.4530459729692,3.031837371786861,15.0,16.0,0.4812293904421414,1.0,1.0,0.0,10.22482283795112
22.0,15389.74409983131,1762.8632401635095,2.520054331769059,11.0,11.0,0.5984095698371295,0.0,1.0,0.0,8.729970510023158
25.0,15013.221743765067,1097.7071428385202,1.8279007024165113,8.0,17.0,0.4748260665848216,1.0,1.0,0.0,13.676891729922549
22.0,14758.116271954961,5295.1584032313485,7.893519926554838,12.0,10.0,0.507202159665368,0.0,1.0,0.0,2.787096277034674
19.0,10920.510523302613,1249.1992430071946,2.1734135566730584,12.0,7.0,0.47824635822620865,0.0,0.0,0.0,8.742008598255065
43.0,22983.466451678054,1288.3505371949366,2.410388059427716,13.0,30.0,0.5107217119685167,0.0,0.0,0.0,17.83945113394282
28.0,11179.317664152753,14528.952317213654,36.389579140992524,10.0,18.0,0.6102416190998708,0.0,1.0,0.0,0.7694510533225227
29.0,19215.41049055742,2094.5738477335467,3.1611420226553157,15.0,14.0,0.6215145162473781,1.0,0.0,0.0,9.173899746408862
39.0,27494.058016047806,2078.5351505619883,2.948377821295152,20.0,19.0,0.6352232174849882,1.0,1.0,0.0,13.227612729384942
22.0,10722.29095814899,603.738167715023,1.2387501646405095,10.0,12.0,0.38497196322784655,0.0,1.0,0.0,17.759836186487608
7.0,3336.303541509879,280.45508253445047,0.5884313442453419,2.0,5.0,0.48313778253756673,1.0,1.0,0.0,11.896035227316856
51.0,41732.33927956682,2529.4685816623028,3.0911973757469293,30.0,21.0,0.6324022784814285,1.0,0.0,0.0,16.498461211224605
5.0,2479.5782201837774,551.9144482792336,1.1129200195957676,2.0,3.0,0.676751607950918,0.0,1.0,0.0,4.492685828237764
35.0,18029.801092561785,2543.511089958063,4.937541334566286,20.0,15.0,0.5171933529616456,1.0,1.0,0.0,7.088548252745797
17.0,10146.368086359844,538.3962835510473,0.902070252376531,9.0,8.0,0.4971999912006833,1.0,0.0,0.0,18.84553886486445
14.0,6726.14248332837,379.46771561612906,0.7898357835555307,7.0,7.0,0.605837908458984,0.0,1.0,0.0,17.72520350619909
4.0,1343.7277418055237,120.17782599410866,0.3577445705857932,2.0,2.0,0.6966777254410162,0.0,0.0,0.0,11.181162004639656
54.0,31082.028215654034,3259.443496877865,5.662756227174381,31.0,23.0,0.4703728793405298,1.0,0.0,0.0,9.535992339007162
26.0,12798.47394788393,1414.3844249245838,2.8733109273640633,14.0,12.0,0.3660398712939334,0.0,0.0,0.0,9.048794459516447
21.0,18237.448977192886,14913.843133828223,17.17294486756662,11.0,10.0,0.6337227204347782,0.0,1.0,0.0,1.22285374826197
44.0,28938.347242572912,1620.9304705785303,2.464582379484716,21.0,23.0,0.5841700833919921,0.0,1.0,0.0,17.85292322393351
4.0,1523.614170845599,93.06171972290643,0.24431833597677188,2.0,2.0,0.3580303087981125,0.0,1.0,0.0,16.372082692885943
34.0,21957.609490494557,2399.1591846349575,3.7149495856049723,17.0,17.0,0.42940371869522065,1.0,0.0,0.0,9.152210337320948
30.0,16847.19500838588,2995.1487651684865,5.3334969358595625,14.0,16.0,0.5212893568920054,0.0,0.0,0.0,5.624827455753494
34.0,25904.098853229487,3758.9752716065836,4.933781327764284,16.0,18.0,0.5925862241307505,0.0,0.0,0.0,6.891266098209284
9.0,3555.982416907729,1418.3910116068116,3.5898712670132262,3.0,6.0,0.6122586334220259,1.0,0.0,0.0,2.5070536881641448
57.0,30650.90809129858,2121.21336540109,3.9447171179305704,34.0,23.0,0.3622925479319656,1.0,1.0,0.0,14.449705339049165
15.0,7202.719052722523,645.6615986675414,1.344620539704705,5.0,10.0,0.38670026822685843,1.0,1.0,0.0,11.155563638269411
41.0,20979.531269078056,4444.473867966905,8.685772158085538,27.0,14.0,0.5976490057700181,1.0,0.0,0.0,4.720363285356654
45.0,14533.209458964455,1164.616931585108,3.6060694005207097,25.0,20.0,0.34644494910963425,0.0,0.0,0.0,12.47896116294991
21.0,12918.829005235342,659.6070986309435,1.0722139805114228,7.0,14.0,0.49926409556982476,1.0,1.0,0.0,19.585642774386745
9.0,5252.335696529095,2107.8624407205884,3.6118715677335245,5.0,4.0,0.518396861756668,0.0,0.0,0.0,2.491782952749775
19.0,14383.84974430282,1564.010018703712,2.0659413775606605,8.0,11.0,0.4357418188502462,0.0,0.0,0.0,9.19677596197529
48.0,23903.751820926904,2412.456766195204,4.844340990688865,32.0,16.0,0.6185344856507524,0.0,0.0,0.0,9.908468477396427
54.0,22552.13331092014,6676.961104599834,15.987662660445675,36.0,18.0,0.32216632429831615,1.0,1.0,0.0,3.377604415784858
56.0,36840.097032973215,3457.532601657737,5.255736039987483,36.0,20.0,0.6109777979123185,1.0,1.0,0.0,10.655025209396431
15.0,5117.386855200947,421.5572141257229,1.2356615575113759,8.0,7.0,0.5584130993259955,0.0,0.0,0.0,12.139246308034396
37.0,26528.885559621296,8318.811431910402,11.602297514116863,25.0,12.0,0.5028870302693591,0.0,0.0,0.0,3.189023549428981
10.0,7165.6839948274055,2284.4354063745945,3.1880214199002204,6.0,4.0,0.6489490789914407,1.0,0.0,0.0,3.136741785227084
43.0,32312.598549755912,1885.8586846097828,2.50960699782015,28.0,15.0,0.38089857521344517,1.0,0.0,0.0,17.13415687689343
26.0,14958.439520333368,2388.6954775101394,4.151909183497472,9.0,17.0,0.6203096140497395,1.0,1.0,0.0,6.262179361567394
43.0,17316.13110965921,1371.5583291326232,3.405899838665722,28.0,15.0,0.3751098163046186,1.0,0.0,0.0,12.625151072218689
41.0,21395.33935570397,1704.2480462215478,3.2658593880379416,23.0,18.0,0.6961784388892003,0.0,1.0,0.0,12.554122859720522
59.0,33984.81296193464,2023.9344911574644,3.5136911040834717,25.0,34.0,0.31310590795592425,0.0,0.0,0.0,16.79145896787357
30.0,11639.150128872745,785.8504064307647,2.025535535832652,21.0,9.0,0.5212789036712202,1.0,1.0,0.0,14.810897893068892
21.0,16099.088413485906,957.1680822761076,1.2485508006130597,12.0,9.0,0.36720672568852364,1.0,1.0,0.0,16.819499847093642
32.0,19712.538672438674,1574.1023312779807,2.555291098620524,21.0,11.0,0.46319002658934866,0.0,1.0,0.0,12.52303505353078
11.0,3537.1094982915893,392.28555110782185,1.2199625327602206,3.0,8.0,0.3591786680698245,1.0,1.0,0.0,9.016670352254181
8.0,7012.597882345243,887.4850212870596,1.0124464983470638,4.0,4.0,0.377530180716216,0.0,1.0,0.0,7.9016521001958395
32.0,16623.291361089134,2183.929214217857,4.204085300372947,19.0,13.0,0.3243922034905953,1.0,0.0,0.0,7.611643844895645
49.0,13777.790180070135,1640.8103905484315,5.835457507051677,15.0,34.0,0.3032014181095404,1.0,0.0,0.0,8.396942303287698
32.0,10686.373614417447,4063.6932142083324,12.168597837457838,19.0,13.0,0.5877223544426664,1.0,1.0,0.0,2.6297195804677176
47.0,37485.16581335424,4405.888597354201,5.524232308500968,26.0,21.0,0.48138421309846824,0.0,0.0,0.0,8.507969501513182
12.0,10379.963798920373,1327.4585542982513,1.534639518996767,5.0,7.0,0.3182368740712489,0.0,1.0,0.0,7.819425898692291
28.0,19653.116299493144,26568.868287418205,37.8529440680558,16.0,12.0,0.6755879275535486,1.0,0.0,0.0,0.7397046831987178
37.0,28262.883999544803,5102.65493308482,6.680076687403136,13.0,24.0,0.566244058185013,1.0,1.0,0.0,5.5388585687604825
22.0,16353.10801871389,1086.5459653820506,1.4617411693881215,14.0,8.0,0.4057092528133976,0.0,0.0,0.0,15.050544146067326
2.0,1222.7664611056264,105.59282962063892,0.172711360638992,1.0,1.0,0.4754780588480394,0.0,1.0,0.0,11.580014149622025
6.0,3394.850145373111,210.42840140762655,0.3719075524339518,3.0,3.0,0.49570667316225314,1.0,1.0,0.0,16.133041560282802
55.0,33438.49513924269,3074.3443460285794,5.056714972592554,28.0,27.0,0.5279711259083456,1.0,0.0,0.0,10.87662648539626
37.0,23946.514279260376,1401.2847297464787,2.1651391261367787,17.0,20.0,0.6429801110678248,1.0,1.0,0.0,17.088971121231584
17.0,5978.566777810246,375.2661255143958,1.0670657986831653,7.0,10.0,0.5359601130936609,0.0,1.0,0.0,15.931538637054249
17.0,10988.659679661174,5464.881847626829,8.454442499626184,11.0,6.0,0.6914904596179452,0.0,0.0,0.0,2.01077717433783
4.0,3166.8934778376142,162.06174606931472,0.20469491279507393,2.0,2.0,0.5907236357186904,0.0,1.0,0.0,19.54127704191905
56.0,25688.628802714855,74630.34762313573,162.69064024366764,26.0,30.0,0.6954068793083236,0.0,0.0,0.0,0.3442115656815093
8.0,3498.803543485125,292.61748661326664,0.6690686869987404,3.0,5.0,0.5202996605105922,0.0,1.0,0.0,11.95691885669589
46.0,27384.226044995725,1726.556251596429,2.9002677469480456,26.0,20.0,0.5713796753852358,0.0,0.0,0.0,15.860604610869407
15.0,5551.027348775591,832.0772950991469,2.248441350093549,9.0,6.0,0.5951594288258586,0.0,0.0,0.0,6.671288090025523
21.0,4969.361810164473,414.4081506040188,1.7512452292936105,8.0,13.0,0.6018988138275988,1.0,0.0,0.0,11.9914673563283
17.0,12402.244736357605,1704.929530449608,2.3369803316875637,7.0,10.0,0.30977185133451635,0.0,0.0,0.0,7.274344490406593
49.0,20080.677651770355,15946.300286933118,38.9114713960281,17.0,32.0,0.35098972829406316,1.0,0.0,0.0,1.259268751399663
3.0,1511.0691472321255,6905.935528456605,13.710693930399742,1.0,2.0,0.3910889544116357,0.0,0.0,0.0,0.21880730583215152
22.0,8315.449819564512,4280.803355726331,11.32562589751897,10.0,12.0,0.4085977963505672,1.0,1.0,0.0,1.942497500718207
18.0,13596.317333686799,6753.345483121144,8.940672368318292,11.0,7.0,0.662147275718129,1.0,0.0,0.0,2.0132714026949334
17.0,11400.79893816565,931.6470572674798,1.3892008849070572,9.0,8.0,0.5890412893889743,1.0,0.0,0.0,12.237251059005311
13.0,5874.077193000379,557.2593552617975,1.2332782461619416,4.0,9.0,0.35731264421374753,1.0,0.0,0.0,10.54101135770214
54.0,14257.108460562278,1560.4574657527403,5.910364179646895,30.0,24.0,0.47054201323243194,0.0,0.0,0.0,9.136492838454185
23.0,9904.122897652278,714.9012539947443,1.6601903077936144,14.0,9.0,0.39724861805163303,0.0,0.0,0.0,13.85383343826823
26.0,15964.794039738512,41393.73238444047,67.4131491653794,12.0,14.0,0.6319454586283239,0.0,0.0,0.0,0.38568143339834543
24.0,12905.451379582872,2365.3164346004987,4.398729866994144,10.0,14.0,0.6671187944078222,1.0,0.0,0.0,5.456120454243831
58.0,30265.537315643047,1945.2128359706205,3.7277495955104896,35.0,23.0,0.36571605472543567,0.0,1.0,0.0,15.558984989188176
21.0,11389.134789773208,625.6376464125318,1.153589874663762,7.0,14.0,0.4666283127910042,1.0,0.0,0.0,18.204043275016513
21.0,13686.944172292271,1556.2514987003294,2.3877704958325623,13.0,8.0,0.6811347941012651,1.0,1.0,0.0,8.794815094939754
21.0,10324.191342926813,6161.4693529543865,12.532783645150944,13.0,8.0,0.5628357770766357,0.0,1.0,0.0,1.675605403762404
20.0,11800.05380183801,738.2121224909394,1.251201282448311,13.0,7.0,0.6472387473371736,1.0,0.0,0.0,15.984638347608335
7.0,2118.3131091568625,119.61686992074883,0.3952758852436662,2.0,5.0,0.44307749240166167,1.0,1.0,0.0,17.709150143791035
37.0,37398.49574961741,4504.473935305157,4.4564769856551205,13.0,24.0,0.3838809464946279,1.0,1.0,0.0,8.302522400339704
3.0,1329.6844084102472,271.09100949191253,0.611628611519989,2.0,1.0,0.5765214915916137,0.0,0.0,0.0,4.904937315709526
15.0,8110.779023651931,8747.276514462601,16.177132595317737,7.0,8.0,0.3549705339509876,0.0,0.0,0.0,0.9272347810477586
13.0,7972.810364444147,673.2597105327302,1.0977780527626653,6.0,7.0,0.6359607586905041,1.0,1.0,0.0,11.842102296802377
18.0,7521.154155358054,413.2071744735914,0.9889079504142357,10.0,8.0,0.6019348627421646,0.0,1.0,0.0,18.20189633672186
45.0,22570.423148245165,1662.7851613375728,3.3151940381768337,15.0,30.0,0.4219626540107213,1.0,0.0,0.0,13.573866109130497
36.0,17968.86197752878,2816.8291982850747,5.643420894716495,20.0,16.0,0.49948460788758725,1.0,0.0,0.0,6.37910952799995
59.0,18714.350507634153,1453.4715609463037,4.58230287291295,40.0,19.0,0.61967755984775,0.0,0.0,0.0,12.87562206958484
22.0,12929.79347237441,776.575145844169,1.3213399924039402,13.0,9.0,0.6739641279089702,0.0,1.0,0.0,16.649764728588107
55.0,9358.559779153959,980.6922792166513,5.763501717119125,27.0,28.0,0.44086419835489105,1.0,1.0,0.0,9.542809684021686
4.0,3402.166753933291,207.39883011722236,0.24384322711689044,3.0,1.0,0.6159967273541058,1.0,1.0,0.0,16.40398237545688
31.0,20416.419486866038,2594.670531960843,3.9397107089482635,18.0,13.0,0.3777868324377133,0.0,0.0,0.0,7.868598049493764
48.0,30135.574633472414,4303.429396561237,6.854510443132628,15.0,33.0,0.6614160556746256,1.0,0.0,0.0,7.002688287985624
32.0,4885.490480427252,418.2559820945609,2.7395798805968523,18.0,14.0,0.5745000040799826,1.0,1.0,0.0,11.680623086277153
56.0,19123.67885911817,2051.788112454029,6.008265205867607,18.0,38.0,0.3610957280280593,1.0,1.0,0.0,9.320494033004902
20.0,15557.380483220219,796.0433785656368,1.0233642860688896,8.0,12.0,0.5959315686439723,0.0,0.0,0.0,19.54338281319861
3.0,3990.7448382237603,385.50587221233394,0.28979994049225055,2.0,1.0,0.5896230685073123,1.0,0.0,0.0,10.351968999387086
46.0,33991.17067852468,4394.927709246952,5.947623179483103,18.0,28.0,0.5969189827668353,1.0,0.0,0.0,7.73418197687463
5.0,3536.9434102509513,446.0811236860302,0.6306025739529433,2.0,3.0,0.4379509669698723,0.0,0.0,0.0,7.9289241854142976
46.0,27829.76289865053,2534.2631898291843,4.188900464466238,25.0,21.0,0.5959200999707344,1.0,0.0,0.0,10.981402014731676
44.0,14542.0246777505,2039.4130218148757,6.17067945821527,18.0,26.0,0.6306280227240229,0.0,1.0,0.0,7.130495158263497
50.0,34951.74083200331,2415.1307995455086,3.454950657756811,26.0,24.0,0.43885156381643287,0.0,0.0,0.0,14.471986709200472
29.0,8112.997444837812,1061.3236805813037,3.79371335269453,12.0,17.0,0.38318306663241747,0.0,0.0,0.0,7.644225407647736
53.0,13667.797249517553,1771.890504112829,6.870909408704814,30.0,23.0,0.6551519685971675,1.0,1.0,0.0,7.713680511178599
11.0,2698.2354840353223,218.32828312360763,0.8900672786231302,7.0,4.0,0.5482776259924673,1.0,0.0,0.0,12.358616325067253
27.0,18768.902291108603,14850.047395840005,21.36253220720441,9.0,18.0,0.4841548676179799,0.0,0.0,0.0,1.2638951102853988
9.0,4396.6547011304965,335.00030055913413,0.6857492593759911,6.0,3.0,0.6518975623759947,1.0,0.0,0.0,13.124330616397165
46.0,23927.894519120302,2363.4365782502546,4.543570789842677,17.0,29.0,0.3544022574312591,1.0,0.0,0.0,10.124195732315808
43.0,21367.526141364113,2351.2136328018837,4.731581257540307,19.0,24.0,0.62423384234439,1.0,1.0,0.0,9.0878709800185
48.0,13193.121204497042,916.2464183456248,3.3335423361076155,21.0,27.0,0.4963285103533213,1.0,0.0,0.0,14.39909716462363
46.0,16829.27566463988,1108.8522588689245,3.030861513258242,18.0,28.0,0.3170097046072125,1.0,0.0,0.0,15.177202850996977
19.0,7142.380416236881,421.80480804105787,1.122075678657649,6.0,13.0,0.6890450742714151,0.0,1.0,0.0,16.932904225078563
5.0,1094.7285527746394,145.43399563842178,0.6642468366692944,3.0,2.0,0.6112266970995369,0.0,1.0,0.0,7.527322260308073
55.0,21953.68895169614,3339.2678275146004,8.36577993417883,34.0,21.0,0.3859023295418309,0.0,1.0,0.0,6.574401960454952
30.0,8512.161261622567,595.2092095113479,2.0977370771681927,21.0,9.0,0.6694782320005066,1.0,1.0,0.0,14.301124924815664
7.0,4308.74588041379,369.62711806265196,0.6004971976184598,5.0,2.0,0.674138223462312,0.0,1.0,0.0,11.657006939851895
55.0,34770.68170363507,2747.705893651388,4.346300295142826,26.0,29.0,0.6201862400386072,0.0,1.0,0.0,12.654440849718743
59.0,14235.058352849303,1278.6728622079022,5.2997112481218425,21.0,38.0,0.35086817325683,1.0,1.0,0.0,11.132681996761415
27.0,11898.188473060796,769.3510988454606,1.745852296411282,8.0,19.0,0.37455253329334914,0.0,1.0,0.0,15.465225812916897
46.0,40075.750908113674,10432.818797717546,11.975063568873649,24.0,22.0,0.6016131739616997,1.0,1.0,0.0,3.8413157254184553
4.0,1215.3896818573655,109.13611722273984,0.35918066066171433,3.0,1.0,0.6655223081851966,0.0,1.0,0.0,11.136457048190865
7.0,4097.292944913092,1278.753378704364,2.184679926790154,3.0,4.0,0.386007255157768,0.0,0.0,0.0,3.2041306894254142
18.0,9379.878962410385,1147.431255466507,2.2019220803558905,7.0,11.0,0.48433113408943995,1.0,0.0,0.0,8.174676188855289
40.0,28743.100462727256,2161.6755031693365,3.0082704626419807,19.0,21.0,0.361917583872981,0.0,1.0,0.0,13.296676777150694
9.0,5031.840314443331,508.946394494554,0.9103066202842578,6.0,3.0,0.49120313713227765,0.0,1.0,0.0,9.8867785858677
3.0,1241.22271324575,162.82919445035293,0.39355353244679386,1.0,2.0,0.5570116520138897,1.0,0.0,0.0,7.622851156610015
40.0,20534.112971783077,1159.7818261554714,2.259229464158854,24.0,16.0,0.30742195536374395,0.0,1.0,0.0,17.70515152824134
46.0,23748.60348437437,1535.3503017440073,2.9739059783744124,22.0,24.0,0.5571708766777187,0.0,0.0,0.0,15.467873004224694
44.0,21193.08239591115,2008.9179642679364,4.17081332373072,20.0,24.0,0.5558999710742936,1.0,1.0,0.0,10.549501160757481
48.0,11336.530028889432,596.5476866980267,2.525842465775253,23.0,25.0,0.4820033947462544,0.0,1.0,0.0,19.00356045572598
48.0,35933.65063293977,4219.502269171039,5.636391108409912,29.0,19.0,0.6581609050376852,0.0,1.0,0.0,8.516087524228128
36.0,25678.32183262314,1628.089807362996,2.282518049548119,22.0,14.0,0.3539276070080218,1.0,1.0,0.0,15.772054905382715
32.0,9317.190228032912,2740.085742248799,9.410856879163832,15.0,17.0,0.3205247321814893,0.0,1.0,0.0,3.400327984038287
51.0,22432.598551725714,3900.263384222232,8.867159644330712,21.0,30.0,0.4983324639898623,0.0,1.0,0.0,5.751559918356409
22.0,10009.62305484145,1473.1283085397104,3.237766558271957,8.0,14.0,0.5132138080328438,1.0,1.0,0.0,6.794807347612399
7.0,1880.8736793005846,870.3219551396535,3.2390552077069947,2.0,5.0,0.406675674497474,1.0,0.0,0.0,2.1611240164552394
45.0,5698.833590139596,566.4278060980346,4.472713735406193,16.0,29.0,0.6846510826614745,1.0,1.0,0.0,10.061006060767555
18.0,6585.86645311559,1694.946456671252,4.632501499578626,7.0,11.0,0.4014908959932598,0.0,1.0,0.0,3.8855896758235886
58.0,24865.732853086174,1957.6221243917917,4.566206991990256,33.0,25.0,0.4080647314932511,1.0,1.0,0.0,12.702008494520689
26.0,5505.586666507101,1432.8724108319807,6.7667053373745025,16.0,10.0,0.6243945819284826,1.0,0.0,0.0,3.8423425734817145
51.0,27305.173193671886,10861.463035286897,20.286800998134996,30.0,21.0,0.6691294703315059,1.0,0.0,0.0,2.513949833918543
4.0,2930.285042653072,151.17591089123025,0.20636342020072695,2.0,2.0,0.5144558984019438,0.0,1.0,0.0,19.383280215598546
40.0,26736.929169322142,2028.3070827759593,3.0344652819789517,28.0,12.0,0.3076215947786257,0.0,1.0,0.0,13.18189410093157
27.0,12815.89747294292,684.1641868927236,1.4413686661509868,18.0,9.0,0.4421739530223441,0.0,0.0,0.0,18.732195748434346
28.0,3693.694499481299,376.01508604676945,2.850377152411505,11.0,17.0,0.3895759314463303,0.0,0.0,0.0,9.823261450264978
17.0,10933.38795824076,15262.01333419632,23.7304509519193,6.0,11.0,0.5044072189338621,0.0,0.0,0.0,0.7163791381143162
58.0,30698.149161148875,2667.385215015106,5.039663520388153,21.0,37.0,0.5730287157075118,0.0,1.0,0.0,11.508704850107307
24.0,14036.885324246497,1254.5634332335921,2.1450287369375864,16.0,8.0,0.4569745141632049,1.0,0.0,0.0,11.188661292372384
51.0,45248.24856308564,129739.11984591302,146.23096633047555,17.0,34.0,0.5149439922903692,0.0,0.0,0.0,0.3487633384350497
26.0,8710.979526440602,505.5183005024763,1.508840168108505,11.0,15.0,0.6039441257648925,1.0,1.0,0.0,17.23177878581654
4.0,160.0,12.88409180972013,0.32210229524300327,2.0,2.0,0.3984588033892665,1.0,1.0,0.0,12.418415078297672
53.0,15333.381475216574,1028.6311409710722,3.5554747372315543,29.0,24.0,0.3783871593055041,0.0,0.0,0.0,14.906588829054115
12.0,7166.50816384277,723.6173652977494,1.2116651771058393,6.0,6.0,0.6222539787308726,0.0,0.0,0.0,9.903726067842417
17.0,8591.548065943338,693.5867316972113,1.3723923032674048,10.0,7.0,0.31480944953633405,1.0,0.0,0.0,12.387128636269846
51.0,13100.511478093445,2525.874852550467,9.833174658522669,27.0,24.0,0.360238633484226,0.0,1.0,0.0,5.1865243699090575
53.0,11450.995738329835,587.9400747461501,2.7212326922139667,34.0,19.0,0.3049426981849082,0.0,0.0,0.0,19.476467466984513
55.0,23599.30082600865,2933.64402509291,6.837084817457249,18.0,37.0,0.5221539173823626,0.0,1.0,0.0,8.04436415057592
26.0,6520.307716614611,1982.8110333023405,7.906542007901979,17.0,9.0,0.5400342927229473,0.0,0.0,0.0,3.2884160956857
45.0,27185.70076429073,23325.102486413998,38.609621322226545,24.0,21.0,0.5124122777478015,1.0,1.0,0.0,1.1655125965738151
21.0,8772.00706776967,688.4524996396585,1.648140771061728,8.0,13.0,0.46570761172411207,0.0,0.0,0.0,12.741630065053155
44.0,16481.362617880935,837.9603388704505,2.2370877800054347,30.0,14.0,0.5116116493673856,0.0,0.0,0.0,19.668428030970293
31.0,10798.686301877358,602.5682672426736,1.7298045116168825,21.0,10.0,0.37757512060638504,1.0,1.0,0.0,17.92110021208332
5.0,2763.1227265805946,196.5658002879535,0.35569502287581445,3.0,2.0,0.6304970899344627,1.0,1.0,0.0,14.056986121353951
26.0,13221.567963552186,667.3370627511672,1.3123075628670586,17.0,9.0,0.6923092014825103,0.0,0.0,0.0,19.812428683407575
29.0,15671.352165203045,1082.9919255827754,2.0040878100893322,13.0,16.0,0.5162491530584218,0.0,0.0,0.0,14.470423827740024
16.0,8576.414220178596,1257.8965763065016,2.3467086248645432,6.0,10.0,0.44974221532735575,0.0,0.0,0.0,6.818059911857849
23.0,11167.90053165515,927.2351987889882,1.9096167190688638,9.0,14.0,0.6167130866236685,0.0,0.0,0.0,12.044301754550455
31.0,9094.590382559838,5540.939324505977,18.88695497370358,20.0,11.0,0.37722877243367803,1.0,0.0,0.0,1.6413445175869525
4.0,1415.6958986149903,316.5288114078809,0.8943412542695044,3.0,1.0,0.4283094264383341,0.0,1.0,0.0,4.472565679939689
10.0,4210.650189722126,502.468557851483,1.1933277171254222,7.0,3.0,0.6759922333741305,1.0,0.0,0.0,8.37992770677342
46.0,41999.79619041256,10303.464689437422,11.284801801545735,29.0,17.0,0.3745176690471743,0.0,0.0,0.0,4.076278946582753
22.0,5065.12019016603,265.57406154733894,1.1535026089578224,12.0,10.0,0.34484623113463286,0.0,1.0,0.0,19.072345245822003
37.0,15399.573875455011,773.3749443754493,1.8581600486686285,13.0,24.0,0.5185414782578093,0.0,0.0,0.0,19.912170658555755
34.0,17668.216008751326,2371.5179920834366,4.5636532681567195,12.0,22.0,0.5349669346731033,1.0,0.0,0.0,7.450171606427225
33.0,14498.00382840155,1021.0495856454531,2.324087972738168,16.0,17.0,0.538860041604368,1.0,1.0,0.0,14.199118272240113
25.0,17869.84770718869,2183.236502812007,3.054358014945105,15.0,10.0,0.3657912916163652,0.0,1.0,0.0,8.18502607673165
30.0,13149.012416982803,4641.03218143982,10.588701343331975,11.0,19.0,0.5884578909154267,1.0,0.0,0.0,2.8332086275048174
49.0,22201.494288324026,3278.5748141100044,7.236006901385807,33.0,16.0,0.39691245117309476,0.0,0.0,0.0,6.771690611657066
57.0,37786.76505522602,8029.887155131798,12.11280106073041,33.0,24.0,0.6792410203787596,1.0,1.0,0.0,4.705765389377481
16.0,13794.277321338803,2091.5756830096493,2.426021323812738,7.0,9.0,0.3911828709394847,0.0,0.0,0.0,6.595160497128023
40.0,31259.986991586626,7203.2886437049365,9.217263776397148,26.0,14.0,0.30692459164036673,0.0,0.0,0.0,4.339682683534444
58.0,27414.81494433393,11964.820372059632,25.313305341967506,31.0,27.0,0.5271380773269664,1.0,0.0,0.0,2.2912851252120157
2.0,980.1943153070387,223.3960727626377,0.4558199721708455,1.0,1.0,0.38113914924268477,0.0,1.0,0.0,4.387697165780137
47.0,23939.160900971518,1321.1564787536122,2.593840058065686,21.0,26.0,0.5514295301389651,1.0,1.0,0.0,18.119852785005364
30.0,15881.996450775512,9074.532407626808,17.141168182008446,14.0,16.0,0.3916853442283791,0.0,1.0,0.0,1.7501724317417482
58.0,19170.76187356535,2936.295000539691,8.883585908295935,18.0,40.0,0.4712337456759207,0.0,0.0,0.0,6.528895042916928
35.0,24056.156591988074,2271.0394492541764,3.3042011686259634,18.0,17.0,0.37180576031520507,0.0,0.0,0.0,10.592575395327575
50.0,27066.091277227868,3800.0683482580125,7.019979924946183,30.0,20.0,0.47152454283096557,0.0,1.0,0.0,7.122527490758218
11.0,5401.31638460631,520.545512548569,1.0601120597847769,8.0,3.0,0.35460813548935843,0.0,1.0,0.0,10.3762615456268
10.0,2457.709246881854,2682.4145748392048,10.914287677610519,7.0,3.0,0.4351892230903378,0.0,1.0,0.0,0.9162302016753616
55.0,28185.148293396738,2169.9304032727855,4.2343638194716835,18.0,37.0,0.3795726467271212,0.0,1.0,0.0,12.988964185619338
32.0,3883.4412593868456,343.9290557606907,2.834014743428819,22.0,10.0,0.6264407491132433,1.0,0.0,0.0,11.291402091043402
34.0,13044.784460580824,956.6937625795456,2.493532033894276,12.0,22.0,0.5917416334378042,1.0,0.0,0.0,13.635277003801097
11.0,4261.185045745763,374.8801342770366,0.9677311435147271,3.0,8.0,0.36672775926555734,1.0,0.0,0.0,11.366793425753379
15.0,8360.985579262857,951.606834712421,1.7072272623085645,9.0,6.0,0.33316182101107106,1.0,1.0,0.0,8.78617646939198
49.0,42922.530244463895,6101.002833020543,6.964853588904274,32.0,17.0,0.31029784240521163,1.0,0.0,0.0,7.035323768766944
19.0,11673.248369528663,2555.7854063732734,4.159932281390576,13.0,6.0,0.39066871845377626,0.0,0.0,0.0,4.567382042490535
35.0,27638.81450844929,2756.6174469186512,3.490801337107205,22.0,13.0,0.49207094639868443,1.0,0.0,0.0,10.026351149791921
20.0,12580.848692414307,22081.487731901252,35.103335667991,8.0,12.0,0.45995327874568015,0.0,0.0,0.0,0.5697464249312642
17.0,12325.181864937893,1867.9033433754403,2.5763803881641545,6.0,11.0,0.6885996127050236,1.0,0.0,0.0,6.598404520581548
11.0,9585.680176474834,706.2027680930146,0.810399502800849,4.0,7.0,0.616898258076781,0.0,0.0,0.0,13.573552256612361
55.0,19449.794844675198,8765.49259897457,24.78700144621768,29.0,26.0,0.3312746730991458,1.0,1.0,0.0,2.218904941742867
56.0,19072.430337727164,14618.470569080051,42.92239307589147,28.0,28.0,0.36357295301331916,0.0,0.0,0.0,1.3046802842745953
8.0,5070.097440763714,388.18710171773125,0.6125122544536473,3.0,5.0,0.31063962074994256,1.0,1.0,0.0,13.060963175562737
22.0,10983.814802126119,1375.451685561684,2.7549569641778446,11.0,11.0,0.35529054457530257,0.0,1.0,0.0,7.985605686789887
34.0,18498.406063087332,1152.8065569504286,2.1188540678932943,18.0,16.0,0.511766859530516,0.0,1.0,0.0,16.04640947916015
24.0,10806.398917884668,576.3609329333794,1.2800436570510045,14.0,10.0,0.3306952141300837,0.0,1.0,0.0,18.749360514227913
43.0,16372.175033587431,855.25841118193,2.246256933203865,20.0,23.0,0.3239471789240508,1.0,0.0,0.0,19.14295705196491
17.0,14010.599873835086,1640.474544040621,1.9904977302771851,7.0,10.0,0.3472646017183736,0.0,0.0,0.0,8.540577435188876
5.0,1400.1388861800856,263.0194595355037,0.9392620336868289,3.0,2.0,0.5677654580292854,0.0,0.0,0.0,5.323328124286894
21.0,13382.847488814485,1097.6885360667352,1.7224629718502042,12.0,9.0,0.3077432499632439,1.0,1.0,0.0,12.191844087912438
36.0,21774.44365725924,1730.5410002698327,2.8611282561492386,15.0,21.0,0.687850440077625,0.0,1.0,0.0,12.582448872268316
12.0,2210.3680858314146,177.3148430617826,0.9626351965451231,4.0,8.0,0.452314505405821,1.0,0.0,0.0,12.46578147471414
49.0,16358.35276606278,2528.5408273001626,7.574020581995834,33.0,16.0,0.43463494440948813,0.0,0.0,0.0,6.469483343691679
2.0,734.923775620053,555.9824222731769,1.5130342512163149,1.0,1.0,0.4899251335871451,0.0,1.0,0.0,1.3218471415251953
5.0,3064.5841133165914,722.8480560183567,1.1793575070714364,2.0,3.0,0.5071447178466522,0.0,1.0,0.0,4.2395965345706985
31.0,13224.382343230584,4224.141326761143,9.902041375613015,16.0,15.0,0.4680053555855335,0.0,1.0,0.0,3.1306675890435627
31.0,14969.343199013007,5935.947565576489,12.292748725609018,17.0,14.0,0.4945303523257243,1.0,1.0,0.0,2.5218118983770386
19.0,3960.9400434580343,213.76570475141284,1.025400118586742,7.0,12.0,0.4358935602997145,1.0,0.0,0.0,18.529352255377884
16.0,15442.917493489003,47333.084248978,49.04056168809753,6.0,10.0,0.42880296828937287,0.0,0.0,0.0,0.3262605371806601
6.0,3085.4347424873963,255.90270404595307,0.4976336731847086,4.0,2.0,0.31092610604610443,0.0,1.0,0.0,12.057061897764617
40.0,23992.007178375552,1265.9285441541904,2.110583803584713,20.0,20.0,0.568720213630819,0.0,0.0,0.0,18.95210222501573
23.0,9013.122752599977,1246.1009427959873,3.179843709111827,9.0,14.0,0.5469087918260951,1.0,1.0,0.0,7.233059893507851
8.0,2955.796276691438,279.75641253215133,0.7571737328129958,5.0,3.0,0.5675281509488804,1.0,1.0,0.0,10.565606878990627
25.0,22063.423274767658,1583.7776797252081,1.794573829275691,12.0,13.0,0.6764220216259889,0.0,1.0,0.0,13.930884086329435
56.0,6532.718001525754,1024.3326901625223,8.780821495081202,31.0,25.0,0.48923389586752053,1.0,1.0,0.0,6.377535408431865
17.0,9447.40003266464,986.2454368410154,1.774686407723582,7.0,10.0,0.6527081737208966,0.0,1.0,0.0,9.57915715475962
53.0,13658.058754256332,835.2938742815783,3.2413519471152794,17.0,36.0,0.47757729874313926,0.0,0.0,0.0,16.351201864138403
17.0,7122.996075050183,477.4175486189904,1.139421984935694,6.0,11.0,0.4910456109846246,1.0,1.0,0.0,14.919845522341257
12.0,4468.57327758235,276.2033015824399,0.7417221142186357,8.0,4.0,0.5531810070859557,0.0,0.0,0.0,16.178565759282172
17.0,5147.675876374557,260.6756546753352,0.8608712428494502,9.0,8.0,0.38636055975424743,0.0,1.0,0.0,19.747436264371736
20.0,10141.76691882531,1363.5011767787714,2.6888828893273393,13.0,7.0,0.3869424490228413,0.0,0.0,0.0,7.438033124976771
8.0,320.0,21.398283263534214,0.5349570815883553,2.0,6.0,0.5039327376878455,1.0,0.0,0.0,14.954470695568673
36.0,15728.48293018538,1302.5063187265082,2.9812301467527256,22.0,14.0,0.32744392708811754,1.0,1.0,0.0,12.075552113684559
21.0,10120.782103530106,758.1811518230518,1.5731792291754405,10.0,11.0,0.39466321976959756,1.0,1.0,0.0,13.348765106062867
43.0,9810.221700908292,662.3835814559628,2.903348657244852,24.0,19.0,0.6173648614323766,0.0,0.0,0.0,14.810484401417042
30.0,24079.312328696302,1604.5237595435551,1.9990484831637554,13.0,17.0,0.4854933709304958,0.0,0.0,0.0,15.00713977307898
27.0,10289.9247760945,580.6753520186626,1.5236490883711302,15.0,12.0,0.31064877341964653,1.0,1.0,0.0,17.720615728431653
29.0,13122.591393703946,1869.590013271559,4.131661861458887,9.0,20.0,0.3242965673449157,1.0,0.0,0.0,7.018967420959305
11.0,4197.117839387654,320.7100859864451,0.8405317841553841,4.0,7.0,0.6678061514290528,0.0,1.0,0.0,13.086953054432616
43.0,20798.53136429696,3686.5101698969775,7.621688980294421,27.0,16.0,0.682687379336117,0.0,1.0,0.0,5.6417941103572735
8.0,6093.030549609679,511.5187875716458,0.6716116499424594,3.0,5.0,0.5564415351286334,1.0,1.0,0.0,11.911645667083654
43.0,42767.93591374188,2844.379826213601,2.8598137813774085,13.0,30.0,0.3739780434166986,1.0,1.0,0.0,15.035944046429961
59.0,38298.54260366777,2419.2925772924345,3.7269893932356557,39.0,20.0,0.44723448298100915,0.0,0.0,0.0,15.830471668924725
46.0,33009.5426561403,3915.033617279908,5.455741943197625,19.0,27.0,0.4221868226085217,0.0,1.0,0.0,8.431483834633
28.0,23611.99389627166,2315.135496828983,2.745375684746692,15.0,13.0,0.614062528328575,0.0,0.0,0.0,10.198968452867128
20.0,10995.484307065828,1638.5969156129042,2.9804906629895735,13.0,7.0,0.5148358740503061,0.0,0.0,0.0,6.710304530844948
52.0,42330.60908556345,12369.142655716125,15.194570359172927,31.0,21.0,0.6118626194458787,0.0,1.0,0.0,3.4222751134656284
16.0,10535.68362364929,2007.8209712764622,3.0491742812315077,5.0,11.0,0.4442042440859999,0.0,0.0,0.0,5.247322233591017
29.0,15335.126684007118,840.4129282004773,1.5892907453598788,15.0,14.0,0.6478045853906825,0.0,1.0,0.0,18.247133247751496
46.0,26223.137516953506,4220.048392958552,7.402707854870209,24.0,22.0,0.47166494989179086,1.0,1.0,0.0,6.213942371065853
55.0,7464.413402953931,382.8601565439222,2.821026579474095,24.0,31.0,0.46694962735249756,1.0,0.0,0.0,19.496448704234922
55.0,30713.31186490765,6309.889850080762,11.299463349342233,33.0,22.0,0.4956393752089949,0.0,1.0,0.0,4.867487800046865
7.0,1338.7534713751854,92.48557286246233,0.48358344077511106,5.0,2.0,0.5367223014817653,1.0,1.0,0.0,14.475268195246842
54.0,9447.093162600038,821.5313171048595,4.695909139468343,19.0,35.0,0.6576447412632512,1.0,1.0,0.0,11.499370706758121
8.0,4308.605902440359,308.8040243618358,0.5733715848774782,3.0,5.0,0.4831022179189548,0.0,1.0,0.0,13.952557488019732
35.0,9701.44983359962,752.2275834890181,2.713817612181263,21.0,14.0,0.6720544948855927,0.0,0.0,0.0,12.896961034853161
55.0,27421.748735662848,1937.9828669190351,3.8870262691133375,26.0,29.0,0.45746733414675206,1.0,1.0,0.0,14.149634242771905
39.0,20579.789250928945,1136.021825467442,2.1528330855589486,24.0,15.0,0.4298290778166863,0.0,1.0,0.0,18.115663616287407
56.0,30050.15552915191,2661.3745004072694,4.959607343070989,20.0,36.0,0.4180182429275149,0.0,1.0,0.0,11.291216446446505
21.0,6702.690090423174,4775.413384829722,14.961706378862694,7.0,14.0,0.3084608018799457,1.0,1.0,0.0,1.4035832189347044
20.0,13594.729529924796,2493.0883480074854,3.667727765410389,12.0,8.0,0.6396575762455425,1.0,1.0,0.0,5.452967417215645
20.0,9643.059054135685,680.0959425147976,1.4105398270336633,14.0,6.0,0.3316934951050537,0.0,1.0,0.0,14.178968659154839
22.0,12940.732992753112,1306.2489992749552,2.2206993993417665,7.0,15.0,0.43373254103490755,0.0,1.0,0.0,9.906788828114683
41.0,10689.195165634628,972.3096570851089,3.7294384958610363,26.0,15.0,0.40018271455489246,0.0,1.0,0.0,10.993612053262753
28.0,13001.365681942472,1087.8183492045057,2.3427472561617417,13.0,15.0,0.5977746936772885,0.0,0.0,0.0,11.951780084836816
44.0,31656.191452777057,4120.046982656954,5.726591194879917,13.0,31.0,0.6730348702683592,0.0,1.0,0.0,7.68345399604217
26.0,18044.923685405247,1164.9991842837212,1.678587248106531,13.0,13.0,0.6266839135715374,0.0,1.0,0.0,15.489215725502712
19.0,6470.2878048873035,446.70361101258425,1.3117451441384422,8.0,11.0,0.42799933190290107,0.0,0.0,0.0,14.484520933736142
13.0,5081.5487045054015,355.34626558570613,0.9090735366795635,8.0,5.0,0.4823029374123716,0.0,1.0,0.0,14.300273273252623
33.0,9974.667581578797,696.5336954835968,2.304398794543138,14.0,19.0,0.3988147585738435,0.0,1.0,0.0,14.320437971997146
54.0,19910.740482782476,1117.7870376620317,3.0315547573906447,27.0,27.0,0.6695920765285478,1.0,1.0,0.0,17.812642133002246
51.0,11229.511084793407,941.4344541081912,4.2756231145749,19.0,32.0,0.3474978298359519,1.0,0.0,0.0,11.928085949893324
16.0,7557.837208292884,390.7254249363035,0.8271687556489364,10.0,6.0,0.6807817822578826,0.0,0.0,0.0,19.34309037996432
29.0,18172.202709460496,7484.759346300991,11.944508022119285,19.0,10.0,0.6254627309664018,1.0,1.0,0.0,2.427894053593226
42.0,14405.55594407094,1138.0970250560679,3.3181694089375613,19.0,23.0,0.5846310850105241,0.0,1.0,0.0,12.657581583047595
37.0,17829.51350830729,1242.2424108007515,2.5779149373992913,18.0,19.0,0.609597462660014,1.0,0.0,0.0,14.352684591419122
5.0,2279.5015923686433,238.1788151796075,0.5224361675749358,3.0,2.0,0.4357387227608189,1.0,1.0,0.0,9.570547198539472
36.0,25596.854867507176,4413.435511204135,6.207156278603466,13.0,23.0,0.4183546029628449,0.0,0.0,0.0,5.799757309815882
4.0,1510.7265305564629,137.04913857688206,0.3628694824771528,2.0,2.0,0.4525683462270609,0.0,1.0,0.0,11.023247181586427
8.0,3079.6542277586377,420.3321289550699,1.091894343634769,4.0,4.0,0.3726452993683018,0.0,1.0,0.0,7.3267162217995185
39.0,12901.03519931958,709.353786274569,2.1443858758068712,25.0,14.0,0.5985440340784415,0.0,1.0,0.0,18.187025217802937
7.0,1907.4866718901176,266.11110147057536,0.9765613242519864,3.0,4.0,0.4900175348024079,0.0,0.0,0.0,7.168008630038434
21.0,12722.576964077272,3578.4271155817078,5.9065839915448315,9.0,12.0,0.6543239833278867,1.0,0.0,0.0,3.555354504407475
36.0,17027.202266420554,1474.348974522851,3.1171628933718156,15.0,21.0,0.651352603710741,1.0,0.0,0.0,11.548963346300784
40.0,20438.478878586415,2570.8609666273005,5.031413505671042,12.0,28.0,0.36234155143301794,0.0,1.0,0.0,7.950052198038368
27.0,20383.06224345514,10382.73971457508,13.75328049069469,10.0,17.0,0.38752730746951447,0.0,1.0,0.0,1.9631679887767783
7.0,5364.9130162990205,473.99066073571686,0.6184507773136072,5.0,2.0,0.4642560902644506,1.0,1.0,0.0,11.318604902408271
48.0,8196.150644785888,760.3082882767277,4.45267533735482,19.0,29.0,0.34752578384705346,1.0,1.0,0.0,10.780035902755744
57.0,35885.31527328947,10237.497730243347,16.261174415770437,18.0,39.0,0.5757735539041529,1.0,1.0,0.0,3.505281878332242
53.0,28891.857412538608,2413.1081129571653,4.426670399225544,22.0,31.0,0.5950382621346021,1.0,1.0,0.0,11.972881470748867
45.0,18345.681007686573,1613.6850331071184,3.9581973795028573,21.0,24.0,0.5885401435183726,0.0,0.0,0.0,11.368811528456906
25.0,14138.418435139713,913.1238315463125,1.6146145266093357,13.0,12.0,0.4880841256072275,1.0,0.0,0.0,15.48357182967974
52.0,8045.61435370383,1107.7047744742024,7.159260404538511,17.0,35.0,0.637286488746934,0.0,1.0,0.0,7.263320100360555
30.0,23775.854056658398,4743.073604863321,5.984735934482694,18.0,12.0,0.54233829869544,1.0,0.0,0.0,5.012752497089603
9.0,5426.8993747294335,285.22341613807396,0.4730160940879151,6.0,3.0,0.6974447104746437,0.0,1.0,0.0,19.026836745066973
51.0,16674.98300270688,1482.7097314902667,4.534828988654944,20.0,31.0,0.6261752872436717,0.0,1.0,0.0,11.246289579516624
20.0,7658.359112721905,12948.618436541596,33.81564704906988,12.0,8.0,0.5889035263132247,1.0,0.0,0.0,0.5914421797393971
56.0,8924.75947386867,543.4239677678617,3.4098109068488793,25.0,31.0,0.3493211210069964,1.0,1.0,0.0,16.423198098029278
23.0,10055.796650753231,2529.554416861619,5.785692930003639,11.0,12.0,0.6330400150526724,1.0,1.0,0.0,3.975323315332868
52.0,20979.587436697937,1333.610150009508,3.3054857732421326,35.0,17.0,0.4222288862632197,1.0,1.0,0.0,15.731424537034577
33.0,7754.271444983191,549.2475354729482,2.3374431497795705,22.0,11.0,0.46756571821794435,1.0,1.0,0.0,14.117990421761498
29.0,19004.872955516712,980.7532231207618,1.4965553064771226,13.0,16.0,0.4851041138481139,0.0,0.0,0.0,19.377833799049988
19.0,14351.829320839006,743.1057390218837,0.9837776582888177,9.0,10.0,0.4325242115914839,0.0,1.0,0.0,19.313307066810797
50.0,24726.395099555222,4475.77718823035,9.050605982412009,21.0,29.0,0.34337552005178257,0.0,1.0,0.0,5.52449196188241
5.0,2194.353117153632,143.0415516008044,0.3259310237778602,3.0,2.0,0.37974553915534126,1.0,1.0,0.0,15.340669145407198
29.0,17022.910692364403,2671.8284087554484,4.551690674654298,17.0,12.0,0.621386581772905,0.0,1.0,0.0,6.371258961309482
23.0,11409.660772522802,905.3490804864334,1.8250348775780267,8.0,15.0,0.5609080528926859,0.0,0.0,0.0,12.602498879650406
33.0,9357.61717287417,781.4271645769222,2.755733212274379,22.0,11.0,0.6771365963864396,1.0,1.0,0.0,11.975034394844133
16.0,5911.430442920764,5193.925309219669,14.057985753183393,9.0,7.0,0.6284273414605854,1.0,1.0,0.0,1.138143136642235
40.0,17628.511946015755,114936.6418507113,260.79714998675945,14.0,26.0,0.46088809041924605,0.0,1.0,0.0,0.1533759092153836
24.0,13191.29565348814,10970.876929746904,19.960211129397415,16.0,8.0,0.6144824601705487,0.0,1.0,0.0,1.2023920911664496
12.0,6022.408122903524,2314.135664035251,4.61105049702854,7.0,5.0,0.5305716769852468,0.0,1.0,0.0,2.602443848258235
13.0,7046.960387966502,1357.7520941375597,2.50473626244998,6.0,7.0,0.4145204331299892,1.0,1.0,0.0,5.190167202388085
42.0,8191.444940415058,451.47458016506107,2.3148458550185613,21.0,21.0,0.6900357253342956,1.0,0.0,0.0,18.14375670368912
17.0,10761.740329888758,1035.1089950443386,1.635130785202253,11.0,6.0,0.6713963973416511,0.0,0.0,0.0,10.396721873166392
19.0,9512.980359232348,596.5002640440969,1.1913726917178666,13.0,6.0,0.344879381516983,1.0,1.0,0.0,15.947990189873734
38.0,38400.588811541165,2289.248688485584,2.2653676116629544,16.0,22.0,0.63576859266546,0.0,0.0,0.0,16.7743194545388
21.0,8871.935645259065,603.0360526468319,1.4273950592000357,12.0,9.0,0.33107468790408107,1.0,0.0,0.0,14.712114816881297
24.0,13552.600776524987,1724.6590730998942,3.054160484539168,15.0,9.0,0.6715276775087622,0.0,0.0,0.0,7.85813323219041
16.0,17053.501319067203,986.6643337203627,0.9257119135924929,11.0,5.0,0.549666417125388,0.0,1.0,0.0,17.283994907127607
22.0,11854.003169813986,798.0401842120799,1.4810932476696193,7.0,15.0,0.3666328977789326,1.0,1.0,0.0,14.853892578752367
42.0,20431.90347008146,1373.492890844685,2.8233640345818833,21.0,21.0,0.6269049743231752,1.0,0.0,0.0,14.875871295930796
32.0,9683.699873595831,536.8973670646757,1.7741892014761438,21.0,11.0,0.506312736305403,1.0,1.0,0.0,18.036407826953106
59.0,47533.54313306602,3963.3294723875592,4.919398459657451,18.0,41.0,0.32381994987216955,0.0,1.0,0.0,11.99333627553079
46.0,12336.265407175555,1164.3412637136178,4.341646062484412,22.0,24.0,0.6193709539166935,1.0,1.0,0.0,10.595059877745424
2.0,1170.8483667392488,65.74570508189706,0.11230438876555021,1.0,1.0,0.6153352755956746,0.0,1.0,0.0,17.808743024061652
23.0,9321.645521981445,1022.5013751834839,2.522894865907876,12.0,11.0,0.4928239787400588,0.0,1.0,0.0,9.116511476875727
18.0,8318.38945471912,512.1897523821223,1.1083173723788466,11.0,7.0,0.5924438665977051,0.0,0.0,0.0,16.240835385775416
36.0,7747.687666007581,6891.52038324036,32.021777915125654,12.0,24.0,0.3160593316052271,1.0,0.0,0.0,1.1242348908739141
17.0,13066.632553895242,172532.34924659823,224.4686934521481,10.0,7.0,0.4272426387259064,1.0,0.0,0.0,0.07573439190362657
58.0,25777.55125134799,2434.2706521497503,5.477157098748949,24.0,34.0,0.5692889530243964,0.0,0.0,0.0,10.589435167606918
19.0,4882.659296206473,3215.3277029784954,12.511875732155948,12.0,7.0,0.3922422902098812,1.0,1.0,0.0,1.5185572816367854
32.0,24017.219821056584,1229.6323519155487,1.6383343099020908,15.0,17.0,0.480164551868527,1.0,1.0,0.0,19.532033118388618
9.0,3592.5537365328537,22488.82141958955,56.33858464470459,3.0,6.0,0.672778703515604,1.0,1.0,0.0,0.15974842209398551
54.0,30613.75875069179,2129.3438984536415,3.7559768943399767,37.0,17.0,0.6307007114292158,0.0,0.0,0.0,14.377085248147996
54.0,36087.29692705115,7356.460169755402,11.007996802027384,33.0,21.0,0.5231986190650824,0.0,1.0,0.0,4.905524680935102
48.0,28550.72957351347,1475.2869051416126,2.480278875692598,21.0,27.0,0.5306865323458024,1.0,1.0,0.0,19.35266250517752
22.0,1334.8035778042438,174.21640548129838,2.8714044405645573,9.0,13.0,0.6548024069211812,1.0,0.0,0.0,7.661755930026527
5.0,3195.356700977787,5376.633503800236,8.41319765983399,3.0,2.0,0.6452236408410837,1.0,1.0,0.0,0.5943043539641097
43.0,20634.721641079897,35130.79258045656,73.20787298396408,30.0,13.0,0.3353186937531873,1.0,0.0,0.0,0.5873685199052155
26.0,11289.050776622671,1017.9671439420233,2.344497005656196,11.0,15.0,0.4862309521991405,0.0,0.0,0.0,11.089798765907538
59.0,28212.915602092377,1429.5947742279895,2.9896269094994192,40.0,19.0,0.3763414614285763,0.0,0.0,0.0,19.73490398167406
42.0,7475.724530894913,381.48298871590737,2.1432418302537553,18.0,24.0,0.333287902835136,1.0,1.0,0.0,19.596482024162103
33.0,17768.328036767896,2621.2402344721268,4.868264901378696,19.0,14.0,0.4169582034709984,1.0,0.0,0.0,6.778595797170852
59.0,13400.181790230137,1384.3251956024874,6.095080486153916,27.0,32.0,0.544257522138123,0.0,1.0,0.0,9.679937801318495
48.0,21255.93878825634,10348.088143151943,23.367974278591678,16.0,32.0,0.6177481283426121,0.0,0.0,0.0,2.054093325666431
28.0,14875.08081661398,1421.0826597445216,2.6749645910094686,19.0,9.0,0.6649905478102953,0.0,1.0,0.0,10.467428277035047
3.0,2144.4222527925685,178.49291504028892,0.24970769838987675,1.0,2.0,0.46918245391527186,1.0,0.0,0.0,12.01404690101305
7.0,2352.5415761963995,465.05046172618637,1.383760127779155,5.0,2.0,0.4689292293244379,0.0,1.0,0.0,5.058680228945854
27.0,21338.57180796834,1740.2645145895417,2.201981571998717,9.0,18.0,0.36130101913968116,1.0,1.0,0.0,12.261682996507718
34.0,23438.602123903,1302.226284637774,1.8890074349839903,14.0,20.0,0.3779365135305543,0.0,1.0,0.0,17.998870396340266
3.0,1242.3541545056783,17989.775715399566,43.44117734099148,2.0,1.0,0.3409979562803256,0.0,0.0,0.0,0.0690589017984366
9.0,2504.2513204753145,542.3710693873109,1.9492211442896654,5.0,4.0,0.6903602185287712,0.0,1.0,0.0,4.6172287974434925
42.0,8871.944069264462,2093.4788298644044,9.910579932408725,16.0,26.0,0.35103897456617406,0.0,0.0,0.0,4.237895288312566
45.0,24945.784663798255,9893.115343416377,17.846309364636042,24.0,21.0,0.6026569802335351,1.0,0.0,0.0,2.521529750524849
3.0,1057.6295102755116,314.42265220264994,0.8918699293500512,1.0,2.0,0.4271057160667129,1.0,1.0,0.0,3.3637191941051823
31.0,22936.012192746635,1829.4722825775607,2.4726896848197395,20.0,11.0,0.5148591197881247,1.0,1.0,0.0,12.536955280039484
6.0,2184.5714042060754,1040.8901463327081,2.858840350089611,2.0,4.0,0.6490840848417053,1.0,0.0,0.0,2.0987530835053203
43.0,13754.229571553038,930.364141693074,2.9086077038835554,22.0,21.0,0.67446698058968,0.0,1.0,0.0,14.783705599963398
50.0,27336.26351244314,1540.4095808340278,2.8175203610633393,16.0,34.0,0.3960921275463367,0.0,1.0,0.0,17.74610068163975
52.0,18865.112685542,1017.7868911261454,2.8054387599349244,30.0,22.0,0.6645077613440334,1.0,1.0,0.0,18.535425097358463
36.0,18061.559952255382,1366.177505527678,2.723042213906607,24.0,12.0,0.40082097375967196,1.0,0.0,0.0,13.220507495678032
38.0,26493.518908444763,6643.212386422467,9.528446242133139,24.0,14.0,0.6219188810520428,1.0,0.0,0.0,3.988058392140639
55.0,28789.522648355964,16435.50279505068,31.398667660070007,25.0,30.0,0.3061001507433952,1.0,0.0,0.0,1.7516666820211622
37.0,19395.13700920016,4145.23627578907,7.907845256851866,15.0,22.0,0.5140925905076177,0.0,0.0,0.0,4.678897828449642
27.0,14607.792228105456,759.1994913955144,1.4032501248367912,9.0,18.0,0.5903250746647835,0.0,0.0,0.0,19.2410458564116
45.0,7262.109087431461,377.2761978376226,2.3378096773671255,29.0,16.0,0.6355755875592968,0.0,1.0,0.0,19.248786774926707
36.0,20821.231799499532,2714.886807030356,4.694051052994955,12.0,24.0,0.6364515545578784,0.0,0.0,0.0,7.669281734170924
50.0,26599.315767258962,4061.2486848582,7.634122472159945,28.0,22.0,0.4195471333680387,1.0,1.0,0.0,6.549541244896134
32.0,21714.54289269389,2123.731677716451,3.129672773806911,14.0,18.0,0.6412598437923958,0.0,0.0,0.0,10.224711116068354
52.0,32300.432331826036,5503.400220187799,8.859844614766715,36.0,16.0,0.42945881110142337,0.0,1.0,0.0,5.8691774247746435
4.0,1838.4410947155886,93.82546420010297,0.2041413553467548,2.0,2.0,0.3935069471338155,1.0,1.0,0.0,19.594265910528488
4.0,2825.914313208552,633.1351384566929,0.8961844815992729,2.0,2.0,0.30058930788808363,0.0,0.0,0.0,4.463366730990319
7.0,3090.3170233421915,416.7995357900439,0.9441092057846264,5.0,2.0,0.3942861020533619,0.0,0.0,0.0,7.414396509546233
34.0,18680.668307728392,2168.149831469409,3.9461700756959726,23.0,11.0,0.3473755295157594,1.0,1.0,0.0,8.615948970218557
43.0,18824.114897877538,7396.429574749328,16.895693287023104,23.0,20.0,0.5699746410395983,1.0,0.0,0.0,2.5450272604691846
14.0,8292.921853784992,1078.7743686295466,1.821172492288774,9.0,5.0,0.35791505110435434,1.0,1.0,0.0,7.687355294064091
11.0,4671.7224781969235,272.5343027256072,0.6417070671412669,6.0,5.0,0.5341534070978263,0.0,1.0,0.0,17.14177786603437
51.0,42305.02641120399,14842.817008049948,17.8934687347239,24.0,27.0,0.350587103890089,1.0,1.0,0.0,2.850201979062331
45.0,40656.264635030755,3474.5267908001233,3.8457469467395713,15.0,30.0,0.5817674131447381,0.0,1.0,0.0,11.701237918982436
39.0,26316.71838265084,3224.135453508675,4.778000085669214,23.0,16.0,0.41421820065914666,1.0,1.0,0.0,8.162410904297335
30.0,24247.77989648417,7023.84737584429,8.690091306292398,17.0,13.0,0.42347855504535625,1.0,1.0,0.0,3.452207686043222
26.0,4996.084699532956,16872.594908027142,87.80625109292384,9.0,17.0,0.5561541260460221,0.0,0.0,0.0,0.29610648076165613
3.0,647.1733540350033,117.59948445462894,0.5451374831245064,1.0,2.0,0.6755781294840559,0.0,1.0,0.0,5.503198904623509
12.0,5228.254640085088,4073.47446457081,9.349524256158684,7.0,5.0,0.6966404199827899,1.0,1.0,0.0,1.2834877659251382
54.0,27445.294424795877,3627.1964545179167,7.136691831843019,19.0,35.0,0.44290544462663317,0.0,0.0,0.0,7.566531002369866
21.0,9667.528843981403,596.2572898960307,1.2952020407585276,12.0,9.0,0.6785306292867583,1.0,0.0,0.0,16.213686621201948
42.0,7206.06390308319,500.15293368298586,2.9151036539791977,25.0,17.0,0.5449285873208578,1.0,0.0,0.0,14.407720954508369
42.0,30673.370333118633,1618.6214551531502,2.2163231616915184,19.0,23.0,0.6625874304256504,0.0,1.0,0.0,18.95030504845025
19.0,17685.953286756358,2063.9562198966037,2.217305877846046,8.0,11.0,0.3111408592645762,1.0,0.0,0.0,8.56895757587453
13.0,9830.56796584882,693.7279770959047,0.9173898938064117,6.0,7.0,0.31326914073917045,0.0,0.0,0.0,14.170637901907464
42.0,30118.39545780636,2260.5353846460193,3.1523089033126017,19.0,23.0,0.3298295910816341,0.0,0.0,0.0,13.323567355935305
7.0,3816.567447203844,871.3477595988419,1.598146607276798,4.0,3.0,0.6217572007735223,0.0,1.0,0.0,4.380073748007278
30.0,9942.015775637177,1628.1115245106469,4.912821186122999,18.0,12.0,0.35518259118581896,0.0,0.0,0.0,6.106470979391537
53.0,27268.797357941257,2567.659384981789,4.99053719229769,34.0,19.0,0.37063400465591123,1.0,0.0,0.0,10.620099191285318
43.0,39608.05711683693,2484.3052281220553,2.697055412087816,13.0,30.0,0.5341599607944982,0.0,1.0,0.0,15.94331351416814
46.0,19761.709364935086,2133.3649337157026,4.965905789761861,27.0,19.0,0.6829783448275824,1.0,0.0,0.0,9.263164052535505
6.0,2454.05130261127,534.2508782867844,1.306209558989187,3.0,3.0,0.5268449948321758,0.0,0.0,0.0,4.593443646701769
13.0,9378.989513670174,472.0261296983984,0.6542644788263458,8.0,5.0,0.593038320347749,1.0,1.0,0.0,19.869640521093377
17.0,12490.532572535027,5302.040703145806,7.216240895257947,6.0,11.0,0.37509370539607134,1.0,0.0,0.0,2.3557971867556855
18.0,5947.553499210707,311.0647786705932,0.9414233964963471,9.0,9.0,0.6656696212594573,0.0,0.0,0.0,19.11998370445199
13.0,5820.140005582702,359.47929639309666,0.8029413121725035,7.0,6.0,0.3223506594264791,0.0,1.0,0.0,16.19047345418825
58.0,23177.89624754336,1380.793448494223,3.4552756280093067,25.0,33.0,0.4131276033243786,1.0,0.0,0.0,16.785925710191645
11.0,5653.316633934399,355.3621675691343,0.6914496562595749,8.0,3.0,0.4814896765317609,1.0,0.0,0.0,15.908605782675414
43.0,30991.705370182834,7373.692499594814,10.230762511947127,15.0,28.0,0.39046886189844865,0.0,1.0,0.0,4.203010279027208
36.0,12211.001847877744,963.7714353985917,2.841353404624976,13.0,23.0,0.5655043256451853,1.0,1.0,0.0,12.670018429035075
37.0,26563.519610553332,1753.6965205325482,2.4427023305272253,21.0,16.0,0.5715169732814847,1.0,0.0,0.0,15.147158758396088
14.0,7284.623496979664,488.0351657657078,0.9379334873727906,7.0,7.0,0.38474320744615254,0.0,1.0,0.0,14.926431552427946
19.0,18339.530117994254,3354.140199801017,3.47493438415254,8.0,11.0,0.3034365074927481,1.0,1.0,0.0,5.467729142354347
37.0,20859.348544344462,5694.0920898058,10.100095258245064,16.0,21.0,0.3297268991962609,0.0,1.0,0.0,3.663331785885444
19.0,9131.709435408793,1384.4201529185193,2.8805102803048546,7.0,12.0,0.30017115401091027,1.0,1.0,0.0,6.596053529095256
42.0,25827.603707774335,2683.9737220914517,4.364589824254939,27.0,15.0,0.6621574861989423,1.0,1.0,0.0,9.622897383528967
4.0,1730.283009690232,150.49962260783303,0.3479190901487881,2.0,2.0,0.548666278088817,0.0,0.0,0.0,11.496925903920348
6.0,845.6722519778093,50.49645824721032,0.3582697064668644,2.0,4.0,0.3553741101480779,0.0,1.0,0.0,16.74715972826725
44.0,19883.413666414337,1291.7822819861506,2.858584615346915,20.0,24.0,0.3370051688793761,0.0,0.0,0.0,15.39223284270709
37.0,16603.427292887736,1226.322355073064,2.732804880420068,25.0,12.0,0.6270379457914206,1.0,0.0,0.0,13.539202987046997
4.0,726.1460315601505,136.8379889947672,0.7537766953061269,3.0,1.0,0.6244158383105324,0.0,1.0,0.0,5.3066113942080735
54.0,26211.219950219478,2729.2931757980236,5.6228528001749565,18.0,36.0,0.670951856085711,1.0,0.0,0.0,9.60366595375212
2.0,173.15591015624113,25.683373635379215,0.29665026867641686,1.0,1.0,0.36370939250178913,1.0,1.0,0.0,6.741945688852822
57.0,24536.370079227534,5179.927604614863,12.033396647901498,21.0,36.0,0.5089099040638088,0.0,0.0,0.0,4.736817182033156
44.0,24143.644729993117,94906.15168356289,172.9594152323313,17.0,27.0,0.3485904226809739,0.0,0.0,0.0,0.25439493965041504
59.0,30644.55489023114,4491.843836754435,8.648152577768204,38.0,21.0,0.6182558259098386,1.0,0.0,0.0,6.822266312885278
57.0,23813.808009090273,4615.508831836965,11.0475402889904,38.0,19.0,0.4649939135228579,1.0,1.0,0.0,5.1595195409066985
20.0,9657.878392207715,842.7871488537165,1.7452842428285371,7.0,13.0,0.5783302226310676,0.0,0.0,0.0,11.459451422987993
45.0,15443.420062699524,11944.60312652639,34.80492912265775,29.0,16.0,0.31212547289228604,0.0,0.0,0.0,1.2929203171600583
14.0,7030.286254383097,1290.703004861841,2.5702853929738585,8.0,6.0,0.6111723988367201,1.0,1.0,0.0,5.446865954368511
29.0,14836.901158232271,15731.198971705171,30.747982029005044,18.0,11.0,0.3917945139001887,1.0,0.0,0.0,0.9431513252688861
15.0,4799.250066295471,373.590438500187,1.1676525498969068,9.0,6.0,0.6371217431226657,1.0,0.0,0.0,12.84628719504305
30.0,16606.195203054587,1458.5541047443999,2.634957773727921,15.0,15.0,0.3743433935673147,0.0,0.0,0.0,11.385381693444065
52.0,28719.10761283672,4234.153887935965,7.666533554623996,35.0,17.0,0.6160388950379941,1.0,0.0,0.0,6.7827264603357404
27.0,12602.466466662216,4215.823067668549,9.03213852051599,10.0,17.0,0.35364229267196284,0.0,1.0,0.0,2.9893252786890985
7.0,6889.4658508015455,359.5660662375464,0.3653349211927645,4.0,3.0,0.5653668953268236,1.0,1.0,0.0,19.160500663736265
20.0,9437.190453262767,806.0030077805951,1.708141870766064,9.0,11.0,0.6117034900837925,1.0,0.0,0.0,11.708629325402837
47.0,20875.19809349363,1535.1316112367394,3.456311427799806,30.0,17.0,0.45449314044486755,0.0,1.0,0.0,13.598311663112755
32.0,13296.68410107051,1248.4671541074215,3.0045798356765543,11.0,21.0,0.3977330455618439,0.0,0.0,0.0,10.650407627725565
34.0,10397.613283080484,644.2004557719504,2.106523381850301,16.0,18.0,0.4378110378573963,0.0,0.0,0.0,16.14033829054179
27.0,17203.84574315438,959.3517477768532,1.5056224972420458,16.0,11.0,0.4186366635939803,0.0,1.0,0.0,17.932781988485022
18.0,6529.510915129979,849.6352504300776,2.3422021505935344,8.0,10.0,0.5532266521419849,0.0,0.0,0.0,7.685075344772714
36.0,13910.77334161618,1006.8593173467684,2.605673641165979,14.0,22.0,0.3178246977920207,1.0,0.0,0.0,13.816004979000681
38.0,14909.364147506654,3215.820339703999,8.196269921355974,15.0,23.0,0.3165745541768184,0.0,1.0,0.0,4.636255316700619
54.0,16362.610028836078,1253.4068529876754,4.13650205817128,32.0,22.0,0.4151090319416936,0.0,1.0,0.0,13.054508190882668
37.0,5541.983339169049,691.6106658388491,4.617407355806713,15.0,22.0,0.4107893446775312,1.0,1.0,0.0,8.013154818032225
59.0,24037.309567521515,129726.00959046122,318.41477700893955,27.0,32.0,0.3708280952697136,1.0,1.0,0.0,0.185292908056034
49.0,33058.686064580455,1729.6638363495056,2.5637294784057345,25.0,24.0,0.5867259786354869,1.0,1.0,0.0,19.112780975031285
6.0,3236.3757665582925,186.26184843023648,0.3453156157357754,4.0,2.0,0.30950516950751744,1.0,0.0,0.0,17.375408833497442
24.0,19490.761296903,3330.507729569061,4.101029420659846,15.0,9.0,0.6696939077561737,1.0,0.0,0.0,5.8521891794032666
24.0,15604.590263948081,781.9788617286482,1.2026905137552288,9.0,15.0,0.6029947305852179,0.0,0.0,0.0,19.95525841894557
2.0,1209.585924109618,189.68847096491092,0.3136419946429875,1.0,1.0,0.46118308084537424,1.0,0.0,0.0,6.376697107402856
12.0,10518.357654366517,1142.810135382974,1.3037892487809322,8.0,4.0,0.6435737679739071,0.0,0.0,0.0,9.203941519858542
46.0,22106.260525970454,1297.878052641651,2.7007005708350142,28.0,18.0,0.5472614069574583,0.0,1.0,0.0,17.03261757217962
22.0,11277.532963421789,1840.7198166845249,3.5908417291624075,11.0,11.0,0.5280918246397792,0.0,0.0,0.0,6.126697208994415
10.0,4977.0711566797245,550.6658221609723,1.1064053633670154,3.0,7.0,0.42520714437842666,0.0,1.0,0.0,9.038278673530627
18.0,14557.63223226078,1092.2212979393069,1.3504932017268276,11.0,7.0,0.5652418694474585,0.0,0.0,0.0,13.328463984108947
17.0,8508.55207596091,3207.351920804691,6.408256324566479,9.0,8.0,0.355877884433802,0.0,1.0,0.0,2.652827717709943
12.0,4444.1343022149495,524.3265755021234,1.4157805498563802,5.0,7.0,0.5099597177513356,0.0,0.0,0.0,8.47588985539977
7.0,4322.745753147993,694.6705013021937,1.1249085157446863,2.0,5.0,0.34644402429585686,1.0,0.0,0.0,6.222728250364447
46.0,15490.409738275343,1143.0646975057548,3.3944212563559297,18.0,28.0,0.4780587765014882,1.0,0.0,0.0,13.55164740200312
49.0,29728.02082361647,10760.926527315358,17.736982995503276,27.0,22.0,0.5465084838808713,1.0,1.0,0.0,2.762589331704417
30.0,17483.04560485101,3725.350874124657,6.392508991266921,10.0,20.0,0.3622013750156022,0.0,1.0,0.0,4.6929930080637
37.0,17098.42025823193,1200.5669123548937,2.5979578865331057,21.0,16.0,0.388847844831043,0.0,0.0,0.0,14.241955264862032
55.0,33723.92729295509,10649.62927014383,17.368368896355353,35.0,20.0,0.6253030900468306,1.0,0.0,0.0,3.16667617599609
50.0,10122.100696916481,1195.1542019677831,5.903686585196024,21.0,29.0,0.4022851468936711,0.0,1.0,0.0,8.4692842816858
3.0,1597.7772727949914,111.95211504583273,0.21020222959485757,1.0,2.0,0.3382224232273891,1.0,0.0,0.0,14.271970405747744
57.0,23224.474614799256,1515.8495996736135,3.720360895756815,20.0,37.0,0.43227604850839746,0.0,0.0,0.0,15.321094269378607
5.0,5362.263577284521,2759.956825560071,2.5734997783881113,2.0,3.0,0.6740559761228206,0.0,0.0,0.0,1.9428795144997857
3.0,1593.4950417841246,93.4748541971892,0.17598081904139212,2.0,1.0,0.5775130246277606,0.0,0.0,0.0,17.04731240791859
25.0,9518.039751082815,656.7223675578236,1.7249412293195978,14.0,11.0,0.5301737281002319,1.0,0.0,0.0,14.493247407542828
45.0,10095.284375522264,1480.4798921798342,6.599278699828203,29.0,16.0,0.6361678485991048,0.0,0.0,0.0,6.818927044431609
6.0,4566.487436153119,298.7001041304079,0.3924680949724074,4.0,2.0,0.5640749000127457,0.0,1.0,0.0,15.28786690398829
18.0,7739.882209714399,530.8720534072223,1.2346049594057849,7.0,11.0,0.6244581795223045,0.0,0.0,0.0,14.579562363546147
17.0,5809.402971943575,482.5975376672616,1.4122205293668397,10.0,7.0,0.5628628008774212,0.0,1.0,0.0,12.037779968842292
25.0,14181.4960700453,1267.1441173692622,2.233798379082466,12.0,13.0,0.6457031280683103,1.0,0.0,0.0,11.191699409446596
59.0,37166.68221058671,2527.0848330073227,4.011603841920611,29.0,30.0,0.5496032702061301,1.0,0.0,0.0,14.70733460354673
21.0,13162.60231948002,658.6163382005915,1.0507757331347227,9.0,12.0,0.40594994774355325,0.0,0.0,0.0,19.985235039023816
14.0,7055.301184566213,608.6292052632854,1.2077172399564808,6.0,8.0,0.31644725714047967,0.0,1.0,0.0,11.592117373851913
9.0,4786.542246396096,295.7591109222634,0.5561074908102042,5.0,4.0,0.3421280987680235,0.0,1.0,0.0,16.183921541656847
13.0,7103.296396769827,476.78695914005027,0.8725850819964733,7.0,6.0,0.5049783142471694,0.0,0.0,0.0,14.898260660445878
9.0,5105.513278131972,298.16040919388325,0.5255972390158546,4.0,5.0,0.6887073522379914,1.0,0.0,0.0,17.12337762057482
35.0,20474.19637131038,1072.353320940689,1.8331545498663195,12.0,23.0,0.6037846744898894,1.0,1.0,0.0,19.092770984613562
26.0,18691.154306788838,4790.13492026702,6.663232558178973,14.0,12.0,0.6101770680826045,1.0,0.0,0.0,3.902009988843263
30.0,15338.489172155103,4577.396755051128,8.952765889147848,18.0,12.0,0.5655148487787843,1.0,0.0,0.0,3.3509197460825697
50.0,16831.96734169638,1432.786005081182,4.256145392855727,26.0,24.0,0.6613952530555687,1.0,0.0,0.0,11.747718976877273
35.0,16489.95807827176,1829.486241999061,3.8830916468089676,11.0,24.0,0.5941837278168267,1.0,1.0,0.0,9.013436504585764
10.0,6507.561637469994,569.0458601291185,0.8744379105878923,4.0,6.0,0.40334536434847257,1.0,0.0,0.0,11.435917723737425
23.0,3281.97139142971,205.49628336452102,1.4401144780622348,14.0,9.0,0.49979291406830295,1.0,0.0,0.0,15.970952552985896
20.0,2876.9912185121552,154.36403741048994,1.0730935598080815,12.0,8.0,0.4617371985267475,1.0,0.0,0.0,18.637703876982467
49.0,33499.10598964478,3998.725523081103,5.849038200946083,15.0,34.0,0.36615632724349817,1.0,0.0,0.0,8.377445712711236
19.0,15276.466704035047,1062.8766263006626,1.321945466249632,9.0,10.0,0.388950825896279,0.0,0.0,0.0,14.372756278595308
10.0,2469.5999299610526,621.1042798687239,2.5149995848862825,5.0,5.0,0.41406271529308075,1.0,1.0,0.0,3.9761437974361167
44.0,22884.041583329476,2135.8387628619435,4.106656825618847,25.0,19.0,0.3694574659969145,1.0,1.0,0.0,10.714311389622745
26.0,10922.365412831521,22520.094185083417,53.607659758782745,9.0,17.0,0.38692335969429253,0.0,0.0,0.0,0.4850053167213725
7.0,3134.8378428617266,310.3853988444407,0.6930813971314305,4.0,3.0,0.666557344409512,1.0,0.0,0.0,10.099823814305285
42.0,23566.460473553892,2156.2323651678844,3.8428239759924443,29.0,13.0,0.43729568328373797,1.0,1.0,0.0,10.929462359553723
14.0,3379.963358769903,229.58378559370658,0.9509490657560417,6.0,8.0,0.6310066758333605,0.0,0.0,0.0,14.722134448777709
52.0,14484.937994879028,1113.607385167321,3.9977792137717953,23.0,29.0,0.32575597773104153,1.0,1.0,0.0,13.007221564629484
50.0,21987.488270787748,3053.8115171551035,6.944430122135306,16.0,34.0,0.6927237558371322,1.0,0.0,0.0,7.20001484940074
23.0,10831.272249686863,65911.12646075214,139.9610196891807,7.0,16.0,0.6059166965158558,0.0,0.0,0.0,0.1643314692267704
34.0,9343.505281347636,3969.2994145248617,14.443849072709064,23.0,11.0,0.6626864268294437,0.0,1.0,0.0,2.353943178777831
34.0,22369.604188566453,1149.3659695983565,1.7469438724498256,23.0,11.0,0.5103645486318256,0.0,1.0,0.0,19.462560037673175
39.0,16243.02440973394,880.354649784897,2.113758526462337,12.0,27.0,0.5538151672801351,0.0,0.0,0.0,18.45054650839035
6.0,2493.8188727197858,381.5740849897534,0.9180476316796926,4.0,2.0,0.4443276117357068,0.0,0.0,0.0,6.535608603468849
20.0,11130.635160919603,2134.711778094337,3.83574117241656,7.0,13.0,0.4728124883895337,1.0,0.0,0.0,5.2141161514815595
11.0,5216.401792651502,595.7173275678971,1.2562089470328222,6.0,5.0,0.600297125731423,0.0,1.0,0.0,8.756505059116247
42.0,28034.805228408833,2029.4041638956594,3.0403269860154247,24.0,18.0,0.3199874559995621,1.0,1.0,0.0,13.814303590760852
6.0,1879.8929546392003,262.2358014113056,0.8369704267389056,3.0,3.0,0.31462053415983493,0.0,0.0,0.0,7.168712069526574
31.0,6836.203098206462,4909.258814875097,22.261922455325475,16.0,15.0,0.6499684190914006,1.0,1.0,0.0,1.3925122622365531
44.0,19273.869438572252,2383.6800061482104,5.441663938047854,24.0,20.0,0.3440030560197862,0.0,0.0,0.0,8.085762094265709
57.0,29186.692371459147,5560.693484217136,10.85972759661943,22.0,35.0,0.5884119797359493,0.0,0.0,0.0,5.248750439904566
18.0,4533.278601248927,693.9732281837357,2.7555152034701345,13.0,5.0,0.3798171189190061,1.0,0.0,0.0,6.532353723663674
2.0,444.8985753198963,134.77702891434254,0.6058775477868571,1.0,1.0,0.44648355456741057,1.0,1.0,0.0,3.300997053456723
43.0,23067.760928106673,1748.3709848811782,3.2590918808373996,13.0,30.0,0.41741992777633447,0.0,1.0,0.0,13.193859385440666
2.0,696.8877730740153,66.01637159619588,0.18946055346901428,1.0,1.0,0.4961341959481565,0.0,1.0,0.0,10.556287118242237
5.0,1047.4882829930802,192.0686134529329,0.916805546044479,2.0,3.0,0.630664594634723,0.0,1.0,0.0,5.453719190042317
59.0,40891.02724930594,3684.0235230766775,5.315527695998718,27.0,32.0,0.65021363633909,1.0,1.0,0.0,11.099556502059515
52.0,19429.33540155824,1966.6271591480422,5.263412780835341,21.0,31.0,0.38881781007755495,1.0,1.0,0.0,9.879521550986398
43.0,31388.37979324208,1970.4315190246978,2.6993605874586772,13.0,30.0,0.43505939966379575,1.0,1.0,0.0,15.929698388492257
50.0,25284.70791109427,1322.2915188330376,2.6148048130167454,20.0,30.0,0.6347667436753167,0.0,0.0,0.0,19.12188617333702
6.0,3353.7106344663644,1262.2756232437457,2.2582907605764797,3.0,3.0,0.33585400077420513,1.0,1.0,0.0,2.656876654124186
7.0,3203.900355464406,181.17433645766943,0.39583639142855215,4.0,3.0,0.34675873541411534,1.0,0.0,0.0,17.68407390421426
19.0,760.0,53.85984098833742,1.3464960247084354,9.0,10.0,0.491832567875261,0.0,0.0,0.0,14.110698918783797
3.0,817.9281053677774,58.98615036877488,0.21634963995613787,2.0,1.0,0.61605774244479,1.0,1.0,0.0,13.866443228693202
53.0,25167.47972698152,3347.940088153573,7.050401017385496,35.0,18.0,0.4343904724339537,1.0,0.0,0.0,7.517302897992321
5.0,2864.7291372927043,414.5192005273254,0.7234875980614773,2.0,3.0,0.3277727637961007,1.0,1.0,0.0,6.910968499525174
33.0,4688.151452238403,28848.791851274884,203.06727305866468,23.0,10.0,0.6871470188825908,0.0,0.0,0.0,0.16250772220921358
51.0,24953.262579823295,1270.2101693181478,2.5960821126294693,33.0,18.0,0.6755645289028421,0.0,0.0,0.0,19.64498724901429
44.0,12124.076032516523,997.8834761377664,3.62146136598817,30.0,14.0,0.5607605665234403,0.0,0.0,0.0,12.149791355842323
15.0,8203.860495268962,1015.7747961780241,1.857250248399163,9.0,6.0,0.5727505652447259,0.0,1.0,0.0,8.076456047282313
29.0,14387.475442941013,1320.171339238499,2.660992819049459,11.0,18.0,0.6734781405408525,1.0,0.0,0.0,10.898187996748963
33.0,21407.110576035186,24935.064940079214,38.43849640986979,12.0,21.0,0.557545365893626,1.0,1.0,0.0,0.8585143302204361
46.0,32814.77095772517,9337.40136026062,13.089241522524533,31.0,15.0,0.6153649717251994,1.0,0.0,0.0,3.514336558068793
26.0,15386.747476224951,1232.316985971122,2.082327124998743,13.0,13.0,0.48540634746216726,0.0,1.0,0.0,12.486030503019881
18.0,12097.416920294068,1173.421764711316,1.7459588194708806,12.0,6.0,0.3912010392595311,1.0,0.0,0.0,10.30952150718822
48.0,20636.71223113115,1310.0892114396202,3.047204489009581,28.0,20.0,0.6330128607158296,0.0,1.0,0.0,15.752142717406281
53.0,56425.04455943174,4277.243857141365,4.017611792751332,20.0,33.0,0.5737527717912184,1.0,1.0,0.0,13.191916674384474
30.0,7687.085421030713,638.0043153077845,2.4899072159220466,14.0,16.0,0.4158248685171415,0.0,0.0,0.0,12.048641735788774
3.0,1183.3465332544074,72.53319737064291,0.18388492803835937,2.0,1.0,0.5493102204643322,1.0,0.0,0.0,16.314550800891002
31.0,21088.423213030735,14936.741729339295,21.95702300413821,10.0,21.0,0.6265935928578089,1.0,0.0,0.0,1.4118489557604175
53.0,34478.84583152652,2492.472225963522,3.8313645596360724,31.0,22.0,0.4081380905350834,0.0,0.0,0.0,13.83319158880414
59.0,35251.190425879715,2460.638347593523,4.118376166991384,41.0,18.0,0.6072608434887629,1.0,1.0,0.0,14.32603473011586
25.0,15876.593289965542,2866.0631028373905,4.513032252090289,9.0,16.0,0.3289373555967287,1.0,0.0,0.0,5.539512816116219
10.0,832.8856907879185,210.6859080478717,2.5295897189512364,4.0,6.0,0.5499795296563706,1.0,1.0,0.0,3.9532102479235185
35.0,28625.090861764842,6631.771102834191,8.108690020237935,18.0,17.0,0.6995734500817183,1.0,0.0,0.0,4.316356885347183
50.0,22961.09041133385,5736.0992672893935,12.490912157329408,32.0,18.0,0.6465498949595799,1.0,1.0,0.0,4.002910225468285
56.0,41954.01484143354,3995.8279745101686,5.33361032116476,28.0,28.0,0.6502632209159873,1.0,1.0,0.0,10.499454708526711
5.0,466.4734210320441,169.27307714272717,1.8143914477294416,2.0,3.0,0.5721428611353093,0.0,0.0,0.0,2.7557449117482777
18.0,9923.646612532288,751.6346523449308,1.3633520287917986,6.0,12.0,0.4844748510383381,0.0,1.0,0.0,13.202752935316042
29.0,11231.686780959879,5233.018602071488,13.511553733615042,13.0,16.0,0.57088621278374,1.0,0.0,0.0,2.146311266027952
7.0,4300.968212213825,7333.925317558295,11.936260555732702,3.0,4.0,0.42847693484485205,0.0,1.0,0.0,0.5864483241896112
53.0,29860.946796169763,4651.353496289092,8.255657028763167,21.0,32.0,0.5211074149675808,1.0,0.0,0.0,6.419840336795128
8.0,4585.676475998685,1182.6064358674319,2.063131042160805,5.0,3.0,0.515871964179723,1.0,1.0,0.0,3.8776014884741685
40.0,11528.46649414807,583.0170137679916,2.0228779397986196,12.0,28.0,0.5174921403693987,0.0,1.0,0.0,19.773808005431142
55.0,26873.339670995276,4409.241422653183,9.024121349073232,35.0,20.0,0.46479503618074586,0.0,0.0,0.0,6.094776197313487
41.0,19022.630206979404,4245.953623980997,9.15142105424251,27.0,14.0,0.44112073214452274,0.0,0.0,0.0,4.480178516208999
46.0,27556.852383708378,6931.568481856624,11.570702841007714,25.0,21.0,0.43214180574158423,0.0,0.0,0.0,3.9755579788093303
17.0,11863.609784473789,1580.0522580001655,2.2641412583509237,9.0,8.0,0.3898923433117892,0.0,0.0,0.0,7.508365450829631
49.0,25974.664035684422,2140.1777377604576,4.03734612336822,18.0,31.0,0.47541889797513937,1.0,0.0,0.0,12.136685461864978
26.0,6363.904100379287,406.6442223402435,1.6613622100647616,14.0,12.0,0.34709826145419176,1.0,1.0,0.0,15.649808237173334
5.0,2607.5788095667676,356.06627928688175,0.6827526707544457,2.0,3.0,0.6606294169283752,1.0,0.0,0.0,7.323296142474215
23.0,23510.950650682607,1875.1574142129314,1.8344056421914714,9.0,14.0,0.3278735198854474,0.0,0.0,0.0,12.538121051853649
22.0,18242.423438746257,1887.0636415682995,2.2757612361044837,12.0,10.0,0.6349674858994266,1.0,0.0,0.0,9.66709497067378
32.0,1280.0,75.57158914880421,1.8892897287201051,10.0,22.0,0.39649936334575225,0.0,0.0,0.0,16.937582157755298
17.0,8715.36672256247,764.3460472527383,1.4909163569282513,7.0,10.0,0.6412876717911676,1.0,0.0,0.0,11.402383454310781
28.0,19219.86934142993,3294.831626023231,4.799995457294134,16.0,12.0,0.5881064778988914,1.0,1.0,0.0,5.833338853988048
26.0,12051.899534646507,855.5598094145489,1.8457302088214531,13.0,13.0,0.668390048504824,0.0,0.0,0.0,14.086565780706206
20.0,8159.636319424466,497.22692541017346,1.2187477626337273,7.0,13.0,0.6480931896574238,1.0,0.0,0.0,16.410286536058766
42.0,18757.500593298697,2009.2569233500446,4.498935791629435,13.0,29.0,0.5804350094273637,1.0,0.0,0.0,9.335541102441104
19.0,11598.320044651678,587.4177701972296,0.962289158324614,8.0,11.0,0.36067152923675044,0.0,0.0,0.0,19.744584915702262
46.0,12434.076235749919,706.964318742796,2.615422170942421,24.0,22.0,0.5196181279218521,0.0,0.0,0.0,17.587982739866703
16.0,11803.803685149986,2966.342039225717,4.020862587482825,8.0,8.0,0.43593122145018054,1.0,0.0,0.0,3.9792456598265544
52.0,25417.67288634008,1614.2530539680115,3.302472227953178,18.0,34.0,0.6543102542561696,0.0,1.0,0.0,15.745779649516935
23.0,7198.888339086872,597.9651049155639,1.9104612775258665,13.0,10.0,0.648891397621914,1.0,0.0,0.0,12.038977324777834
4.0,2899.4801291189565,270.48687724144924,0.37315224136216457,3.0,1.0,0.4256149809594843,0.0,1.0,0.0,10.719485391266302
10.0,1909.7381897767173,185.35614138775054,0.9705840432997886,5.0,5.0,0.5686798317111978,0.0,1.0,0.0,10.303074802262389
48.0,18669.983068784793,1093.3750629204837,2.811036454978382,25.0,23.0,0.43531393082288533,1.0,0.0,0.0,17.07555229850946
52.0,20054.57932103429,1638.8594682914581,4.24943804539305,29.0,23.0,0.5712761981565277,1.0,1.0,0.0,12.236912138623799
14.0,13003.037427061166,1206.5282188594588,1.299034564714782,9.0,5.0,0.5455484177574739,1.0,1.0,0.0,10.777234401821987
36.0,13067.850465796011,12752.168745454781,35.13034343620399,24.0,12.0,0.5043791809808317,1.0,0.0,0.0,1.024755139823079
35.0,2415.243456499265,268.5500922662602,3.891638006109207,11.0,24.0,0.6513624056270508,1.0,0.0,0.0,8.99364225168322
9.0,3452.7327924975452,190.07163340609165,0.4954465936002608,3.0,6.0,0.39842010627289887,1.0,0.0,0.0,18.16542916280788
28.0,16551.081945466758,1161.5489035105925,1.9650298032150428,10.0,18.0,0.6189866657195674,1.0,0.0,0.0,14.249147750425148
42.0,27586.310191302277,25865.4346564708,39.37997680872485,26.0,16.0,0.5758030891889172,1.0,0.0,0.0,1.0665318622202609
58.0,55407.86044393616,3132.928271511987,3.2794956941453526,18.0,40.0,0.4125071479082782,0.0,0.0,0.0,17.685646028913293
51.0,39850.35522405598,2409.039328043112,3.0830592359696887,34.0,17.0,0.46867430184435954,1.0,1.0,0.0,16.542011066472227
7.0,3763.0916314812134,343.46215886979246,0.6388989021620506,2.0,5.0,0.3276056682092322,1.0,0.0,0.0,10.956350020812083
15.0,4825.753597275668,9709.980104636534,30.181752680404806,8.0,7.0,0.5390306630813142,1.0,1.0,0.0,0.49698903038651554
27.0,22269.748129275737,1975.9376841335363,2.3956408111087404,11.0,16.0,0.6551563783902044,0.0,0.0,0.0,11.270470879774324
10.0,4262.872899347538,3742.47584685428,8.779233946728958,5.0,5.0,0.3471273693592084,1.0,1.0,0.0,1.1390515460322008
35.0,12892.899346497767,2001.518088256683,5.433466220925177,17.0,18.0,0.3527993840023929,0.0,1.0,0.0,6.441560244767734
2.0,833.170479138372,66.14171785332492,0.15877115070549727,1.0,1.0,0.4898267409830658,0.0,0.0,0.0,12.596746897109641
8.0,1996.3388177651047,109.31286159670586,0.4380533429453875,4.0,4.0,0.41249204162313496,0.0,0.0,0.0,18.26261602344938
4.0,1627.9839270632197,226.48563247073886,0.5564812494907236,2.0,2.0,0.41077156456551966,0.0,1.0,0.0,7.1880229633266
19.0,8614.18834608202,500.60735884505834,1.1041713317520192,11.0,8.0,0.5554680536467234,1.0,1.0,0.0,17.207474468524893
46.0,29722.04077347149,1617.8516100097615,2.503905254274259,31.0,15.0,0.4641025509857157,1.0,1.0,0.0,18.3713021574903
12.0,5068.587995757555,10788.237146400574,25.541402431044872,7.0,5.0,0.6378590235557321,0.0,0.0,0.0,0.4698254151234205
59.0,14543.980946305519,3013.3064790082612,12.223962814434834,35.0,24.0,0.47156244829743343,1.0,0.0,0.0,4.826585363163003
17.0,3047.1746721272207,214.41230368196162,1.1961930492316613,8.0,9.0,0.5461101926564285,1.0,0.0,0.0,14.2117528695886
4.0,2167.655798018493,143.08885873037866,0.2640435051749077,3.0,1.0,0.4591565515473341,0.0,0.0,0.0,15.14901870943699
21.0,10805.028584570744,1371.4199575963316,2.665408877367362,10.0,11.0,0.4024093988678901,1.0,1.0,0.0,7.878716161830228
45.0,17511.185599081487,1331.4208272078129,3.421466632590213,30.0,15.0,0.48853284258270135,0.0,0.0,0.0,13.152254524818456
8.0,3252.0696632126865,265.2030646110713,0.6523920876875187,5.0,3.0,0.5881921704363877,1.0,1.0,0.0,12.262564416372602
6.0,3466.184319359004,234.06704699421678,0.40517241801642406,2.0,4.0,0.6811236562701877,0.0,1.0,0.0,14.808510483941145
51.0,39683.57178763134,2758.2485474268697,3.544808836048747,16.0,35.0,0.31686673036223917,1.0,0.0,0.0,14.38723563351518
36.0,12382.958994163286,7023.312082215752,20.418321265453837,21.0,15.0,0.5127307790723914,0.0,0.0,0.0,1.763122419907709
21.0,10873.391912104818,3390.421893233377,6.5479898391815246,12.0,9.0,0.5543864036743732,1.0,1.0,0.0,3.207091109754215
45.0,31124.433636047914,11536.512708232354,16.679598990973805,24.0,21.0,0.33428821069554115,0.0,0.0,0.0,2.697906587823354
50.0,17238.8570980275,924.1879585486546,2.6805372110614045,35.0,15.0,0.6316684095689428,0.0,0.0,0.0,18.65297739336424
22.0,10931.218695921458,598.145746712894,1.2038187867006536,11.0,11.0,0.4103807994632198,1.0,1.0,0.0,18.275175834642138
34.0,16741.62989900387,1049.0811333495908,2.130542769674318,15.0,19.0,0.6499647783831269,1.0,0.0,0.0,15.958374778459552
2.0,475.48190598259237,199.90534043541032,0.8408536178566128,1.0,1.0,0.5210427847000864,0.0,1.0,0.0,2.378535285485388
19.0,10140.295420109365,881.2501824517115,1.6512096317606033,6.0,13.0,0.3608315710727807,0.0,1.0,0.0,11.506715824895739
36.0,18227.121685951905,4815.300684613307,9.510597867993871,19.0,17.0,0.5956883560876362,1.0,0.0,0.0,3.7852509904925355
13.0,7943.219048949751,1073.5153957851992,1.7569325558323619,9.0,4.0,0.3628914010480216,0.0,1.0,0.0,7.399259554298109
59.0,15494.739599003593,2880.8818879104874,10.969660399949477,18.0,41.0,0.5881513755393191,1.0,0.0,0.0,5.378470968916388
58.0,29115.656469030208,1755.311548714211,3.496677807478448,37.0,21.0,0.6232792877557579,1.0,1.0,0.0,16.587173080674944
16.0,12421.549003698587,4236.825853867071,5.457388095614203,10.0,6.0,0.5302116580512266,1.0,0.0,0.0,2.9318054204095003
24.0,21971.999193178977,1697.8234515913077,1.8545314188269761,8.0,16.0,0.4084369783972571,0.0,1.0,0.0,12.941274413771012
12.0,9072.310245531862,461.02186209188164,0.6097964239954464,8.0,4.0,0.4749351054581643,1.0,0.0,0.0,19.67869854233453
31.0,8202.156664968497,596.2282706083741,2.253441033112794,19.0,12.0,0.5112081819884025,0.0,0.0,0.0,13.756738935909988
9.0,5311.894827678528,3257.416093749451,5.519074792479926,4.0,5.0,0.566312439889129,0.0,1.0,0.0,1.630708105688846
24.0,9680.896440186654,533.0421184585077,1.3214696512916655,10.0,14.0,0.553570215306761,0.0,0.0,0.0,18.161597564152373
34.0,18930.524033283462,1469.825137229904,2.6398664177469593,14.0,20.0,0.46016973174502523,1.0,1.0,0.0,12.879439569907444
37.0,12785.596377250766,1396.8132857475596,4.042212036711634,20.0,17.0,0.6032665469841918,0.0,1.0,0.0,9.15340404312381
36.0,5662.991218663439,428.6616539815812,2.7250297497334084,14.0,22.0,0.6085665459742018,1.0,1.0,0.0,13.210864946895315
14.0,6035.351731640469,343.1724709263147,0.7960455010071995,6.0,8.0,0.5785324796331983,1.0,1.0,0.0,17.58693439292911
47.0,30292.465348134145,3165.7908299194964,4.911854063254087,32.0,15.0,0.4088618816827537,0.0,1.0,0.0,9.568688196909225
42.0,23419.197945980013,2199.013890218615,3.9437124876018865,25.0,17.0,0.48775851468586495,1.0,1.0,0.0,10.649863582103974
45.0,26126.53073922918,2878.5360782763805,4.9579534617637036,27.0,18.0,0.4731028008573196,1.0,1.0,0.0,9.076325614398174
29.0,15754.831873280393,10515.847590901658,19.356574706033403,20.0,9.0,0.6267168943779462,0.0,1.0,0.0,1.498198955157121
53.0,30787.991233364537,1954.538813993457,3.3646416343458454,16.0,37.0,0.6232719923737926,1.0,0.0,0.0,15.752049032200802
24.0,14541.656443616172,5654.0206354173115,9.331570703527838,10.0,14.0,0.6464323618503119,0.0,0.0,0.0,2.5719142856546866
48.0,21363.058282035665,2696.7866224338363,6.059327094832481,27.0,21.0,0.3924703125493966,1.0,0.0,0.0,7.92167170525179
13.0,6715.515459691002,864.6086473614868,1.6737229603841168,6.0,7.0,0.5993818267949531,0.0,1.0,0.0,7.767115769874197
16.0,13578.426799583009,2408.883329524043,2.838482973120885,6.0,10.0,0.6481596834702814,0.0,1.0,0.0,5.636813802130422
32.0,16908.99858560729,2092.69339995712,3.9603876279006,20.0,12.0,0.36659629642534486,0.0,1.0,0.0,8.080017161593647
34.0,17289.431775886642,1396.6425615050373,2.7465244495425924,11.0,23.0,0.3159748242499604,0.0,1.0,0.0,12.379281752129451
45.0,23425.960565037596,3740.8653603034063,7.185999513074102,23.0,22.0,0.34220341938236903,0.0,0.0,0.0,6.262176878543849
19.0,8671.947630398365,2483.650748311734,5.441610838666377,10.0,9.0,0.5424809506807466,1.0,1.0,0.0,3.491613157080615
52.0,21472.29797730365,1234.47417784374,2.989556931248184,29.0,23.0,0.468659148182234,1.0,0.0,0.0,17.393881834619968
21.0,11376.449802334813,585.8679862679813,1.0814645979541517,9.0,12.0,0.378020545571156,0.0,1.0,0.0,19.418111364649853
32.0,12763.422707461432,1387.5174858238788,3.4787345498169375,10.0,22.0,0.5113214287027313,1.0,0.0,0.0,9.198747286332596
56.0,26370.232789855185,4011.2654787645674,8.518349784808606,37.0,19.0,0.6142090057098566,0.0,0.0,0.0,6.574043261274487
33.0,11282.602936926505,11313.517670679741,33.090421174932764,22.0,11.0,0.6423270722787917,0.0,0.0,0.0,0.9972674516756751
41.0,21385.696797181405,27236.394840449902,52.216778300421055,20.0,21.0,0.6006883931181983,1.0,0.0,0.0,0.78518823517056
54.0,33309.3053971011,4222.784365792108,6.8458454186985,17.0,37.0,0.6542045579208737,0.0,0.0,0.0,7.88799581312577
58.0,26541.787625033383,1426.3391771095598,3.1168839658082534,31.0,27.0,0.5416741594873573,1.0,0.0,0.0,18.608328265104266
30.0,2949.7293786641058,201.65455931614596,2.0509124746298526,13.0,17.0,0.6348294723132657,0.0,1.0,0.0,14.62763544086121
26.0,16069.932029088452,2289.840977675422,3.7047988324900265,10.0,16.0,0.46687483694501675,0.0,1.0,0.0,7.017924906471961
13.0,6812.477991175377,351.8382842717095,0.671399995927631,5.0,8.0,0.6409914470630749,1.0,0.0,0.0,19.362526182382116
33.0,9944.672429911165,1155.8572609837502,3.835550128100548,12.0,21.0,0.6583252755268071,0.0,1.0,0.0,8.603720169951828
55.0,36005.972665556,6461.930037853084,9.870755482239975,24.0,31.0,0.5745632242873637,0.0,1.0,0.0,5.5720152422941815
30.0,6609.448795704915,772.5156688583049,3.5064149495808934,12.0,18.0,0.4724185218597486,1.0,1.0,0.0,8.555747232250926
22.0,15599.793507427661,3653.1015656228756,5.151878094119442,14.0,8.0,0.4126695651844298,1.0,1.0,0.0,4.270287378327463
8.0,3908.2134085644593,220.57255692606805,0.4515056551266219,4.0,4.0,0.4300717891790264,1.0,1.0,0.0,17.718493465505876
24.0,1109.4476381888135,152.91320737520175,3.3078775876219138,11.0,13.0,0.3529420408293771,1.0,0.0,0.0,7.255407542832921
15.0,8034.988761789712,609.7977797216153,1.1383919712896815,5.0,10.0,0.3188647221043166,0.0,0.0,0.0,13.176480841661713
58.0,24288.168530145143,3109.2868970793024,7.424958362207225,38.0,20.0,0.4657672184392449,1.0,1.0,0.0,7.811491616601912
32.0,12436.164532331928,689.383615072853,1.7738809763233916,10.0,22.0,0.3170674742232184,1.0,0.0,0.0,18.03954178838105
9.0,3172.0936293788072,246.55820733113097,0.6995455132308726,4.0,5.0,0.6522352106792908,1.0,1.0,0.0,12.865495996726821
5.0,2372.784209140127,242.35267492898436,0.5106926158633079,3.0,2.0,0.5599832360890595,0.0,0.0,0.0,9.790625211111925
51.0,20551.075452095156,7650.46378856234,18.985558888447446,30.0,21.0,0.6374668984909075,1.0,1.0,0.0,2.6862522351677027
56.0,7205.069276290085,399.3224224132688,3.1036558841606796,35.0,21.0,0.47776666429968484,1.0,1.0,0.0,18.043237423901477
46.0,34703.02455743028,3166.6242878803205,4.197464604315199,21.0,25.0,0.3895811774701399,1.0,1.0,0.0,10.95899652202183
9.0,4060.1562192687506,707.7380071053962,1.5688169912574847,4.0,5.0,0.416111531573984,1.0,1.0,0.0,5.736806810580279
7.0,2475.2909777704317,140.9246513191864,0.3985279177653894,3.0,4.0,0.6418932482496569,0.0,0.0,0.0,17.56464149174325
13.0,3566.098425382139,3138.932063837191,11.442790400691408,7.0,6.0,0.34875729219640594,1.0,1.0,0.0,1.1360865265184357
45.0,29436.588607076294,4660.7599682508235,7.124949204231798,20.0,25.0,0.5793063336751534,1.0,1.0,0.0,6.315834500724955
46.0,11054.42588431197,1027.3891048700102,4.275201563483271,20.0,26.0,0.39027609702807237,1.0,1.0,0.0,10.759726603982845
50.0,26339.87301857967,3856.8943274543126,7.321398863110936,15.0,35.0,0.44126795206585195,1.0,0.0,0.0,6.829296004063695
7.0,2682.8913973769863,280.61227273866876,0.7321525989054674,5.0,2.0,0.30121870118834354,0.0,0.0,0.0,9.560848394808215
10.0,3949.160678875336,741.8898439372165,1.8786013137062225,3.0,7.0,0.4916355077320267,0.0,0.0,0.0,5.323109234003128
54.0,15081.557065460283,5701.572072652721,20.41466213249052,22.0,32.0,0.3513411268561149,0.0,1.0,0.0,2.645157664111298
55.0,20676.486242261737,26331.420355590402,70.04227423310272,37.0,18.0,0.6438589632735687,1.0,1.0,0.0,0.7852400654061917
44.0,22077.549045260348,6909.925091157361,13.771306923047923,26.0,18.0,0.3390911676026153,1.0,1.0,0.0,3.195048969997231
8.0,4376.4995621583885,229.6015211849867,0.41969892682315735,4.0,4.0,0.40014741494226014,1.0,0.0,0.0,19.061282954794994
5.0,1714.4075187170215,148.70014939944653,0.4336779551419794,3.0,2.0,0.3059193623538981,0.0,0.0,0.0,11.529292510067933
5.0,2409.065597562586,245.7038162185269,0.5099566746275445,2.0,3.0,0.6971509512892313,0.0,1.0,0.0,9.804754499295132
42.0,28463.017220151545,3688.2280794990634,5.442345698659417,26.0,16.0,0.5565750911818321,1.0,1.0,0.0,7.717260594148885
51.0,8541.188719119458,602.213890696071,3.595858777449648,20.0,31.0,0.5574307284015368,0.0,0.0,0.0,14.182981912368538
38.0,18952.35580070187,6607.921759307135,13.249066738414232,26.0,12.0,0.5075443394198035,0.0,0.0,0.0,2.8681265443265618
17.0,5267.3345856326105,947.5684044613806,3.0582190316487763,7.0,10.0,0.6472221996826822,0.0,0.0,0.0,5.558790859670635
45.0,13025.842450951217,991.6708963335241,3.42589667447957,25.0,20.0,0.3576752339377524,0.0,1.0,0.0,13.135247287291868
5.0,2761.0115129981004,287.3858129510582,0.5204357381309767,3.0,2.0,0.6171407425864197,1.0,0.0,0.0,9.607334073475299
50.0,19547.485313324407,1268.2181481074074,3.243941938769319,18.0,32.0,0.6228493903807906,1.0,0.0,0.0,15.413346152233819
53.0,13601.886861907939,757.8775356560294,2.953083627114897,24.0,29.0,0.31445134319195867,1.0,1.0,0.0,17.947341386935232
43.0,32888.8354518019,1996.1319586995432,2.6098119025791697,26.0,17.0,0.3530707796848347,0.0,0.0,0.0,16.47628319784459
52.0,35568.93094905102,9548.850105852636,13.959941787836748,20.0,32.0,0.5188595603490471,1.0,0.0,0.0,3.7249438995016035
35.0,3973.858305485815,2119.5819165518838,18.668347328062712,24.0,11.0,0.3360766081772852,1.0,1.0,0.0,1.8748311987632216
29.0,5948.316857588006,1734.0312886633917,8.453972539658771,12.0,17.0,0.41294649048794685,0.0,0.0,0.0,3.4303399808737174
20.0,12373.828285274725,789.0748820139661,1.2753932959502792,11.0,9.0,0.46146924399600653,0.0,0.0,0.0,15.681437297424601
55.0,24366.387836587834,1332.8855546656432,3.008599633160736,30.0,25.0,0.36288702350813473,1.0,1.0,0.0,18.280930235379575
42.0,33604.82701258164,1815.230522751609,2.268712227770833,21.0,21.0,0.5816586752392766,0.0,0.0,0.0,18.51270491069196
13.0,8102.474636206627,1350.546369012965,2.166881549830847,7.0,6.0,0.49802453238385513,0.0,1.0,0.0,5.999404997940389
57.0,31913.906971935576,1897.9641184962552,3.3898687130165936,34.0,23.0,0.5559265763330012,0.0,1.0,0.0,16.81481049137049
5.0,1478.1373081745628,137.52802465572225,0.4652072033333749,3.0,2.0,0.48971981159645284,1.0,1.0,0.0,10.747898923690828
36.0,21538.370123024193,1308.1546312731505,2.1864963066769434,19.0,17.0,0.46499375873246496,0.0,0.0,0.0,16.464697374546734
13.0,3183.013717648786,289.63138101100685,1.1829066058579085,7.0,6.0,0.49695562139525384,0.0,0.0,0.0,10.989878605481021
40.0,30441.956267280548,10282.46553748592,13.510912961316697,18.0,22.0,0.6598059072131952,1.0,1.0,0.0,2.9605697345934074
25.0,14610.69294509121,8961.25105132877,15.333377898307528,8.0,17.0,0.4584155313171761,0.0,1.0,0.0,1.6304300439082935
27.0,9045.914885509,472.4573409667799,1.4101777838456055,10.0,17.0,0.556905038725491,0.0,1.0,0.0,19.146522026726323
40.0,26437.419425058513,3093.9916777721905,4.681230990101209,22.0,18.0,0.6335850064858602,0.0,0.0,0.0,8.54476100081
45.0,42673.72400222702,6059.1238814364515,6.389425367479317,30.0,15.0,0.5484350600915271,0.0,0.0,0.0,7.04288686570149
24.0,10955.437920914635,1530.4639003378877,3.352776390434125,7.0,17.0,0.3904257522692965,1.0,0.0,0.0,7.1582465411277925
59.0,35994.87563835725,4730.104905152246,7.75321999186435,31.0,28.0,0.34878387300297203,1.0,1.0,0.0,7.609741508935667
30.0,12409.02408185399,656.4688008624444,1.5870759776082979,12.0,18.0,0.5363508518592898,1.0,0.0,0.0,18.902686716492045
11.0,5687.77487876036,4371.994603227008,8.455317177739397,6.0,5.0,0.5909581166302773,0.0,0.0,0.0,1.3009565186933585
2.0,397.106175987421,163.73671246355585,0.8246495389119431,1.0,1.0,0.6074948600782752,0.0,1.0,0.0,2.4252726832768676
13.0,6498.623264884751,411.21293612825247,0.822600103402376,8.0,5.0,0.5775208789879074,0.0,0.0,0.0,15.803547733862892
42.0,21366.049570577135,1940.4771738404793,3.8144646735975285,25.0,17.0,0.301381689942851,0.0,0.0,0.0,11.010719352235768
33.0,28373.38532717534,10853.113649899742,12.622841663650954,20.0,13.0,0.6095361179387746,1.0,0.0,0.0,2.614308321320992
21.0,2960.986926645931,4015.0078860523818,28.47535895830798,7.0,14.0,0.5418490757720718,0.0,0.0,0.0,0.7374797287278106
29.0,12870.875937174878,2845.3512467831465,6.411000040671909,15.0,14.0,0.6952725529726022,1.0,1.0,0.0,4.523475248170586
50.0,37881.17217831035,7211.101442898037,9.518054785837517,20.0,30.0,0.6058349121330993,1.0,0.0,0.0,5.253174217319907
35.0,15807.599529408706,47392.00231527584,104.9318132047023,23.0,12.0,0.4720828643082783,0.0,0.0,0.0,0.33354994001410765
5.0,2328.6584670150023,533.9727436637136,1.146524385665254,3.0,2.0,0.5704599836671679,0.0,1.0,0.0,4.361006239827008
4.0,1333.3927800942606,90.21929949970425,0.2706458317355714,1.0,3.0,0.5463742939666522,1.0,0.0,0.0,14.779462792200373
29.0,9090.888794476006,531.1369939472695,1.6943307934676626,12.0,17.0,0.4349573912763771,1.0,1.0,0.0,17.115902108258226
25.0,3370.7311708342386,187.57750613415595,1.3912226800908858,12.0,13.0,0.5134116577741538,1.0,1.0,0.0,17.96980480390587
51.0,19082.004474029625,2437.415843311729,6.514420860663781,35.0,16.0,0.38175239179284054,1.0,0.0,0.0,7.82878495123869
35.0,10574.514614215135,1646.5297954131422,5.449757737531606,12.0,23.0,0.33513206879312524,0.0,1.0,0.0,6.422303831775975
45.0,23562.34950291366,1178.2810251621559,2.250312352159124,24.0,21.0,0.593209777369633,0.0,0.0,0.0,19.997223921747356
35.0,11986.322583033878,778.4164416036817,2.2729719868120672,15.0,20.0,0.4536514777023052,0.0,0.0,0.0,15.398341995885696
22.0,8889.799665786571,825.409102410378,2.0426782307497144,12.0,10.0,0.6022853289329868,1.0,1.0,0.0,10.77017401410571
40.0,16382.35685553872,3191.7681748408563,7.793184345784165,22.0,18.0,0.4953348068802562,1.0,0.0,0.0,5.132690082153462
38.0,18633.944614593172,2884.4919995269565,5.882313071607111,15.0,23.0,0.6239157498986929,0.0,0.0,0.0,6.460043785057838
43.0,16954.708594918367,1641.0664288741402,4.162021189956511,26.0,17.0,0.5958435286649879,0.0,0.0,0.0,10.331518759146276
12.0,3451.7133841508826,317.70409579448045,1.104509188694305,4.0,8.0,0.6056523878886815,0.0,0.0,0.0,10.864554249825476
39.0,20168.978262793138,62464.13220139008,120.78455954054091,24.0,15.0,0.4717325951751047,1.0,0.0,0.0,0.3228889532598725
18.0,12842.9395785526,669.2505660515563,0.9379869861760775,7.0,11.0,0.6844717038986734,0.0,1.0,0.0,19.190031701165914
47.0,24707.582240433276,2142.273817620446,4.07514051550498,25.0,22.0,0.46210183259121734,0.0,1.0,0.0,11.533344634663692
48.0,18145.72379290923,1537.2902622762738,4.06651911113603,21.0,27.0,0.6172575033014884,1.0,1.0,0.0,11.80370697596221
38.0,18064.08732128845,4231.6059481874745,8.901696674241643,21.0,17.0,0.4958355221604514,0.0,0.0,0.0,4.268849118388693
56.0,5032.912972006767,328.70162119063036,3.6573830878970646,23.0,33.0,0.39403426544018505,1.0,1.0,0.0,15.311494217084896
33.0,15579.941853043492,1055.6641075247167,2.2360106267989934,17.0,16.0,0.5515655746815797,1.0,0.0,0.0,14.758427175832264
3.0,1259.7873785457164,646.5748120483546,1.5397236622454964,1.0,2.0,0.4876437682025576,0.0,0.0,0.0,1.948401569425043
37.0,11592.393350751809,972.5049841410276,3.103990981369211,17.0,20.0,0.40562794492178667,1.0,0.0,0.0,11.92013772658541
47.0,16430.2754880795,1246.5153510899934,3.565747972012714,30.0,17.0,0.45301267188028005,1.0,1.0,0.0,13.180965219331103
7.0,2925.6716978444942,174.9847070585012,0.4186706766558788,3.0,4.0,0.3639749350650614,0.0,1.0,0.0,16.719585082748853
8.0,5587.933241610385,1342.7628746978214,1.9223749699784902,4.0,4.0,0.694818165897494,0.0,0.0,0.0,4.161519019408328
17.0,12213.005417052316,695.5484169104274,0.968174718973566,9.0,8.0,0.5572734883119459,0.0,1.0,0.0,17.5588141962878
50.0,15718.748384421895,1698.122176463148,5.401582031003423,24.0,26.0,0.3694179388316916,1.0,1.0,0.0,9.256547380566534
32.0,12684.30481124228,6420.332131427626,16.19723203305476,21.0,11.0,0.6058353344695115,1.0,0.0,0.0,1.9756462051476136
58.0,23285.956495452494,10794.811707260196,26.887410836800374,27.0,31.0,0.5407513989921774,0.0,1.0,0.0,2.157143369141975
52.0,34419.273361721294,8613.003167999374,13.01236548572998,35.0,17.0,0.5890204822371914,1.0,1.0,0.0,3.9961988507797326
34.0,17989.444557894993,3161.102563212558,5.974475020800936,22.0,12.0,0.5337945493652867,0.0,1.0,0.0,5.6908765844069045
41.0,21260.87687365654,2136.064003628855,4.119238574646847,19.0,22.0,0.32418688775456184,0.0,1.0,0.0,9.953295798973004
21.0,12752.302976368996,850.8576791670677,1.4011595627565647,9.0,12.0,0.3812958927469027,1.0,0.0,0.0,14.98758639500397
7.0,2665.0212282246957,705.9319015703753,1.8542153655880722,4.0,3.0,0.6074977326585934,0.0,0.0,0.0,3.7751817452876737
25.0,19319.43287177029,973.1043378095121,1.2592299477271665,15.0,10.0,0.6017401328416359,1.0,1.0,0.0,19.853403300265754
36.0,17987.43846657455,5496.774349786191,11.001226047834649,13.0,23.0,0.6015501325260424,1.0,0.0,0.0,3.272362538817736
12.0,3945.8101291394087,328.60965266758177,0.9993678618466694,5.0,7.0,0.30608588697078204,1.0,1.0,0.0,12.007590456056842
14.0,6357.007317366048,342.0989980439308,0.7534026206846428,5.0,9.0,0.622060316543444,0.0,0.0,0.0,18.58236169563323
2.0,1492.771329683149,89.61006458624773,0.12005866244131054,1.0,1.0,0.4756512779129779,0.0,0.0,0.0,16.6585230863927
44.0,18258.749203342806,1407.1831215829852,3.391034986028275,26.0,18.0,0.5774645805373468,0.0,1.0,0.0,12.97538957318004
54.0,37255.22422968418,2600.8798108841625,3.76987423084248,20.0,34.0,0.40883187130962617,1.0,0.0,0.0,14.324085285978425
49.0,18371.61123083909,6735.937543560711,17.96581342198367,25.0,24.0,0.6078114547279532,0.0,0.0,0.0,2.727402252772017
24.0,8324.81425546893,34289.83232562113,98.85577630447092,15.0,9.0,0.6929127075242135,0.0,1.0,0.0,0.24277792251695218
36.0,22749.1013562789,2611.456875011213,4.132578514995082,24.0,12.0,0.4014155002797277,0.0,0.0,0.0,8.711268247989437
57.0,18536.712808638553,10096.784549484986,31.04739903249942,21.0,36.0,0.6136790561667518,1.0,1.0,0.0,1.8359025804491458
36.0,23922.289801164206,3328.4743605035083,5.008930080443005,15.0,21.0,0.5419801812115668,1.0,1.0,0.0,7.187163610160845
19.0,10836.178796288728,2400.747471817324,4.209436077240762,8.0,11.0,0.40923832677026994,1.0,1.0,0.0,4.5136687317162645
21.0,6830.9054752361135,372.63989061268467,1.1455930302703958,12.0,9.0,0.41774281753225856,0.0,1.0,0.0,18.331117111495818
44.0,21371.30385284986,1213.7877901369234,2.4989894455551838,16.0,28.0,0.5926550687290628,1.0,0.0,0.0,17.607117180210746
27.0,10536.618830978497,642.9507448748217,1.6475560509583373,10.0,17.0,0.413738391438461,1.0,1.0,0.0,16.387909828193617
50.0,28489.765566690596,1993.2407007495228,3.49816971305647,31.0,19.0,0.31911742687498096,0.0,0.0,0.0,14.293188753359052
52.0,45633.101747536355,14608.506149698578,16.646738676389397,27.0,25.0,0.6495841199400798,0.0,0.0,0.0,3.1237349856253385
4.0,1703.4363176900622,1678.3778797029865,3.9411579106847836,1.0,3.0,0.5355797014832033,1.0,1.0,0.0,1.0149301526730738
43.0,26090.47595518316,1992.3902943412008,3.2836803285549796,20.0,23.0,0.6033894531623647,0.0,0.0,0.0,13.095062764201115
23.0,11612.426951670574,902.7739998790969,1.7880673939767715,8.0,15.0,0.5412894954454415,0.0,0.0,0.0,12.863049836643231
32.0,16153.969299604354,2177.0805624829063,4.312660047036197,14.0,18.0,0.5065829742722173,1.0,1.0,0.0,7.420014480851895
17.0,7938.3025895128185,837.3649466501282,1.793230219248396,8.0,9.0,0.6079929524747358,0.0,1.0,0.0,9.480098995390163
23.0,7555.879746782853,770.337606069948,2.3448976867521862,8.0,15.0,0.3128625317612155,1.0,1.0,0.0,9.808530295347888
21.0,11907.58778698631,2461.992077786471,4.341923365034548,7.0,14.0,0.4247545949980256,1.0,0.0,0.0,4.836566248292802
4.0,1769.0066000644892,280.0113818026788,0.6331494337951502,3.0,1.0,0.5509874902174672,0.0,1.0,0.0,6.317623907556338
47.0,14994.879212855974,1785.7697365660238,5.597322687777577,31.0,16.0,0.6775898779268757,1.0,1.0,0.0,8.396871615536856
10.0,7028.346524496597,581.6520129788721,0.827580158365246,3.0,7.0,0.45746028924754856,0.0,1.0,0.0,12.083421646736216
23.0,11955.444264430776,625.3307533848582,1.203017387705293,13.0,10.0,0.6901163621052204,0.0,1.0,0.0,19.11859316004698
13.0,5906.942710907578,547.305633999719,1.2045102839507922,4.0,9.0,0.6021127448145537,1.0,0.0,0.0,10.792767959904848
11.0,8448.124552441855,577.187003311158,0.7515344970366944,7.0,4.0,0.4939585796989501,0.0,0.0,0.0,14.636719995386871
23.0,3054.02493654821,189.10755202405548,1.4241775319193162,15.0,8.0,0.4716633623635205,1.0,0.0,0.0,16.149671992791287
55.0,41501.02884101997,17930.983617754602,23.763365066307237,30.0,25.0,0.35177700757445546,0.0,1.0,0.0,2.314487020105644
56.0,18141.894969674366,1387.0123004148647,4.281398881046801,31.0,25.0,0.5460776562462947,1.0,1.0,0.0,13.079837117701121
24.0,13015.356189194494,1346.2153111272019,2.4823882648618025,11.0,13.0,0.32094146700956966,1.0,0.0,0.0,9.668108869075768
31.0,11854.004724451592,1033.479295298376,2.7027033394177966,12.0,19.0,0.4716297301673956,1.0,1.0,0.0,11.469997297845449
59.0,18608.5877226614,22792.969677089357,72.26691412538538,29.0,30.0,0.39508350509031764,0.0,1.0,0.0,0.8164178685924396
15.0,11441.659577905304,631.124556714331,0.8274034274709756,5.0,10.0,0.682514438682436,0.0,0.0,0.0,18.129003944120335
56.0,48789.62555482719,2560.0542273761944,2.9383918220885525,32.0,24.0,0.44530558223788297,1.0,1.0,0.0,19.05804378403023
8.0,3646.038958958274,30519.884127919035,66.96556887398484,4.0,4.0,0.4957014911117833,1.0,0.0,0.0,0.1194643775080045
15.0,8506.424106582885,1980.452466207091,3.4922767335474267,6.0,9.0,0.45019724061008004,1.0,0.0,0.0,4.2951922612281415
21.0,10739.363256982499,2946.429409614487,5.761516406633741,11.0,10.0,0.35488392083560627,0.0,1.0,0.0,3.6448737654935517
4.0,3384.405469882284,216.43537974568812,0.25580313194945425,2.0,2.0,0.44103281838542235,0.0,1.0,0.0,15.637025119733035
49.0,3791.125614955359,316.40973379890715,4.089570890235198,26.0,23.0,0.6115995356736521,0.0,0.0,0.0,11.981697179280815
51.0,29346.659100956243,8179.55439456843,14.214813096370385,26.0,25.0,0.5484782703421206,1.0,1.0,0.0,3.587806582769798
24.0,8509.79369210912,522.4347524097155,1.4734122249590718,15.0,9.0,0.4749660011699519,1.0,1.0,0.0,16.288720558611267
50.0,2000.0,281.6178050301619,7.040445125754047,15.0,35.0,0.6282282678841253,0.0,1.0,0.0,7.101823692524681
46.0,19683.12310365098,2129.264550035044,4.976149810466012,25.0,21.0,0.3016594994152134,0.0,1.0,0.0,9.244094682047391
48.0,41741.268392741316,5367.432198271825,6.172230874561777,22.0,26.0,0.6306403201253057,1.0,1.0,0.0,7.776766776146876
48.0,17701.927772156156,1693.7155711047783,4.592626772599634,18.0,30.0,0.3238142330475785,0.0,0.0,0.0,10.451535118502528
35.0,23035.358545952276,2392.3289986869336,3.6349125969543805,24.0,11.0,0.6481087635644133,0.0,0.0,0.0,9.62884225313307
8.0,5917.875515301386,1070.5369263487357,1.4471908691972077,4.0,4.0,0.6790288187445334,0.0,1.0,0.0,5.527950853115731
55.0,27360.335171185252,3211.347294874304,6.455480172775799,24.0,31.0,0.6276677996557078,1.0,0.0,0.0,8.519892948002115
37.0,19391.37157624356,1067.14124369778,2.0361749998741776,14.0,23.0,0.30783750822516076,1.0,1.0,0.0,18.171326139593287
54.0,8463.982609355995,839.4527944938429,5.35568809564421,38.0,16.0,0.5104831857996065,0.0,0.0,0.0,10.082738022760939
57.0,20335.73195983183,1109.3079331866622,3.1093324949667878,37.0,20.0,0.6315185131005792,1.0,0.0,0.0,18.331908887926392
12.0,8176.81829839199,741.6591958313485,1.08843195790793,4.0,8.0,0.5180065448379273,1.0,0.0,0.0,11.025034603968395
25.0,12803.39548518534,832.0427949528867,1.624652608590498,13.0,12.0,0.4439746824182852,1.0,0.0,0.0,15.387905000619968
13.0,7455.087747753573,1262.045487880847,2.2007241091689065,5.0,8.0,0.4882781706934537,0.0,1.0,0.0,5.907146627711272
4.0,2106.5260637464407,133.16641201627758,0.2528644944073317,2.0,2.0,0.3322775643536953,0.0,1.0,0.0,15.818749126385937
58.0,54427.24575383861,10224.504119903537,10.895668717768634,29.0,29.0,0.49852545793834724,1.0,0.0,0.0,5.323216179050462
55.0,22764.281856925387,51734.42522658163,124.99376898183851,19.0,36.0,0.31113873116126944,0.0,0.0,0.0,0.44002193427731146
56.0,45980.59248144667,14119.451431051106,17.196152495379607,29.0,27.0,0.5576461791321996,1.0,1.0,0.0,3.256542416394976
53.0,27915.134155391366,57918.237344510446,109.96424241314979,35.0,18.0,0.4561809012322462,1.0,1.0,0.0,0.48197485688913483
39.0,32714.752001730223,1726.9280617985967,2.058710223650274,17.0,22.0,0.3765371922090029,1.0,1.0,0.0,18.943899705734
32.0,8160.140228747838,408.01636404289746,1.6000366762540579,10.0,22.0,0.30695316043892357,1.0,0.0,0.0,19.999541557333
59.0,31678.896050044154,2076.4204770785877,3.8672057244073668,40.0,19.0,0.6688476056917696,0.0,0.0,0.0,15.256493759209437
34.0,14322.929869320404,6489.312148347458,15.404432965661263,12.0,22.0,0.5225276108335548,0.0,1.0,0.0,2.207156866844173
39.0,20587.884219630305,1144.7913588564538,2.1685988962785907,19.0,20.0,0.5587813542594547,0.0,0.0,0.0,17.98396193363636
14.0,10422.653535465157,700.0550186546664,0.9403334983568488,7.0,7.0,0.6117430858079363,0.0,1.0,0.0,14.888334856158783
45.0,25909.286448221508,3879.635757756335,6.738263882640389,18.0,27.0,0.5506361688719249,1.0,1.0,0.0,6.678278082271653
49.0,36459.75036226399,3620.470867935351,4.865723730035333,18.0,31.0,0.4652416134052345,0.0,0.0,0.0,10.070444340588196
41.0,15004.187035153649,1132.2121269791437,3.0938495432898026,14.0,27.0,0.5510352812131887,0.0,1.0,0.0,13.25209885817628
30.0,10062.993254857704,18993.696668483437,56.62439451397213,10.0,20.0,0.4010066318860097,0.0,1.0,0.0,0.5298069896817611
